customer_id,age,price,quantity,gender,payment_method,category,shopping_mall,invoice_date
C100004,61.0,1500.4,5.0,Male,Credit Card,Clothing,Metrocity,26/11/2021
C100005,34.0,1200.34,2.0,Male,Cash,Shoes,Kanyon,3/3/2023
C100006,44.0,107.52,3.0,Male,Credit Card,Toys,Cevahir AVM,1/12/2022
C100012,25.0,26.15,5.0,Male,Cash,Food & Beverage,Kanyon,15/08/2021
C100019,21.0,35.84,1.0,Female,Credit Card,Toys,Metrocity,25/07/2021
C100025,55.0,71.68,2.0,Male,Debit Card,Toys,Metrocity,3/6/2021
C100028,21.0,15.15,1.0,Female,Cash,Books,Kanyon,25/11/2021
C100030,46.0,1200.32,4.0,Male,Cash,Clothing,Mall of Istanbul,13/10/2022
C100034,60.0,600.16,2.0,Male,Cash,Clothing,Kanyon,6/8/2021
C100041,50.0,900.24,3.0,Female,Cash,Clothing,Kanyon,23/04/2021
C100042,28.0,162.64,4.0,Female,Cash,Cosmetics,Metrocity,4/1/2022
C100045,48.0,5.23,1.0,Male,Cash,Food & Beverage,Cevahir AVM,10/1/2022
C100066,46.0,107.52,3.0,Female,Cash,Toys,Mall of Istanbul,2/8/2022
C100067,62.0,600.17,1.0,Female,Cash,Shoes,Cevahir AVM,6/1/2021
C100078,64.0,30.3,2.0,Male,Debit Card,Books,Metropol AVM,1/12/2022
C100088,30.0,5.23,1.0,Female,Debit Card,Food & Beverage,Zorlu Center,5/3/2021
C100090,62.0,81.32,2.0,Female,Cash,Cosmetics,Mall of Istanbul,7/3/2022
C100095,31.0,26.15,5.0,Female,Cash,Food & Beverage,Metrocity,9/10/2022
C100096,40.0,900.24,3.0,Male,Cash,Clothing,Mall of Istanbul,3/10/2021
C100099,64.0,45.45,3.0,Male,Credit Card,Books,Kanyon,23/03/2022
C100102,18.0,900.24,3.0,Male,Credit Card,Clothing,Mall of Istanbul,31/08/2022
C100105,49.0,5.23,1.0,Male,Cash,Food & Beverage,Forum Istanbul,16/07/2022
C100106,54.0,1200.32,4.0,Male,Cash,Clothing,Zorlu Center,24/06/2022
C100110,28.0,1500.4,5.0,Female,Credit Card,Clothing,Metrocity,1/5/2022
C100112,68.0,300.08,1.0,Female,Debit Card,Clothing,Kanyon,25/05/2022
C100113,48.0,1200.32,4.0,Female,Debit Card,Clothing,Istinye Park,15/06/2022
C100115,62.0,40.66,1.0,Male,Cash,Cosmetics,Metrocity,8/6/2022
C100121,64.0,11.73,1.0,Male,Cash,Souvenir,Mall of Istanbul,3/4/2022
C100123,40.0,121.98,3.0,Female,Cash,Cosmetics,Zorlu Center,25/01/2022
C100124,45.0,15.69,3.0,Female,Cash,Food & Beverage,Emaar Square Mall,15/06/2021
C100130,42.0,1800.51,3.0,Female,Cash,Shoes,Zorlu Center,8/2/2023
C100132,53.0,15.69,3.0,Female,Cash,Food & Beverage,Metrocity,8/10/2022
C100138,58.0,1200.34,2.0,Male,Cash,Shoes,Metrocity,28/03/2022
C100139,35.0,1050.0,1.0,Male,Cash,Technology,Zorlu Center,16/03/2021
C100141,33.0,30.3,2.0,Female,Cash,Books,Mall of Istanbul,9/3/2022
C100148,63.0,900.24,3.0,Female,Credit Card,Clothing,Metrocity,3/9/2021
C100152,45.0,600.16,2.0,Female,Cash,Clothing,Mall of Istanbul,6/2/2022
C100154,54.0,15.15,1.0,Female,Debit Card,Books,Viaport Outlet,19/10/2022
C100155,61.0,300.08,1.0,Female,Debit Card,Clothing,Zorlu Center,3/3/2023
C100156,62.0,20.92,4.0,Male,Debit Card,Food & Beverage,Metropol AVM,5/4/2021
C100157,42.0,203.3,5.0,Female,Credit Card,Cosmetics,Mall of Istanbul,25/04/2022
C100159,32.0,179.2,5.0,Female,Debit Card,Toys,Mall of Istanbul,24/02/2022
C100168,48.0,5250.0,5.0,Male,Credit Card,Technology,Istinye Park,19/10/2022
C100172,41.0,143.36,4.0,Male,Cash,Toys,Viaport Outlet,9/3/2022
C100175,22.0,2400.68,4.0,Male,Credit Card,Shoes,Cevahir AVM,10/10/2021
C100176,54.0,900.24,3.0,Male,Credit Card,Clothing,Kanyon,12/7/2021
C100181,33.0,179.2,5.0,Female,Credit Card,Toys,Metrocity,16/02/2022
C100182,37.0,58.65,5.0,Male,Credit Card,Souvenir,Istinye Park,16/10/2021
C100184,29.0,2100.0,2.0,Female,Debit Card,Technology,Emaar Square Mall,24/04/2022
C100188,42.0,143.36,4.0,Male,Cash,Toys,Istinye Park,2/10/2022
C100189,33.0,107.52,3.0,Female,Cash,Toys,Metrocity,5/1/2023
C100190,37.0,35.84,1.0,Female,Cash,Toys,Kanyon,26/01/2023
C100198,63.0,81.32,2.0,Male,Cash,Cosmetics,Kanyon,31/01/2021
C100199,35.0,4200.0,4.0,Male,Debit Card,Technology,Istinye Park,12/12/2021
C100201,64.0,300.08,1.0,Female,Credit Card,Clothing,Metrocity,2/11/2021
C100204,59.0,203.3,5.0,Female,Cash,Cosmetics,Metrocity,30/07/2022
C100211,62.0,2400.68,4.0,Female,Credit Card,Shoes,Metrocity,24/11/2022
C100218,26.0,1500.4,5.0,Male,Cash,Clothing,Kanyon,6/11/2021
C100221,30.0,2400.68,4.0,Female,Cash,Shoes,Metrocity,24/01/2021
C100225,26.0,71.68,2.0,Female,Debit Card,Toys,Istinye Park,22/03/2022
C100232,24.0,600.17,1.0,Female,Debit Card,Shoes,Metropol AVM,11/1/2023
C100235,66.0,900.24,3.0,Female,Credit Card,Clothing,Viaport Outlet,13/12/2022
C100236,59.0,600.16,2.0,Female,Debit Card,Clothing,Metropol AVM,24/02/2023
C100241,28.0,162.64,4.0,Male,Cash,Cosmetics,Istinye Park,1/11/2021
C100242,25.0,5.23,1.0,Male,Debit Card,Food & Beverage,Metrocity,9/2/2021
C100246,25.0,600.16,2.0,Male,Cash,Clothing,Metrocity,10/12/2021
C100247,21.0,1200.34,2.0,Female,Cash,Shoes,Forum Istanbul,5/6/2022
C100253,62.0,600.17,1.0,Female,Credit Card,Shoes,Mall of Istanbul,7/11/2021
C100254,52.0,4200.0,4.0,Male,Credit Card,Technology,Mall of Istanbul,17/02/2021
C100256,38.0,15.69,3.0,Female,Debit Card,Food & Beverage,Mall of Istanbul,8/9/2022
C100259,22.0,71.68,2.0,Female,Credit Card,Toys,Metropol AVM,8/1/2021
C100261,63.0,1200.32,4.0,Male,Credit Card,Clothing,Emaar Square Mall,12/11/2022
C100272,23.0,20.92,4.0,Male,Cash,Food & Beverage,Metrocity,3/3/2022
C100273,40.0,300.08,1.0,Male,Cash,Clothing,Mall of Istanbul,2/3/2022
C100281,38.0,600.16,2.0,Female,Debit Card,Clothing,Kanyon,26/02/2023
C100282,31.0,600.16,2.0,Female,Cash,Clothing,Metrocity,2/10/2021
C100283,42.0,600.16,2.0,Female,Debit Card,Clothing,Kanyon,30/10/2021
C100284,52.0,3150.0,3.0,Male,Credit Card,Technology,Mall of Istanbul,29/06/2022
C100285,45.0,300.08,1.0,Female,Credit Card,Clothing,Metropol AVM,25/03/2022
C100286,58.0,1200.32,4.0,Male,Credit Card,Clothing,Metropol AVM,5/6/2021
C100291,39.0,35.19,3.0,Male,Cash,Souvenir,Emaar Square Mall,3/6/2021
C100297,39.0,121.98,3.0,Male,Debit Card,Cosmetics,Metrocity,12/9/2022
C100298,31.0,900.24,3.0,Female,Credit Card,Clothing,Mall of Istanbul,12/8/2021
C100299,22.0,15.15,1.0,Female,Credit Card,Books,Metrocity,23/09/2022
C100301,19.0,15.15,1.0,Female,Credit Card,Books,Mall of Istanbul,27/08/2021
C100305,44.0,300.08,1.0,Male,Cash,Clothing,Mall of Istanbul,22/11/2021
C100306,35.0,5250.0,5.0,Female,Cash,Technology,Metropol AVM,18/06/2021
C100307,51.0,300.08,1.0,Male,Credit Card,Clothing,Emaar Square Mall,6/1/2021
C100309,53.0,600.16,2.0,Male,Credit Card,Clothing,Kanyon,1/6/2021
C100311,66.0,162.64,4.0,Male,Debit Card,Cosmetics,Kanyon,1/9/2022
C100313,52.0,1500.4,5.0,Female,Credit Card,Clothing,Metropol AVM,22/11/2021
C100314,24.0,81.32,2.0,Male,Debit Card,Cosmetics,Mall of Istanbul,18/04/2021
C100315,60.0,1500.4,5.0,Female,Debit Card,Clothing,Metropol AVM,3/5/2022
C100322,24.0,5250.0,5.0,Female,Cash,Technology,Viaport Outlet,3/7/2022
C100329,36.0,10.46,2.0,Female,Cash,Food & Beverage,Cevahir AVM,22/09/2022
C100330,42.0,107.52,3.0,Male,Credit Card,Toys,Metrocity,18/07/2022
C100331,23.0,2400.68,4.0,Female,Cash,Shoes,Mall of Istanbul,5/4/2022
C100333,32.0,1500.4,5.0,Male,Credit Card,Clothing,Kanyon,25/02/2021
C100336,55.0,900.24,3.0,Male,Debit Card,Clothing,Zorlu Center,1/8/2021
C100346,63.0,1500.4,5.0,Male,Debit Card,Clothing,Mall of Istanbul,16/02/2021
C100347,58.0,1200.34,2.0,Female,Debit Card,Shoes,Metropol AVM,15/07/2022
C100349,40.0,1500.4,5.0,Male,Cash,Clothing,Cevahir AVM,5/3/2021
C100355,23.0,81.32,2.0,Female,Credit Card,Cosmetics,Zorlu Center,23/04/2022
C100361,40.0,15.69,3.0,Female,Cash,Food & Beverage,Istinye Park,4/4/2022
C100364,57.0,1500.4,5.0,Female,Cash,Clothing,Istinye Park,6/2/2022
C100367,51.0,11.73,1.0,Female,Cash,Souvenir,Forum Istanbul,28/02/2023
C100368,50.0,162.64,4.0,Female,Cash,Cosmetics,Kanyon,30/12/2022
C100369,57.0,1500.4,5.0,Female,Cash,Clothing,Istinye Park,19/08/2021
C100376,38.0,45.45,3.0,Female,Credit Card,Books,Metrocity,7/1/2021
C100379,20.0,1200.34,2.0,Female,Cash,Shoes,Metrocity,5/12/2021
C100383,27.0,5.23,1.0,Female,Cash,Food & Beverage,Viaport Outlet,16/02/2022
C100384,64.0,60.6,4.0,Male,Credit Card,Books,Mall of Istanbul,9/10/2021
C100386,66.0,900.24,3.0,Female,Cash,Clothing,Emaar Square Mall,5/10/2021
C100398,52.0,300.08,1.0,Male,Debit Card,Clothing,Mall of Istanbul,22/08/2022
C100400,60.0,300.08,1.0,Female,Credit Card,Clothing,Mall of Istanbul,23/12/2021
C100401,35.0,1500.4,5.0,Female,Credit Card,Clothing,Zorlu Center,22/09/2022
C100402,30.0,300.08,1.0,Female,Cash,Clothing,Istinye Park,15/02/2022
C100403,53.0,1500.4,5.0,Female,Credit Card,Clothing,Forum Istanbul,9/10/2022
C100404,36.0,15.69,3.0,Female,Debit Card,Food & Beverage,Viaport Outlet,28/04/2022
C100406,68.0,1500.4,5.0,Male,Debit Card,Clothing,Forum Istanbul,24/06/2021
C100410,58.0,900.24,3.0,Male,Debit Card,Clothing,Kanyon,9/7/2021
C100415,57.0,11.73,1.0,Male,Cash,Souvenir,Istinye Park,19/09/2021
C100416,64.0,5.23,1.0,Female,Debit Card,Food & Beverage,Istinye Park,26/07/2022
C100420,53.0,1200.32,4.0,Female,Cash,Clothing,Mall of Istanbul,28/02/2022
C100421,22.0,600.17,1.0,Male,Credit Card,Shoes,Metropol AVM,23/08/2021
C100427,36.0,121.98,3.0,Male,Cash,Cosmetics,Istinye Park,25/11/2022
C100438,34.0,1200.32,4.0,Female,Credit Card,Clothing,Mall of Istanbul,2/10/2021
C100439,52.0,71.68,2.0,Female,Cash,Toys,Emaar Square Mall,15/11/2021
C100440,32.0,5.23,1.0,Female,Cash,Food & Beverage,Kanyon,23/08/2022
C100441,35.0,900.24,3.0,Female,Credit Card,Clothing,Metropol AVM,19/08/2022
C100444,66.0,162.64,4.0,Male,Cash,Cosmetics,Mall of Istanbul,22/11/2022
C100446,27.0,143.36,4.0,Female,Cash,Toys,Metrocity,13/02/2021
C100449,42.0,10.46,2.0,Female,Cash,Food & Beverage,Istinye Park,15/08/2022
C100451,32.0,2400.68,4.0,Male,Cash,Shoes,Mall of Istanbul,30/07/2021
C100454,51.0,1200.32,4.0,Female,Debit Card,Clothing,Metrocity,6/3/2022
C100455,45.0,900.24,3.0,Female,Credit Card,Clothing,Mall of Istanbul,1/10/2022
C100459,26.0,15.69,3.0,Female,Credit Card,Food & Beverage,Metrocity,21/02/2023
C100462,54.0,1800.51,3.0,Female,Credit Card,Shoes,Mall of Istanbul,24/10/2021
C100463,48.0,10.46,2.0,Male,Credit Card,Food & Beverage,Metropol AVM,20/07/2021
C100467,57.0,26.15,5.0,Female,Cash,Food & Beverage,Kanyon,13/02/2022
C100471,40.0,121.98,3.0,Male,Debit Card,Cosmetics,Istinye Park,6/10/2022
C100472,64.0,5.23,1.0,Female,Cash,Food & Beverage,Metrocity,15/04/2021
C100473,66.0,10.46,2.0,Male,Debit Card,Food & Beverage,Metrocity,13/12/2022
C100474,28.0,1500.4,5.0,Female,Credit Card,Clothing,Zorlu Center,15/08/2021
C100477,45.0,20.92,4.0,Female,Debit Card,Food & Beverage,Mall of Istanbul,16/09/2022
C100478,29.0,179.2,5.0,Female,Cash,Toys,Mall of Istanbul,27/12/2021
C100481,49.0,60.6,4.0,Female,Cash,Books,Metropol AVM,12/8/2022
C100484,48.0,143.36,4.0,Male,Cash,Toys,Metrocity,19/09/2022
C100488,57.0,15.69,3.0,Female,Cash,Food & Beverage,Kanyon,19/02/2022
C100490,36.0,1200.32,4.0,Male,Debit Card,Clothing,Viaport Outlet,31/12/2022
C100493,53.0,71.68,2.0,Female,Cash,Toys,Istinye Park,27/05/2021
C100494,38.0,3150.0,3.0,Male,Credit Card,Technology,Mall of Istanbul,5/2/2021
C100496,53.0,1200.34,2.0,Male,Cash,Shoes,Kanyon,6/6/2022
C100507,33.0,1500.4,5.0,Male,Cash,Clothing,Mall of Istanbul,24/01/2022
C100508,22.0,900.24,3.0,Female,Credit Card,Clothing,Kanyon,16/12/2022
C100515,46.0,143.36,4.0,Female,Cash,Toys,Kanyon,12/4/2022
C100519,55.0,600.16,2.0,Male,Credit Card,Clothing,Cevahir AVM,27/03/2021
C100521,62.0,107.52,3.0,Male,Credit Card,Toys,Mall of Istanbul,10/8/2022
C100523,31.0,1200.32,4.0,Male,Cash,Clothing,Kanyon,15/06/2021
C100525,36.0,600.16,2.0,Female,Cash,Clothing,Metrocity,2/4/2022
C100529,19.0,15.69,3.0,Female,Credit Card,Food & Beverage,Metropol AVM,15/02/2022
C100535,67.0,35.84,1.0,Female,Cash,Toys,Emaar Square Mall,29/12/2021
C100539,28.0,58.65,5.0,Female,Credit Card,Souvenir,Metrocity,15/08/2021
C100540,48.0,10.46,2.0,Male,Debit Card,Food & Beverage,Istinye Park,5/2/2022
C100544,40.0,121.98,3.0,Female,Debit Card,Cosmetics,Metrocity,24/06/2022
C100545,68.0,4200.0,4.0,Male,Credit Card,Technology,Mall of Istanbul,7/1/2023
C100549,48.0,203.3,5.0,Male,Debit Card,Cosmetics,Kanyon,19/12/2022
C100551,32.0,1050.0,1.0,Female,Debit Card,Technology,Kanyon,5/1/2023
C100561,66.0,2400.68,4.0,Male,Cash,Shoes,Metropol AVM,23/01/2023
C100563,20.0,300.08,1.0,Female,Cash,Clothing,Zorlu Center,27/04/2022
C100570,62.0,1500.4,5.0,Female,Debit Card,Clothing,Metrocity,30/01/2021
C100572,29.0,900.24,3.0,Female,Cash,Clothing,Metropol AVM,11/6/2022
C100574,27.0,600.16,2.0,Female,Credit Card,Clothing,Kanyon,24/03/2022
C100576,30.0,1200.32,4.0,Male,Cash,Clothing,Metropol AVM,12/4/2022
C100579,28.0,121.98,3.0,Female,Cash,Cosmetics,Viaport Outlet,23/09/2022
C100587,57.0,71.68,2.0,Female,Debit Card,Toys,Kanyon,8/5/2022
C100599,28.0,1500.4,5.0,Female,Debit Card,Clothing,Kanyon,28/10/2021
C100605,48.0,26.15,5.0,Male,Credit Card,Food & Beverage,Metrocity,10/7/2021
C100606,25.0,1200.32,4.0,Female,Credit Card,Clothing,Forum Istanbul,16/06/2022
C100607,54.0,5250.0,5.0,Female,Cash,Technology,Istinye Park,21/07/2021
C100610,37.0,300.08,1.0,Female,Cash,Clothing,Kanyon,27/04/2021
C100622,23.0,71.68,2.0,Male,Cash,Toys,Forum Istanbul,22/03/2021
C100625,27.0,11.73,1.0,Male,Cash,Souvenir,Mall of Istanbul,23/01/2022
C100629,62.0,179.2,5.0,Male,Debit Card,Toys,Mall of Istanbul,31/01/2021
C100630,69.0,1800.51,3.0,Male,Credit Card,Shoes,Metropol AVM,5/1/2021
C100636,38.0,179.2,5.0,Male,Credit Card,Toys,Mall of Istanbul,5/7/2021
C100639,44.0,900.24,3.0,Female,Credit Card,Clothing,Emaar Square Mall,25/07/2021
C100640,22.0,600.16,2.0,Female,Cash,Clothing,Metropol AVM,23/02/2022
C100642,63.0,1200.34,2.0,Female,Debit Card,Shoes,Emaar Square Mall,12/2/2021
C100648,25.0,900.24,3.0,Male,Cash,Clothing,Kanyon,7/4/2021
C100651,58.0,1050.0,1.0,Female,Credit Card,Technology,Kanyon,10/2/2022
C100654,19.0,900.24,3.0,Female,Debit Card,Clothing,Mall of Istanbul,6/11/2022
C100655,22.0,81.32,2.0,Female,Credit Card,Cosmetics,Mall of Istanbul,21/04/2021
C100656,63.0,1500.4,5.0,Female,Cash,Clothing,Kanyon,9/1/2022
C100657,69.0,46.92,4.0,Female,Cash,Souvenir,Zorlu Center,30/01/2021
C100661,19.0,1800.51,3.0,Female,Cash,Shoes,Cevahir AVM,25/07/2021
C100663,52.0,5.23,1.0,Male,Credit Card,Food & Beverage,Metrocity,4/12/2021
C100666,50.0,71.68,2.0,Female,Cash,Toys,Mall of Istanbul,11/5/2021
C100671,44.0,600.16,2.0,Male,Credit Card,Clothing,Cevahir AVM,21/03/2022
C100672,25.0,1500.4,5.0,Male,Cash,Clothing,Mall of Istanbul,17/05/2022
C100676,26.0,900.24,3.0,Female,Debit Card,Clothing,Metrocity,4/7/2021
C100677,51.0,900.24,3.0,Female,Cash,Clothing,Metrocity,14/01/2022
C100684,38.0,35.84,1.0,Female,Credit Card,Toys,Kanyon,20/02/2022
C100687,59.0,1500.4,5.0,Female,Debit Card,Clothing,Emaar Square Mall,18/06/2022
C100688,39.0,35.19,3.0,Female,Credit Card,Souvenir,Mall of Istanbul,27/04/2022
C100690,36.0,2400.68,4.0,Female,Credit Card,Shoes,Istinye Park,12/4/2021
C100691,51.0,600.17,1.0,Female,Credit Card,Shoes,Kanyon,18/07/2022
C100694,61.0,20.92,4.0,Female,Cash,Food & Beverage,Mall of Istanbul,4/12/2021
C100696,39.0,1800.51,3.0,Female,Debit Card,Shoes,Cevahir AVM,24/09/2022
C100697,40.0,203.3,5.0,Male,Credit Card,Cosmetics,Forum Istanbul,8/6/2021
C100703,47.0,203.3,5.0,Male,Credit Card,Cosmetics,Kanyon,29/01/2023
C100705,21.0,600.16,2.0,Female,Cash,Clothing,Mall of Istanbul,30/11/2021
C100706,43.0,1800.51,3.0,Female,Credit Card,Shoes,Mall of Istanbul,24/01/2022
C100709,52.0,3000.85,5.0,Male,Cash,Shoes,Viaport Outlet,12/3/2022
C100710,36.0,60.6,4.0,Female,Cash,Books,Metropol AVM,3/12/2021
C100713,23.0,3150.0,3.0,Male,Cash,Technology,Metrocity,13/01/2023
C100718,39.0,143.36,4.0,Female,Cash,Toys,Metrocity,7/5/2022
C100720,52.0,900.24,3.0,Female,Credit Card,Clothing,Mall of Istanbul,7/3/2023
C100722,41.0,11.73,1.0,Female,Cash,Souvenir,Viaport Outlet,16/09/2022
C100725,55.0,300.08,1.0,Female,Cash,Clothing,Metrocity,23/01/2022
C100728,50.0,300.08,1.0,Female,Cash,Clothing,Kanyon,15/04/2022
C100735,57.0,162.64,4.0,Female,Credit Card,Cosmetics,Kanyon,20/06/2021
C100736,35.0,300.08,1.0,Male,Cash,Clothing,Istinye Park,14/12/2022
C100743,54.0,107.52,3.0,Male,Debit Card,Toys,Mall of Istanbul,28/02/2022
C100745,46.0,4200.0,4.0,Male,Cash,Technology,Cevahir AVM,22/01/2022
C100746,54.0,71.68,2.0,Male,Debit Card,Toys,Mall of Istanbul,5/6/2022
C100748,35.0,600.17,1.0,Female,Debit Card,Shoes,Metropol AVM,10/1/2022
C100753,44.0,10.46,2.0,Male,Cash,Food & Beverage,Mall of Istanbul,14/05/2022
C100754,54.0,162.64,4.0,Male,Credit Card,Cosmetics,Kanyon,9/10/2022
C100758,56.0,900.24,3.0,Male,Cash,Clothing,Istinye Park,3/2/2022
C100760,45.0,1200.32,4.0,Male,Cash,Clothing,Kanyon,13/12/2022
C100764,54.0,900.24,3.0,Female,Cash,Clothing,Cevahir AVM,22/09/2022
C100765,20.0,40.66,1.0,Male,Cash,Cosmetics,Forum Istanbul,9/10/2021
C100768,65.0,15.69,3.0,Male,Debit Card,Food & Beverage,Metropol AVM,13/07/2022
C100772,45.0,1200.32,4.0,Female,Debit Card,Clothing,Zorlu Center,25/03/2021
C100778,69.0,600.17,1.0,Female,Credit Card,Shoes,Zorlu Center,23/06/2022
C100782,22.0,1800.51,3.0,Female,Debit Card,Shoes,Zorlu Center,17/03/2021
C100783,58.0,10.46,2.0,Male,Cash,Food & Beverage,Viaport Outlet,29/07/2022
C100786,44.0,600.16,2.0,Male,Cash,Clothing,Kanyon,5/3/2022
C100787,35.0,162.64,4.0,Female,Credit Card,Cosmetics,Kanyon,22/12/2021
C100794,19.0,40.66,1.0,Female,Cash,Cosmetics,Metrocity,15/03/2021
C100795,44.0,60.6,4.0,Female,Credit Card,Books,Mall of Istanbul,15/09/2021
C100797,31.0,1800.51,3.0,Female,Cash,Shoes,Mall of Istanbul,11/12/2022
C100799,30.0,81.32,2.0,Male,Debit Card,Cosmetics,Kanyon,28/04/2022
C100801,41.0,203.3,5.0,Male,Credit Card,Cosmetics,Forum Istanbul,4/3/2023
C100804,29.0,40.66,1.0,Male,Cash,Cosmetics,Mall of Istanbul,1/3/2023
C100812,46.0,3150.0,3.0,Male,Cash,Technology,Kanyon,21/02/2022
C100816,20.0,26.15,5.0,Female,Debit Card,Food & Beverage,Cevahir AVM,16/04/2022
C100822,35.0,1500.4,5.0,Male,Cash,Clothing,Zorlu Center,22/12/2021
C100828,63.0,300.08,1.0,Male,Credit Card,Clothing,Zorlu Center,22/01/2023
C100833,40.0,179.2,5.0,Female,Debit Card,Toys,Cevahir AVM,19/07/2022
C100840,40.0,1200.32,4.0,Female,Debit Card,Clothing,Mall of Istanbul,4/12/2021
C100841,28.0,600.16,2.0,Male,Credit Card,Clothing,Mall of Istanbul,2/2/2022
C100843,61.0,107.52,3.0,Female,Credit Card,Toys,Metrocity,21/01/2023
C100844,33.0,1200.34,2.0,Female,Credit Card,Shoes,Metropol AVM,26/02/2022
C100849,27.0,300.08,1.0,Male,Credit Card,Clothing,Cevahir AVM,15/12/2022
C100851,50.0,900.24,3.0,Male,Credit Card,Clothing,Metrocity,7/8/2022
C100852,31.0,26.15,5.0,Male,Cash,Food & Beverage,Metropol AVM,18/10/2022
C100854,66.0,300.08,1.0,Female,Cash,Clothing,Kanyon,14/08/2021
C100857,67.0,2400.68,4.0,Male,Debit Card,Shoes,Forum Istanbul,23/06/2022
C100867,67.0,1200.32,4.0,Female,Credit Card,Clothing,Metrocity,2/9/2022
C100869,65.0,107.52,3.0,Male,Cash,Toys,Metrocity,28/04/2021
C100879,65.0,1500.4,5.0,Female,Credit Card,Clothing,Mall of Istanbul,21/06/2021
C100885,40.0,20.92,4.0,Female,Cash,Food & Beverage,Metropol AVM,8/2/2022
C100894,59.0,600.16,2.0,Female,Credit Card,Clothing,Metrocity,8/3/2023
C100895,55.0,11.73,1.0,Male,Cash,Souvenir,Zorlu Center,22/07/2021
C100899,57.0,121.98,3.0,Female,Credit Card,Cosmetics,Kanyon,13/10/2021
C100900,30.0,81.32,2.0,Female,Debit Card,Cosmetics,Metropol AVM,5/11/2021
C100901,45.0,3000.85,5.0,Female,Debit Card,Shoes,Mall of Istanbul,19/04/2022
C100902,23.0,600.17,1.0,Male,Debit Card,Shoes,Kanyon,2/10/2021
C100910,61.0,1800.51,3.0,Female,Cash,Shoes,Zorlu Center,29/07/2022
C100911,47.0,1200.32,4.0,Female,Credit Card,Clothing,Mall of Istanbul,3/7/2021
C100919,69.0,30.3,2.0,Male,Credit Card,Books,Metrocity,17/12/2021
C100921,18.0,143.36,4.0,Female,Cash,Toys,Istinye Park,16/04/2021
C100926,57.0,2100.0,2.0,Female,Debit Card,Technology,Emaar Square Mall,20/07/2021
C100931,27.0,300.08,1.0,Male,Credit Card,Clothing,Mall of Istanbul,11/8/2022
C100935,57.0,1200.32,4.0,Male,Credit Card,Clothing,Cevahir AVM,28/02/2022
C100936,32.0,900.24,3.0,Male,Debit Card,Clothing,Istinye Park,23/10/2021
C100940,24.0,600.16,2.0,Male,Debit Card,Clothing,Kanyon,2/3/2022
C100941,26.0,1200.32,4.0,Female,Credit Card,Clothing,Cevahir AVM,27/03/2022
C100944,27.0,600.16,2.0,Male,Credit Card,Clothing,Kanyon,6/10/2021
C100948,33.0,121.98,3.0,Female,Cash,Cosmetics,Istinye Park,9/9/2022
C100952,39.0,900.24,3.0,Male,Cash,Clothing,Mall of Istanbul,29/07/2022
C100955,48.0,35.19,3.0,Male,Credit Card,Souvenir,Mall of Istanbul,4/1/2023
C100960,54.0,5.23,1.0,Female,Debit Card,Food & Beverage,Emaar Square Mall,21/07/2021
C100962,44.0,10.46,2.0,Male,Cash,Food & Beverage,Mall of Istanbul,14/01/2022
C100966,56.0,162.64,4.0,Female,Debit Card,Cosmetics,Emaar Square Mall,29/11/2022
C100978,23.0,300.08,1.0,Female,Debit Card,Clothing,Metrocity,26/10/2021
C100979,27.0,1200.32,4.0,Female,Cash,Clothing,Forum Istanbul,8/8/2022
C100980,40.0,1500.4,5.0,Female,Cash,Clothing,Forum Istanbul,28/03/2021
C100986,47.0,1200.32,4.0,Female,Cash,Clothing,Mall of Istanbul,4/6/2021
C100987,62.0,15.69,3.0,Female,Credit Card,Food & Beverage,Kanyon,20/10/2021
C100994,60.0,203.3,5.0,Female,Credit Card,Cosmetics,Mall of Istanbul,6/3/2021
C101001,29.0,600.16,2.0,Male,Cash,Clothing,Cevahir AVM,11/3/2022
C101002,29.0,1200.32,4.0,Female,Cash,Clothing,Metrocity,11/1/2021
C101004,18.0,1200.34,2.0,Male,Cash,Shoes,Viaport Outlet,16/08/2022
C101010,46.0,3000.85,5.0,Female,Credit Card,Shoes,Cevahir AVM,29/05/2021
C101014,49.0,300.08,1.0,Male,Credit Card,Clothing,Emaar Square Mall,4/7/2021
C101018,28.0,300.08,1.0,Female,Credit Card,Clothing,Kanyon,10/10/2021
C101024,28.0,1500.4,5.0,Male,Debit Card,Clothing,Metropol AVM,21/08/2022
C101027,41.0,5.23,1.0,Female,Credit Card,Food & Beverage,Viaport Outlet,16/03/2021
C101034,41.0,23.46,2.0,Female,Credit Card,Souvenir,Kanyon,18/11/2022
C101035,18.0,45.45,3.0,Male,Cash,Books,Metrocity,9/1/2021
C101038,45.0,600.16,2.0,Female,Debit Card,Clothing,Forum Istanbul,3/1/2021
C101041,38.0,4200.0,4.0,Female,Cash,Technology,Metropol AVM,12/6/2021
C101045,33.0,1200.34,2.0,Male,Debit Card,Shoes,Metropol AVM,24/02/2021
C101052,65.0,40.66,1.0,Female,Debit Card,Cosmetics,Forum Istanbul,24/05/2022
C101054,24.0,26.15,5.0,Male,Debit Card,Food & Beverage,Kanyon,21/03/2022
C101055,46.0,75.75,5.0,Male,Cash,Books,Kanyon,2/6/2022
C101061,57.0,600.16,2.0,Male,Credit Card,Clothing,Metrocity,12/6/2022
C101064,66.0,600.16,2.0,Female,Cash,Clothing,Mall of Istanbul,1/6/2022
C101067,30.0,1200.32,4.0,Male,Credit Card,Clothing,Emaar Square Mall,5/12/2022
C101068,52.0,179.2,5.0,Male,Cash,Toys,Viaport Outlet,3/3/2023
C101069,18.0,1200.32,4.0,Female,Cash,Clothing,Emaar Square Mall,23/10/2021
C101071,19.0,1500.4,5.0,Male,Cash,Clothing,Cevahir AVM,27/05/2022
C101072,65.0,600.17,1.0,Female,Cash,Shoes,Metrocity,8/2/2021
C101074,53.0,600.16,2.0,Female,Cash,Clothing,Metrocity,25/09/2021
C101078,57.0,5.23,1.0,Female,Cash,Food & Beverage,Istinye Park,6/8/2022
C101079,20.0,203.3,5.0,Female,Cash,Cosmetics,Mall of Istanbul,5/11/2021
C101080,34.0,1500.4,5.0,Male,Cash,Clothing,Metrocity,10/7/2022
C101082,25.0,10.46,2.0,Male,Cash,Food & Beverage,Mall of Istanbul,13/08/2021
C101084,60.0,121.98,3.0,Male,Credit Card,Cosmetics,Kanyon,15/06/2021
C101089,26.0,20.92,4.0,Female,Credit Card,Food & Beverage,Kanyon,16/10/2022
C101095,45.0,162.64,4.0,Female,Cash,Cosmetics,Viaport Outlet,6/8/2021
C101097,18.0,203.3,5.0,Female,Credit Card,Cosmetics,Viaport Outlet,7/7/2022
C101099,23.0,15.69,3.0,Female,Cash,Food & Beverage,Istinye Park,15/04/2022
C101100,25.0,900.24,3.0,Female,Cash,Clothing,Metropol AVM,26/03/2021
C101108,66.0,600.17,1.0,Female,Debit Card,Shoes,Mall of Istanbul,6/9/2021
C101115,21.0,121.98,3.0,Male,Cash,Cosmetics,Mall of Istanbul,27/12/2021
C101116,47.0,600.16,2.0,Male,Debit Card,Clothing,Mall of Istanbul,15/11/2022
C101117,52.0,35.19,3.0,Female,Debit Card,Souvenir,Metropol AVM,23/11/2021
C101119,43.0,143.36,4.0,Male,Cash,Toys,Kanyon,4/4/2021
C101120,68.0,600.16,2.0,Male,Credit Card,Clothing,Mall of Istanbul,20/06/2021
C101125,38.0,1200.32,4.0,Male,Cash,Clothing,Metropol AVM,30/09/2022
C101131,54.0,107.52,3.0,Female,Cash,Toys,Metropol AVM,21/10/2022
C101132,36.0,23.46,2.0,Male,Cash,Souvenir,Zorlu Center,30/11/2022
C101133,46.0,30.3,2.0,Female,Cash,Books,Metrocity,14/02/2023
C101134,51.0,3150.0,3.0,Male,Debit Card,Technology,Forum Istanbul,17/02/2023
C101135,44.0,3150.0,3.0,Male,Debit Card,Technology,Kanyon,15/02/2023
C101136,30.0,26.15,5.0,Male,Debit Card,Food & Beverage,Kanyon,31/01/2022
C101137,22.0,71.68,2.0,Female,Cash,Toys,Forum Istanbul,13/07/2022
C101138,24.0,121.98,3.0,Female,Cash,Cosmetics,Mall of Istanbul,28/12/2022
C101143,46.0,1500.4,5.0,Male,Cash,Clothing,Istinye Park,4/1/2023
C101154,39.0,46.92,4.0,Female,Debit Card,Souvenir,Mall of Istanbul,30/01/2023
C101173,52.0,81.32,2.0,Female,Credit Card,Cosmetics,Emaar Square Mall,16/09/2022
C101188,20.0,600.17,1.0,Female,Cash,Shoes,Kanyon,6/5/2022
C101196,41.0,162.64,4.0,Female,Debit Card,Cosmetics,Kanyon,5/4/2022
C101204,47.0,300.08,1.0,Female,Credit Card,Clothing,Metrocity,26/10/2022
C101205,60.0,1200.32,4.0,Female,Cash,Clothing,Istinye Park,4/11/2022
C101206,47.0,23.46,2.0,Male,Cash,Souvenir,Emaar Square Mall,14/09/2021
C101208,44.0,40.66,1.0,Female,Credit Card,Cosmetics,Mall of Istanbul,1/12/2022
C101209,46.0,3150.0,3.0,Female,Debit Card,Technology,Metrocity,9/12/2021
C101210,44.0,2100.0,2.0,Female,Credit Card,Technology,Istinye Park,8/7/2021
C101212,35.0,81.32,2.0,Male,Credit Card,Cosmetics,Mall of Istanbul,8/1/2021
C101216,68.0,5250.0,5.0,Male,Cash,Technology,Metropol AVM,10/5/2022
C101217,41.0,10.46,2.0,Female,Credit Card,Food & Beverage,Viaport Outlet,6/3/2022
C101220,24.0,1500.4,5.0,Female,Debit Card,Clothing,Istinye Park,7/3/2021
C101221,39.0,121.98,3.0,Male,Cash,Cosmetics,Metropol AVM,26/02/2023
C101222,62.0,1200.32,4.0,Female,Credit Card,Clothing,Mall of Istanbul,27/03/2021
C101225,38.0,1200.34,2.0,Female,Credit Card,Shoes,Mall of Istanbul,25/10/2022
C101227,30.0,900.24,3.0,Female,Cash,Clothing,Istinye Park,3/12/2022
C101229,61.0,300.08,1.0,Female,Debit Card,Clothing,Forum Istanbul,21/01/2023
C101235,46.0,1200.32,4.0,Female,Cash,Clothing,Metropol AVM,13/11/2021
C101236,66.0,300.08,1.0,Male,Cash,Clothing,Cevahir AVM,23/03/2022
C101238,22.0,15.15,1.0,Female,Credit Card,Books,Zorlu Center,22/11/2022
C101248,19.0,15.69,3.0,Female,Credit Card,Food & Beverage,Kanyon,29/06/2021
C101249,60.0,23.46,2.0,Female,Cash,Souvenir,Istinye Park,11/12/2022
C101250,40.0,26.15,5.0,Female,Debit Card,Food & Beverage,Mall of Istanbul,24/11/2022
C101251,49.0,40.66,1.0,Male,Credit Card,Cosmetics,Metrocity,14/07/2021
C101253,53.0,1500.4,5.0,Female,Debit Card,Clothing,Emaar Square Mall,26/01/2023
C101259,60.0,23.46,2.0,Female,Credit Card,Souvenir,Metrocity,4/3/2021
C101261,31.0,203.3,5.0,Female,Debit Card,Cosmetics,Zorlu Center,10/9/2022
C101271,37.0,20.92,4.0,Female,Credit Card,Food & Beverage,Kanyon,24/12/2021
C101278,59.0,900.24,3.0,Female,Cash,Clothing,Metrocity,19/01/2023
C101285,37.0,81.32,2.0,Female,Credit Card,Cosmetics,Cevahir AVM,7/11/2021
C101287,64.0,300.08,1.0,Male,Credit Card,Clothing,Mall of Istanbul,11/1/2022
C101288,50.0,107.52,3.0,Female,Cash,Toys,Metropol AVM,9/6/2022
C101290,47.0,15.69,3.0,Male,Cash,Food & Beverage,Cevahir AVM,15/04/2022
C101294,28.0,1800.51,3.0,Female,Cash,Shoes,Istinye Park,19/11/2021
C101295,31.0,10.46,2.0,Male,Credit Card,Food & Beverage,Istinye Park,10/2/2021
C101301,65.0,600.17,1.0,Female,Cash,Shoes,Viaport Outlet,28/04/2021
C101303,31.0,1800.51,3.0,Female,Cash,Shoes,Istinye Park,3/3/2021
C101307,25.0,179.2,5.0,Female,Cash,Toys,Cevahir AVM,19/02/2023
C101308,37.0,1200.32,4.0,Female,Credit Card,Clothing,Metropol AVM,7/9/2022
C101314,31.0,203.3,5.0,Female,Credit Card,Cosmetics,Emaar Square Mall,9/10/2021
C101316,24.0,1200.32,4.0,Male,Cash,Clothing,Metrocity,17/09/2021
C101318,36.0,179.2,5.0,Male,Credit Card,Toys,Cevahir AVM,31/01/2023
C101320,27.0,3000.85,5.0,Female,Cash,Shoes,Viaport Outlet,30/01/2023
C101327,52.0,2400.68,4.0,Male,Debit Card,Shoes,Viaport Outlet,3/6/2022
C101329,36.0,81.32,2.0,Female,Debit Card,Cosmetics,Mall of Istanbul,28/07/2021
C101337,49.0,1200.32,4.0,Female,Credit Card,Clothing,Mall of Istanbul,6/12/2022
C101343,49.0,35.84,1.0,Female,Cash,Toys,Kanyon,14/03/2021
C101344,31.0,5250.0,5.0,Female,Cash,Technology,Viaport Outlet,28/02/2022
C101347,37.0,30.3,2.0,Male,Credit Card,Books,Kanyon,7/6/2021
C101351,56.0,23.46,2.0,Female,Cash,Souvenir,Mall of Istanbul,13/10/2022
C101356,32.0,300.08,1.0,Female,Credit Card,Clothing,Istinye Park,2/3/2023
C101359,42.0,1200.32,4.0,Female,Credit Card,Clothing,Metropol AVM,2/11/2022
C101362,30.0,143.36,4.0,Female,Cash,Toys,Zorlu Center,8/12/2021
C101363,64.0,300.08,1.0,Male,Credit Card,Clothing,Mall of Istanbul,24/07/2022
C101364,61.0,1200.32,4.0,Female,Debit Card,Clothing,Mall of Istanbul,5/10/2022
C101365,35.0,26.15,5.0,Female,Credit Card,Food & Beverage,Emaar Square Mall,20/06/2021
C101367,18.0,81.32,2.0,Female,Cash,Cosmetics,Metrocity,1/7/2022
C101368,68.0,300.08,1.0,Female,Cash,Clothing,Kanyon,11/5/2022
C101370,21.0,10.46,2.0,Male,Credit Card,Food & Beverage,Kanyon,8/3/2022
C101375,48.0,26.15,5.0,Male,Cash,Food & Beverage,Metrocity,7/5/2022
C101377,27.0,26.15,5.0,Male,Cash,Food & Beverage,Forum Istanbul,2/2/2023
C101382,53.0,10.46,2.0,Female,Cash,Food & Beverage,Cevahir AVM,7/8/2021
C101384,19.0,600.16,2.0,Male,Cash,Clothing,Metrocity,3/11/2021
C101386,18.0,58.65,5.0,Female,Credit Card,Souvenir,Istinye Park,18/05/2022
C101391,49.0,203.3,5.0,Female,Cash,Cosmetics,Mall of Istanbul,11/7/2021
C101393,60.0,900.24,3.0,Male,Credit Card,Clothing,Metrocity,5/12/2022
C101397,25.0,900.24,3.0,Female,Credit Card,Clothing,Forum Istanbul,25/09/2021
C101401,30.0,1050.0,1.0,Male,Debit Card,Technology,Emaar Square Mall,6/10/2022
C101404,54.0,2100.0,2.0,Female,Cash,Technology,Kanyon,11/3/2021
C101405,20.0,300.08,1.0,Female,Credit Card,Clothing,Kanyon,23/02/2021
C101406,41.0,2400.68,4.0,Female,Credit Card,Shoes,Viaport Outlet,19/03/2021
C101407,48.0,2400.68,4.0,Male,Cash,Shoes,Viaport Outlet,16/04/2022
C101410,32.0,600.16,2.0,Female,Credit Card,Clothing,Istinye Park,26/10/2021
C101411,24.0,203.3,5.0,Female,Cash,Cosmetics,Mall of Istanbul,10/9/2021
C101412,30.0,900.24,3.0,Female,Debit Card,Clothing,Emaar Square Mall,5/9/2022
C101413,40.0,900.24,3.0,Male,Debit Card,Clothing,Mall of Istanbul,16/01/2023
C101414,59.0,162.64,4.0,Male,Cash,Cosmetics,Kanyon,8/1/2023
C101419,45.0,1500.4,5.0,Female,Cash,Clothing,Kanyon,18/12/2021
C101420,31.0,900.24,3.0,Male,Cash,Clothing,Kanyon,4/12/2021
C101422,18.0,107.52,3.0,Male,Cash,Toys,Emaar Square Mall,5/10/2022
C101423,35.0,900.24,3.0,Female,Cash,Clothing,Kanyon,6/1/2022
C101425,30.0,1200.34,2.0,Female,Cash,Shoes,Mall of Istanbul,12/10/2021
C101427,32.0,5250.0,5.0,Male,Credit Card,Technology,Mall of Istanbul,21/02/2023
C101428,22.0,3000.85,5.0,Female,Cash,Shoes,Viaport Outlet,12/1/2021
C101429,46.0,900.24,3.0,Female,Credit Card,Clothing,Mall of Istanbul,7/6/2022
C101432,30.0,3000.85,5.0,Male,Cash,Shoes,Kanyon,14/01/2023
C101433,40.0,10.46,2.0,Female,Credit Card,Food & Beverage,Cevahir AVM,13/03/2021
C101438,54.0,107.52,3.0,Female,Cash,Toys,Metrocity,15/06/2021
C101451,54.0,600.16,2.0,Male,Debit Card,Clothing,Metropol AVM,19/11/2022
C101452,31.0,900.24,3.0,Female,Credit Card,Clothing,Forum Istanbul,24/10/2021
C101466,46.0,600.16,2.0,Female,Debit Card,Clothing,Kanyon,22/01/2021
C101471,44.0,107.52,3.0,Female,Credit Card,Toys,Emaar Square Mall,24/04/2021
C101472,57.0,40.66,1.0,Female,Credit Card,Cosmetics,Mall of Istanbul,4/7/2021
C101475,53.0,5.23,1.0,Female,Credit Card,Food & Beverage,Forum Istanbul,7/3/2022
C101478,19.0,1200.32,4.0,Male,Credit Card,Clothing,Metrocity,11/3/2021
C101482,23.0,45.45,3.0,Male,Debit Card,Books,Metropol AVM,16/01/2021
C101484,42.0,900.24,3.0,Male,Cash,Clothing,Cevahir AVM,22/01/2023
C101489,60.0,300.08,1.0,Male,Credit Card,Clothing,Metropol AVM,21/01/2023
C101494,69.0,23.46,2.0,Female,Cash,Souvenir,Cevahir AVM,22/05/2021
C101503,24.0,1200.32,4.0,Female,Cash,Clothing,Emaar Square Mall,24/05/2022
C101508,60.0,1200.32,4.0,Female,Cash,Clothing,Mall of Istanbul,28/07/2022
C101509,23.0,107.52,3.0,Female,Debit Card,Toys,Kanyon,1/11/2021
C101518,52.0,1500.4,5.0,Female,Credit Card,Clothing,Istinye Park,26/08/2022
C101521,69.0,81.32,2.0,Female,Credit Card,Cosmetics,Cevahir AVM,24/06/2021
C101522,55.0,10.46,2.0,Female,Credit Card,Food & Beverage,Viaport Outlet,7/12/2021
C101523,60.0,162.64,4.0,Male,Credit Card,Cosmetics,Metrocity,17/09/2021
C101525,53.0,23.46,2.0,Female,Cash,Souvenir,Forum Istanbul,29/09/2021
C101526,33.0,71.68,2.0,Female,Cash,Toys,Metrocity,29/05/2021
C101527,67.0,35.84,1.0,Male,Credit Card,Toys,Metrocity,16/03/2021
C101529,49.0,121.98,3.0,Male,Debit Card,Cosmetics,Mall of Istanbul,24/01/2023
C101531,62.0,45.45,3.0,Female,Cash,Books,Forum Istanbul,30/10/2021
C101537,46.0,1200.32,4.0,Female,Cash,Clothing,Metrocity,23/11/2021
C101541,53.0,1500.4,5.0,Male,Cash,Clothing,Kanyon,20/10/2021
C101543,69.0,600.16,2.0,Female,Credit Card,Clothing,Emaar Square Mall,30/04/2021
C101545,58.0,143.36,4.0,Female,Credit Card,Toys,Kanyon,26/03/2022
C101546,42.0,5.23,1.0,Female,Cash,Food & Beverage,Kanyon,3/7/2022
C101550,35.0,1200.34,2.0,Male,Cash,Shoes,Istinye Park,11/1/2022
C101556,47.0,900.24,3.0,Female,Credit Card,Clothing,Forum Istanbul,2/6/2022
C101558,35.0,1200.32,4.0,Male,Cash,Clothing,Mall of Istanbul,19/03/2022
C101559,63.0,11.73,1.0,Male,Credit Card,Souvenir,Kanyon,24/07/2021
C101560,20.0,20.92,4.0,Female,Credit Card,Food & Beverage,Mall of Istanbul,24/06/2022
C101561,49.0,162.64,4.0,Male,Debit Card,Cosmetics,Metropol AVM,17/01/2021
C101564,40.0,20.92,4.0,Female,Cash,Food & Beverage,Cevahir AVM,9/5/2022
C101566,62.0,300.08,1.0,Female,Cash,Clothing,Metropol AVM,17/10/2022
C101568,23.0,5.23,1.0,Female,Credit Card,Food & Beverage,Mall of Istanbul,14/03/2021
C101575,68.0,5.23,1.0,Female,Cash,Food & Beverage,Kanyon,25/06/2021
C101576,41.0,600.16,2.0,Male,Cash,Clothing,Kanyon,2/4/2022
C101579,59.0,121.98,3.0,Male,Debit Card,Cosmetics,Mall of Istanbul,3/2/2022
C101580,48.0,81.32,2.0,Male,Debit Card,Cosmetics,Kanyon,13/03/2021
C101584,36.0,1200.32,4.0,Female,Cash,Clothing,Kanyon,19/01/2023
C101594,67.0,10.46,2.0,Male,Cash,Food & Beverage,Mall of Istanbul,17/09/2021
C101595,22.0,900.24,3.0,Female,Credit Card,Clothing,Mall of Istanbul,25/04/2022
C101600,39.0,5.23,1.0,Female,Debit Card,Food & Beverage,Viaport Outlet,14/07/2021
C101605,39.0,46.92,4.0,Male,Cash,Souvenir,Metrocity,16/01/2021
C101610,65.0,1200.32,4.0,Female,Credit Card,Clothing,Mall of Istanbul,23/02/2021
C101612,37.0,75.75,5.0,Female,Cash,Books,Kanyon,8/3/2021
C101618,49.0,2400.68,4.0,Female,Debit Card,Shoes,Metrocity,11/4/2022
C101624,57.0,1500.4,5.0,Male,Cash,Clothing,Metropol AVM,9/4/2022
C101629,20.0,300.08,1.0,Female,Debit Card,Clothing,Forum Istanbul,28/01/2021
C101633,25.0,600.16,2.0,Male,Credit Card,Clothing,Viaport Outlet,3/8/2021
C101640,46.0,40.66,1.0,Female,Cash,Cosmetics,Cevahir AVM,25/09/2022
C101643,37.0,203.3,5.0,Female,Cash,Cosmetics,Metropol AVM,26/01/2023
C101646,68.0,600.16,2.0,Male,Debit Card,Clothing,Forum Istanbul,14/11/2022
C101647,47.0,46.92,4.0,Female,Cash,Souvenir,Mall of Istanbul,23/02/2023
C101651,50.0,162.64,4.0,Female,Debit Card,Cosmetics,Kanyon,16/12/2022
C101652,41.0,143.36,4.0,Female,Credit Card,Toys,Metrocity,10/5/2021
C101654,28.0,35.84,1.0,Female,Cash,Toys,Mall of Istanbul,5/3/2022
C101655,50.0,1050.0,1.0,Female,Debit Card,Technology,Istinye Park,14/07/2021
C101656,21.0,1500.4,5.0,Male,Cash,Clothing,Metrocity,12/6/2022
C101657,64.0,71.68,2.0,Female,Debit Card,Toys,Mall of Istanbul,10/5/2022
C101662,46.0,3150.0,3.0,Female,Cash,Technology,Mall of Istanbul,1/6/2022
C101663,41.0,35.84,1.0,Female,Debit Card,Toys,Forum Istanbul,7/5/2022
C101666,50.0,26.15,5.0,Female,Debit Card,Food & Beverage,Metrocity,22/04/2021
C101667,23.0,5250.0,5.0,Female,Cash,Technology,Emaar Square Mall,9/12/2022
C101669,61.0,203.3,5.0,Male,Cash,Cosmetics,Metrocity,17/04/2021
C101672,27.0,40.66,1.0,Female,Cash,Cosmetics,Mall of Istanbul,29/03/2021
C101673,40.0,179.2,5.0,Female,Credit Card,Toys,Metrocity,10/8/2021
C101689,57.0,900.24,3.0,Male,Debit Card,Clothing,Metrocity,18/11/2022
C101690,68.0,26.15,5.0,Female,Cash,Food & Beverage,Mall of Istanbul,30/05/2021
C101691,44.0,121.98,3.0,Female,Debit Card,Cosmetics,Metrocity,3/3/2022
C101693,23.0,1800.51,3.0,Male,Debit Card,Shoes,Metrocity,24/03/2021
C101694,51.0,300.08,1.0,Female,Credit Card,Clothing,Emaar Square Mall,2/9/2021
C101695,18.0,1500.4,5.0,Female,Credit Card,Clothing,Mall of Istanbul,4/7/2021
C101697,54.0,600.16,2.0,Male,Credit Card,Clothing,Istinye Park,5/2/2023
C101709,68.0,75.75,5.0,Male,Credit Card,Books,Kanyon,20/02/2022
C101710,33.0,121.98,3.0,Female,Credit Card,Cosmetics,Kanyon,26/02/2023
C101711,31.0,58.65,5.0,Male,Cash,Souvenir,Cevahir AVM,25/01/2021
C101716,26.0,81.32,2.0,Female,Cash,Cosmetics,Metrocity,26/08/2022
C101723,24.0,121.98,3.0,Male,Cash,Cosmetics,Cevahir AVM,19/01/2021
C101725,61.0,40.66,1.0,Male,Cash,Cosmetics,Viaport Outlet,9/7/2021
C101726,59.0,60.6,4.0,Male,Debit Card,Books,Kanyon,19/12/2022
C101733,44.0,121.98,3.0,Male,Cash,Cosmetics,Metropol AVM,25/02/2022
C101737,26.0,300.08,1.0,Male,Debit Card,Clothing,Kanyon,22/12/2021
C101742,20.0,20.92,4.0,Male,Debit Card,Food & Beverage,Zorlu Center,7/4/2021
C101743,35.0,20.92,4.0,Female,Credit Card,Food & Beverage,Kanyon,2/7/2021
C101744,62.0,10.46,2.0,Male,Debit Card,Food & Beverage,Mall of Istanbul,17/07/2022
C101746,66.0,1500.4,5.0,Female,Debit Card,Clothing,Istinye Park,1/8/2021
C101747,47.0,15.69,3.0,Female,Cash,Food & Beverage,Kanyon,25/02/2021
C101751,32.0,81.32,2.0,Male,Cash,Cosmetics,Metrocity,30/07/2022
C101755,56.0,600.16,2.0,Female,Cash,Clothing,Metropol AVM,27/06/2021
C101756,24.0,1200.32,4.0,Male,Cash,Clothing,Mall of Istanbul,26/09/2021
C101757,58.0,15.69,3.0,Female,Cash,Food & Beverage,Mall of Istanbul,17/04/2022
C101758,21.0,1500.4,5.0,Male,Debit Card,Clothing,Metropol AVM,28/08/2021
C101764,66.0,5.23,1.0,Male,Credit Card,Food & Beverage,Viaport Outlet,23/04/2022
C101767,40.0,107.52,3.0,Male,Cash,Toys,Kanyon,31/01/2021
C101768,63.0,71.68,2.0,Female,Credit Card,Toys,Kanyon,1/3/2021
C101770,64.0,5.23,1.0,Female,Cash,Food & Beverage,Zorlu Center,23/06/2021
C101771,48.0,203.3,5.0,Female,Cash,Cosmetics,Istinye Park,22/03/2022
C101773,54.0,26.15,5.0,Male,Credit Card,Food & Beverage,Forum Istanbul,14/09/2022
C101775,49.0,1500.4,5.0,Female,Credit Card,Clothing,Cevahir AVM,6/1/2021
C101776,56.0,15.69,3.0,Female,Credit Card,Food & Beverage,Metrocity,31/10/2021
C101779,27.0,26.15,5.0,Male,Credit Card,Food & Beverage,Istinye Park,10/5/2021
C101781,26.0,600.16,2.0,Female,Credit Card,Clothing,Kanyon,19/02/2021
C101786,59.0,143.36,4.0,Female,Credit Card,Toys,Metrocity,24/09/2022
C101788,66.0,5250.0,5.0,Female,Credit Card,Technology,Istinye Park,15/01/2022
C101790,65.0,203.3,5.0,Female,Credit Card,Cosmetics,Emaar Square Mall,14/01/2021
C101791,37.0,3000.85,5.0,Male,Credit Card,Shoes,Kanyon,5/8/2022
C101793,52.0,10.46,2.0,Female,Credit Card,Food & Beverage,Mall of Istanbul,29/05/2022
C101803,33.0,5.23,1.0,Male,Cash,Food & Beverage,Emaar Square Mall,17/02/2021
C101806,31.0,1200.32,4.0,Female,Cash,Clothing,Cevahir AVM,12/2/2021
C101810,45.0,11.73,1.0,Female,Cash,Souvenir,Forum Istanbul,12/3/2022
C101817,45.0,1200.32,4.0,Male,Cash,Clothing,Zorlu Center,19/08/2022
C101818,56.0,900.24,3.0,Female,Cash,Clothing,Metrocity,3/11/2022
C101820,28.0,1500.4,5.0,Male,Debit Card,Clothing,Kanyon,10/2/2023
C101822,54.0,600.16,2.0,Female,Cash,Clothing,Metrocity,25/03/2021
C101824,22.0,300.08,1.0,Female,Credit Card,Clothing,Kanyon,2/10/2021
C101833,69.0,15.15,1.0,Male,Credit Card,Books,Istinye Park,19/01/2021
C101835,29.0,121.98,3.0,Male,Cash,Cosmetics,Viaport Outlet,20/08/2022
C101839,49.0,40.66,1.0,Male,Cash,Cosmetics,Zorlu Center,21/07/2021
C101843,18.0,20.92,4.0,Female,Cash,Food & Beverage,Emaar Square Mall,30/04/2021
C101845,28.0,10.46,2.0,Female,Cash,Food & Beverage,Kanyon,2/1/2022
C101852,55.0,143.36,4.0,Female,Debit Card,Toys,Mall of Istanbul,26/10/2021
C101853,38.0,203.3,5.0,Male,Cash,Cosmetics,Metrocity,17/12/2022
C101855,52.0,300.08,1.0,Male,Credit Card,Clothing,Metropol AVM,15/02/2023
C101856,38.0,1800.51,3.0,Female,Cash,Shoes,Istinye Park,25/01/2021
C101863,68.0,1200.34,2.0,Female,Debit Card,Shoes,Kanyon,8/3/2023
C101866,66.0,300.08,1.0,Male,Credit Card,Clothing,Mall of Istanbul,1/5/2021
C101871,22.0,900.24,3.0,Male,Credit Card,Clothing,Metrocity,16/12/2022
C101875,57.0,5.23,1.0,Female,Debit Card,Food & Beverage,Mall of Istanbul,7/9/2021
C101878,39.0,162.64,4.0,Male,Cash,Cosmetics,Cevahir AVM,15/03/2021
C101882,67.0,10.46,2.0,Female,Debit Card,Food & Beverage,Metropol AVM,8/8/2022
C101883,37.0,179.2,5.0,Female,Cash,Toys,Metropol AVM,7/2/2022
C101885,41.0,26.15,5.0,Female,Debit Card,Food & Beverage,Metropol AVM,4/11/2022
C101886,45.0,58.65,5.0,Female,Debit Card,Souvenir,Mall of Istanbul,15/07/2022
C101893,56.0,121.98,3.0,Male,Cash,Cosmetics,Cevahir AVM,9/1/2022
C101897,60.0,1200.32,4.0,Female,Cash,Clothing,Emaar Square Mall,9/6/2021
C101898,57.0,71.68,2.0,Female,Credit Card,Toys,Istinye Park,10/12/2021
C101904,38.0,10.46,2.0,Female,Debit Card,Food & Beverage,Metropol AVM,3/11/2021
C101908,41.0,23.46,2.0,Female,Debit Card,Souvenir,Zorlu Center,22/01/2022
C101912,59.0,2400.68,4.0,Female,Credit Card,Shoes,Emaar Square Mall,27/07/2021
C101917,32.0,121.98,3.0,Male,Cash,Cosmetics,Kanyon,9/12/2021
C101919,56.0,1200.34,2.0,Female,Credit Card,Shoes,Cevahir AVM,3/6/2021
C101921,62.0,1500.4,5.0,Female,Cash,Clothing,Mall of Istanbul,9/11/2022
C101924,29.0,600.16,2.0,Female,Cash,Clothing,Mall of Istanbul,20/06/2021
C101926,47.0,600.16,2.0,Female,Cash,Clothing,Mall of Istanbul,14/02/2023
C101929,21.0,40.66,1.0,Female,Credit Card,Cosmetics,Mall of Istanbul,20/02/2022
C101932,27.0,179.2,5.0,Female,Credit Card,Toys,Istinye Park,21/07/2021
C101939,52.0,179.2,5.0,Female,Credit Card,Toys,Metrocity,30/05/2021
C101941,38.0,71.68,2.0,Male,Cash,Toys,Zorlu Center,19/02/2023
C101946,30.0,1200.34,2.0,Male,Cash,Shoes,Zorlu Center,26/03/2021
C101947,40.0,3000.85,5.0,Male,Cash,Shoes,Metrocity,23/12/2022
C101949,44.0,203.3,5.0,Male,Cash,Cosmetics,Kanyon,31/05/2022
C101953,46.0,179.2,5.0,Female,Debit Card,Toys,Mall of Istanbul,28/04/2022
C101956,27.0,11.73,1.0,Female,Cash,Souvenir,Mall of Istanbul,25/02/2021
C101957,34.0,179.2,5.0,Female,Cash,Toys,Mall of Istanbul,2/11/2021
C101958,18.0,900.24,3.0,Female,Credit Card,Clothing,Kanyon,16/03/2021
C101961,37.0,107.52,3.0,Female,Cash,Toys,Kanyon,6/1/2023
C101965,58.0,58.65,5.0,Female,Credit Card,Souvenir,Metropol AVM,27/02/2023
C101967,19.0,179.2,5.0,Female,Cash,Toys,Forum Istanbul,18/11/2022
C101970,67.0,40.66,1.0,Female,Cash,Cosmetics,Kanyon,28/12/2022
C101989,63.0,11.73,1.0,Female,Cash,Souvenir,Istinye Park,24/01/2022
C101991,66.0,1500.4,5.0,Female,Credit Card,Clothing,Metropol AVM,11/5/2021
C101995,24.0,900.24,3.0,Female,Cash,Clothing,Mall of Istanbul,23/12/2021
C101996,55.0,4200.0,4.0,Male,Cash,Technology,Viaport Outlet,18/10/2021
C102001,37.0,40.66,1.0,Female,Credit Card,Cosmetics,Mall of Istanbul,4/2/2021
C102005,63.0,5.23,1.0,Female,Cash,Food & Beverage,Emaar Square Mall,26/03/2022
C102006,64.0,71.68,2.0,Male,Cash,Toys,Viaport Outlet,2/5/2021
C102007,30.0,121.98,3.0,Female,Credit Card,Cosmetics,Kanyon,6/11/2022
C102008,50.0,900.24,3.0,Male,Cash,Clothing,Forum Istanbul,7/1/2022
C102009,56.0,4200.0,4.0,Female,Credit Card,Technology,Istinye Park,22/05/2021
C102010,31.0,300.08,1.0,Male,Credit Card,Clothing,Istinye Park,25/02/2023
C102015,66.0,600.16,2.0,Male,Cash,Clothing,Metrocity,1/4/2022
C102021,36.0,203.3,5.0,Female,Credit Card,Cosmetics,Kanyon,11/1/2023
C102024,46.0,60.6,4.0,Female,Debit Card,Books,Emaar Square Mall,4/7/2022
C102029,29.0,40.66,1.0,Female,Credit Card,Cosmetics,Forum Istanbul,7/6/2021
C102030,60.0,11.73,1.0,Male,Cash,Souvenir,Mall of Istanbul,10/1/2022
C102033,38.0,75.75,5.0,Male,Cash,Books,Mall of Istanbul,1/9/2021
C102037,37.0,15.69,3.0,Female,Cash,Food & Beverage,Viaport Outlet,22/04/2021
C102043,27.0,1200.32,4.0,Female,Credit Card,Clothing,Kanyon,4/2/2023
C102047,38.0,600.16,2.0,Female,Debit Card,Clothing,Emaar Square Mall,28/03/2021
C102058,28.0,45.45,3.0,Male,Cash,Books,Istinye Park,27/05/2022
C102060,68.0,1200.32,4.0,Male,Debit Card,Clothing,Viaport Outlet,6/1/2022
C102061,48.0,26.15,5.0,Male,Cash,Food & Beverage,Mall of Istanbul,1/10/2021
C102062,57.0,58.65,5.0,Female,Cash,Souvenir,Zorlu Center,8/1/2021
C102063,60.0,30.3,2.0,Female,Cash,Books,Mall of Istanbul,13/12/2021
C102064,43.0,15.69,3.0,Male,Credit Card,Food & Beverage,Kanyon,29/11/2021
C102069,21.0,71.68,2.0,Female,Cash,Toys,Istinye Park,11/9/2022
C102084,55.0,1200.34,2.0,Female,Cash,Shoes,Metrocity,10/2/2023
C102085,20.0,35.19,3.0,Male,Cash,Souvenir,Zorlu Center,20/10/2021
C102097,65.0,1050.0,1.0,Male,Cash,Technology,Kanyon,27/04/2021
C102098,19.0,900.24,3.0,Female,Credit Card,Clothing,Istinye Park,18/10/2021
C102100,55.0,30.3,2.0,Female,Cash,Books,Kanyon,28/12/2022
C102101,39.0,35.19,3.0,Female,Cash,Souvenir,Viaport Outlet,24/09/2021
C102102,32.0,1200.32,4.0,Female,Debit Card,Clothing,Kanyon,23/11/2021
C102103,56.0,1500.4,5.0,Female,Credit Card,Clothing,Kanyon,24/09/2022
C102104,30.0,1200.32,4.0,Male,Credit Card,Clothing,Metrocity,29/07/2022
C102106,33.0,1200.32,4.0,Female,Credit Card,Clothing,Mall of Istanbul,7/10/2021
C102108,25.0,23.46,2.0,Female,Cash,Souvenir,Kanyon,3/1/2021
C102113,36.0,11.73,1.0,Female,Cash,Souvenir,Mall of Istanbul,28/07/2021
C102114,20.0,300.08,1.0,Male,Cash,Clothing,Metrocity,25/03/2022
C102117,30.0,3150.0,3.0,Male,Credit Card,Technology,Metrocity,13/04/2022
C102123,25.0,23.46,2.0,Female,Cash,Souvenir,Zorlu Center,17/10/2021
C102125,22.0,900.24,3.0,Male,Debit Card,Clothing,Kanyon,28/03/2022
C102127,33.0,5.23,1.0,Female,Cash,Food & Beverage,Istinye Park,3/12/2022
C102130,53.0,35.84,1.0,Female,Credit Card,Toys,Mall of Istanbul,13/02/2022
C102131,39.0,300.08,1.0,Female,Cash,Clothing,Mall of Istanbul,23/02/2022
C102134,38.0,23.46,2.0,Male,Debit Card,Souvenir,Kanyon,5/4/2022
C102136,60.0,1200.32,4.0,Female,Debit Card,Clothing,Mall of Istanbul,2/11/2022
C102137,63.0,20.92,4.0,Male,Debit Card,Food & Beverage,Cevahir AVM,12/4/2021
C102138,38.0,10.46,2.0,Female,Credit Card,Food & Beverage,Mall of Istanbul,24/04/2022
C102139,26.0,179.2,5.0,Female,Credit Card,Toys,Metropol AVM,12/5/2021
C102146,68.0,5.23,1.0,Female,Cash,Food & Beverage,Metropol AVM,29/06/2022
C102151,42.0,900.24,3.0,Female,Debit Card,Clothing,Mall of Istanbul,20/08/2022
C102154,30.0,5.23,1.0,Male,Cash,Food & Beverage,Mall of Istanbul,18/01/2021
C102156,31.0,75.75,5.0,Male,Debit Card,Books,Viaport Outlet,12/4/2022
C102158,31.0,2100.0,2.0,Female,Credit Card,Technology,Forum Istanbul,7/2/2022
C102159,41.0,300.08,1.0,Female,Cash,Clothing,Metrocity,18/05/2022
C102162,37.0,121.98,3.0,Female,Cash,Cosmetics,Mall of Istanbul,27/08/2021
C102163,18.0,20.92,4.0,Female,Cash,Food & Beverage,Viaport Outlet,21/12/2021
C102164,56.0,143.36,4.0,Female,Credit Card,Toys,Kanyon,30/09/2022
C102168,22.0,3000.85,5.0,Male,Credit Card,Shoes,Mall of Istanbul,9/11/2022
C102174,58.0,1050.0,1.0,Male,Cash,Technology,Kanyon,30/08/2022
C102175,43.0,40.66,1.0,Male,Debit Card,Cosmetics,Cevahir AVM,27/07/2022
C102176,43.0,900.24,3.0,Female,Credit Card,Clothing,Emaar Square Mall,2/2/2022
C102179,59.0,900.24,3.0,Female,Cash,Clothing,Istinye Park,28/03/2021
C102182,55.0,2400.68,4.0,Female,Cash,Shoes,Mall of Istanbul,20/02/2022
C102193,37.0,1500.4,5.0,Female,Cash,Clothing,Emaar Square Mall,16/02/2022
C102200,67.0,15.69,3.0,Female,Cash,Food & Beverage,Metrocity,3/9/2022
C102203,58.0,2400.68,4.0,Female,Cash,Shoes,Cevahir AVM,29/08/2021
C102204,63.0,143.36,4.0,Male,Cash,Toys,Viaport Outlet,13/09/2022
C102212,65.0,2100.0,2.0,Female,Credit Card,Technology,Emaar Square Mall,7/4/2022
C102213,69.0,107.52,3.0,Male,Cash,Toys,Mall of Istanbul,12/8/2022
C102217,56.0,30.3,2.0,Female,Cash,Books,Metrocity,4/8/2021
C102224,41.0,35.19,3.0,Male,Cash,Souvenir,Mall of Istanbul,6/5/2022
C102226,27.0,15.15,1.0,Female,Debit Card,Books,Cevahir AVM,9/1/2023
C102229,61.0,4200.0,4.0,Male,Debit Card,Technology,Mall of Istanbul,13/08/2021
C102230,44.0,5.23,1.0,Female,Cash,Food & Beverage,Metropol AVM,10/12/2022
C102234,30.0,300.08,1.0,Male,Credit Card,Clothing,Mall of Istanbul,28/01/2022
C102238,25.0,1200.32,4.0,Male,Debit Card,Clothing,Mall of Istanbul,2/3/2022
C102246,27.0,1500.4,5.0,Male,Credit Card,Clothing,Mall of Istanbul,20/05/2021
C102247,36.0,900.24,3.0,Female,Debit Card,Clothing,Emaar Square Mall,7/10/2022
C102249,26.0,1200.32,4.0,Male,Debit Card,Clothing,Istinye Park,8/9/2021
C102250,24.0,20.92,4.0,Male,Cash,Food & Beverage,Mall of Istanbul,14/08/2022
C102255,69.0,600.16,2.0,Female,Debit Card,Clothing,Kanyon,20/01/2023
C102259,53.0,600.16,2.0,Female,Cash,Clothing,Istinye Park,13/03/2021
C102263,26.0,203.3,5.0,Male,Cash,Cosmetics,Kanyon,21/01/2021
C102265,52.0,300.08,1.0,Female,Credit Card,Clothing,Mall of Istanbul,26/11/2022
C102266,36.0,1200.32,4.0,Female,Credit Card,Clothing,Mall of Istanbul,7/11/2021
C102271,55.0,30.3,2.0,Female,Cash,Books,Kanyon,4/8/2022
C102272,38.0,71.68,2.0,Male,Cash,Toys,Zorlu Center,25/12/2021
C102275,41.0,300.08,1.0,Male,Credit Card,Clothing,Metrocity,7/2/2022
C102277,32.0,10.46,2.0,Female,Cash,Food & Beverage,Viaport Outlet,16/01/2021
C102280,34.0,35.19,3.0,Female,Credit Card,Souvenir,Cevahir AVM,10/4/2022
C102282,18.0,900.24,3.0,Male,Cash,Clothing,Forum Istanbul,7/12/2021
C102283,31.0,300.08,1.0,Male,Cash,Clothing,Kanyon,23/08/2021
C102285,56.0,20.92,4.0,Female,Cash,Food & Beverage,Kanyon,13/04/2022
C102286,68.0,1500.4,5.0,Male,Debit Card,Clothing,Istinye Park,26/04/2021
C102287,28.0,300.08,1.0,Female,Debit Card,Clothing,Kanyon,30/10/2022
C102289,65.0,900.24,3.0,Male,Cash,Clothing,Kanyon,23/02/2021
C102293,67.0,1500.4,5.0,Male,Debit Card,Clothing,Mall of Istanbul,11/1/2021
C102294,32.0,46.92,4.0,Male,Cash,Souvenir,Mall of Istanbul,29/09/2022
C102297,68.0,900.24,3.0,Male,Cash,Clothing,Kanyon,19/10/2022
C102300,59.0,300.08,1.0,Male,Debit Card,Clothing,Kanyon,23/08/2022
C102301,25.0,71.68,2.0,Male,Credit Card,Toys,Metrocity,18/09/2022
C102302,25.0,300.08,1.0,Male,Credit Card,Clothing,Mall of Istanbul,16/11/2022
C102303,60.0,40.66,1.0,Female,Cash,Cosmetics,Metropol AVM,16/04/2022
C102305,29.0,35.84,1.0,Male,Credit Card,Toys,Emaar Square Mall,21/01/2021
C102312,69.0,900.24,3.0,Female,Credit Card,Clothing,Kanyon,18/11/2022
C102313,22.0,81.32,2.0,Male,Debit Card,Cosmetics,Kanyon,9/11/2021
C102318,64.0,11.73,1.0,Male,Cash,Souvenir,Metrocity,8/5/2022
C102319,26.0,1800.51,3.0,Male,Cash,Shoes,Mall of Istanbul,8/4/2021
C102324,32.0,11.73,1.0,Female,Cash,Souvenir,Mall of Istanbul,8/1/2022
C102327,39.0,81.32,2.0,Male,Cash,Cosmetics,Istinye Park,4/3/2022
C102328,42.0,81.32,2.0,Female,Credit Card,Cosmetics,Istinye Park,2/8/2021
C102332,39.0,107.52,3.0,Female,Credit Card,Toys,Mall of Istanbul,21/06/2022
C102341,53.0,1200.32,4.0,Female,Cash,Clothing,Metropol AVM,3/9/2021
C102342,30.0,600.16,2.0,Male,Credit Card,Clothing,Kanyon,5/3/2023
C102344,49.0,600.16,2.0,Male,Credit Card,Clothing,Viaport Outlet,14/03/2022
C102346,50.0,107.52,3.0,Male,Cash,Toys,Mall of Istanbul,18/06/2022
C102353,69.0,162.64,4.0,Female,Debit Card,Cosmetics,Kanyon,22/12/2022
C102354,22.0,600.16,2.0,Male,Debit Card,Clothing,Kanyon,31/05/2022
C102355,50.0,162.64,4.0,Female,Credit Card,Cosmetics,Kanyon,26/12/2022
C102357,23.0,11.73,1.0,Female,Cash,Souvenir,Metrocity,17/10/2022
C102358,43.0,35.84,1.0,Male,Cash,Toys,Forum Istanbul,29/01/2021
C102359,57.0,107.52,3.0,Male,Credit Card,Toys,Metrocity,9/7/2022
C102366,56.0,3000.85,5.0,Male,Credit Card,Shoes,Istinye Park,30/08/2022
C102369,52.0,1200.32,4.0,Male,Debit Card,Clothing,Metrocity,3/2/2021
C102371,62.0,3000.85,5.0,Female,Credit Card,Shoes,Zorlu Center,1/8/2021
C102372,32.0,121.98,3.0,Male,Debit Card,Cosmetics,Mall of Istanbul,8/2/2022
C102375,68.0,10.46,2.0,Male,Credit Card,Food & Beverage,Metropol AVM,18/04/2022
C102381,27.0,1200.34,2.0,Male,Debit Card,Shoes,Metrocity,21/05/2021
C102383,30.0,121.98,3.0,Female,Cash,Cosmetics,Kanyon,7/3/2022
C102398,39.0,300.08,1.0,Male,Cash,Clothing,Mall of Istanbul,8/4/2022
C102403,56.0,900.24,3.0,Female,Cash,Clothing,Kanyon,26/08/2021
C102404,52.0,26.15,5.0,Female,Cash,Food & Beverage,Emaar Square Mall,4/1/2021
C102405,42.0,3150.0,3.0,Female,Cash,Technology,Cevahir AVM,17/06/2022
C102406,30.0,107.52,3.0,Male,Credit Card,Toys,Zorlu Center,9/2/2022
C102408,27.0,600.16,2.0,Female,Credit Card,Clothing,Forum Istanbul,3/12/2022
C102409,20.0,162.64,4.0,Male,Cash,Cosmetics,Metropol AVM,29/06/2021
C102410,30.0,1200.34,2.0,Male,Credit Card,Shoes,Metrocity,31/03/2021
C102416,63.0,600.16,2.0,Male,Debit Card,Clothing,Istinye Park,22/08/2022
C102420,41.0,143.36,4.0,Male,Credit Card,Toys,Emaar Square Mall,18/01/2021
C102425,68.0,600.17,1.0,Female,Cash,Shoes,Metrocity,8/6/2022
C102426,34.0,900.24,3.0,Male,Cash,Clothing,Mall of Istanbul,30/05/2022
C102429,40.0,40.66,1.0,Male,Cash,Cosmetics,Metropol AVM,9/5/2022
C102433,49.0,600.17,1.0,Female,Cash,Shoes,Metropol AVM,6/2/2021
C102441,49.0,121.98,3.0,Male,Cash,Cosmetics,Metropol AVM,17/09/2022
C102447,26.0,2400.68,4.0,Male,Debit Card,Shoes,Kanyon,24/01/2022
C102449,22.0,900.24,3.0,Male,Credit Card,Clothing,Mall of Istanbul,14/05/2021
C102454,42.0,300.08,1.0,Female,Debit Card,Clothing,Emaar Square Mall,30/11/2022
C102455,19.0,71.68,2.0,Female,Cash,Toys,Istinye Park,6/12/2021
C102456,47.0,35.84,1.0,Male,Debit Card,Toys,Kanyon,11/10/2021
C102459,32.0,1500.4,5.0,Female,Debit Card,Clothing,Kanyon,18/02/2023
C102460,50.0,900.24,3.0,Male,Cash,Clothing,Metrocity,24/10/2022
C102461,62.0,900.24,3.0,Male,Debit Card,Clothing,Cevahir AVM,31/12/2022
C102467,33.0,40.66,1.0,Female,Debit Card,Cosmetics,Mall of Istanbul,24/08/2022
C102468,37.0,1500.4,5.0,Female,Cash,Clothing,Emaar Square Mall,4/9/2021
C102474,64.0,1200.34,2.0,Female,Credit Card,Shoes,Cevahir AVM,14/06/2022
C102477,42.0,1200.34,2.0,Female,Cash,Shoes,Metrocity,25/09/2022
C102478,67.0,35.84,1.0,Male,Cash,Toys,Cevahir AVM,28/01/2023
C102488,43.0,300.08,1.0,Female,Credit Card,Clothing,Mall of Istanbul,1/2/2023
C102489,25.0,20.92,4.0,Male,Debit Card,Food & Beverage,Forum Istanbul,29/03/2021
C102492,44.0,900.24,3.0,Female,Cash,Clothing,Zorlu Center,9/4/2022
C102495,55.0,1200.32,4.0,Male,Cash,Clothing,Viaport Outlet,13/09/2021
C102500,41.0,1500.4,5.0,Male,Credit Card,Clothing,Metrocity,23/07/2021
C102503,49.0,1500.4,5.0,Female,Debit Card,Clothing,Mall of Istanbul,17/10/2022
C102506,44.0,900.24,3.0,Female,Cash,Clothing,Kanyon,28/06/2021
C102508,62.0,107.52,3.0,Female,Credit Card,Toys,Istinye Park,28/10/2022
C102510,60.0,40.66,1.0,Male,Debit Card,Cosmetics,Mall of Istanbul,18/06/2021
C102511,32.0,900.24,3.0,Female,Cash,Clothing,Cevahir AVM,14/05/2021
C102513,58.0,1200.32,4.0,Male,Credit Card,Clothing,Istinye Park,22/04/2022
C102515,28.0,2400.68,4.0,Female,Cash,Shoes,Mall of Istanbul,18/12/2021
C102522,22.0,900.24,3.0,Female,Cash,Clothing,Kanyon,25/06/2022
C102524,50.0,5.23,1.0,Female,Credit Card,Food & Beverage,Metropol AVM,19/05/2021
C102527,20.0,20.92,4.0,Female,Cash,Food & Beverage,Istinye Park,17/10/2022
C102529,61.0,40.66,1.0,Female,Cash,Cosmetics,Forum Istanbul,1/9/2021
C102531,49.0,300.08,1.0,Female,Debit Card,Clothing,Metrocity,13/07/2021
C102535,37.0,107.52,3.0,Female,Credit Card,Toys,Kanyon,19/09/2021
C102540,55.0,1500.4,5.0,Female,Cash,Clothing,Mall of Istanbul,2/5/2021
C102542,40.0,203.3,5.0,Female,Cash,Cosmetics,Mall of Istanbul,1/8/2021
C102543,29.0,1200.32,4.0,Female,Credit Card,Clothing,Emaar Square Mall,12/11/2022
C102544,49.0,162.64,4.0,Female,Credit Card,Cosmetics,Forum Istanbul,18/04/2022
C102547,26.0,900.24,3.0,Female,Cash,Clothing,Mall of Istanbul,3/11/2022
C102548,64.0,35.84,1.0,Male,Credit Card,Toys,Mall of Istanbul,28/04/2022
C102550,30.0,1500.4,5.0,Female,Credit Card,Clothing,Metrocity,19/09/2021
C102554,35.0,26.15,5.0,Male,Credit Card,Food & Beverage,Viaport Outlet,23/04/2021
C102558,62.0,30.3,2.0,Female,Cash,Books,Mall of Istanbul,15/04/2022
C102559,61.0,26.15,5.0,Female,Cash,Food & Beverage,Kanyon,2/2/2022
C102560,54.0,900.24,3.0,Female,Cash,Clothing,Kanyon,30/01/2021
C102565,35.0,81.32,2.0,Male,Debit Card,Cosmetics,Mall of Istanbul,14/04/2021
C102566,40.0,179.2,5.0,Female,Cash,Toys,Metrocity,17/07/2021
C102567,29.0,300.08,1.0,Male,Cash,Clothing,Metrocity,12/5/2021
C102571,68.0,179.2,5.0,Female,Debit Card,Toys,Istinye Park,30/05/2022
C102575,48.0,203.3,5.0,Female,Cash,Cosmetics,Zorlu Center,11/8/2022
C102584,66.0,5.23,1.0,Female,Cash,Food & Beverage,Mall of Istanbul,19/02/2021
C102585,41.0,121.98,3.0,Male,Cash,Cosmetics,Mall of Istanbul,25/09/2021
C102587,19.0,75.75,5.0,Female,Credit Card,Books,Istinye Park,30/06/2022
C102588,42.0,5.23,1.0,Male,Cash,Food & Beverage,Viaport Outlet,30/04/2021
C102590,49.0,2100.0,2.0,Female,Cash,Technology,Metrocity,25/06/2022
C102592,26.0,121.98,3.0,Female,Debit Card,Cosmetics,Mall of Istanbul,27/11/2022
C102596,32.0,203.3,5.0,Female,Credit Card,Cosmetics,Kanyon,6/12/2021
C102597,25.0,107.52,3.0,Male,Credit Card,Toys,Istinye Park,15/12/2022
C102599,22.0,179.2,5.0,Female,Credit Card,Toys,Metropol AVM,29/10/2022
C102600,63.0,35.84,1.0,Male,Credit Card,Toys,Metrocity,30/11/2022
C102604,63.0,15.15,1.0,Male,Credit Card,Books,Cevahir AVM,22/08/2021
C102606,64.0,121.98,3.0,Female,Credit Card,Cosmetics,Kanyon,29/04/2021
C102607,38.0,2100.0,2.0,Male,Debit Card,Technology,Metrocity,24/10/2021
C102615,31.0,20.92,4.0,Female,Cash,Food & Beverage,Metrocity,21/06/2022
C102619,19.0,1200.32,4.0,Female,Credit Card,Clothing,Emaar Square Mall,7/2/2021
C102621,32.0,10.46,2.0,Female,Cash,Food & Beverage,Metrocity,30/05/2022
C102623,21.0,600.16,2.0,Female,Cash,Clothing,Kanyon,12/6/2022
C102625,44.0,162.64,4.0,Female,Credit Card,Cosmetics,Metrocity,28/09/2021
C102634,66.0,1500.4,5.0,Female,Cash,Clothing,Kanyon,27/05/2021
C102638,54.0,107.52,3.0,Female,Credit Card,Toys,Cevahir AVM,16/09/2022
C102641,30.0,15.69,3.0,Female,Cash,Food & Beverage,Emaar Square Mall,10/12/2021
C102642,32.0,81.32,2.0,Female,Cash,Cosmetics,Zorlu Center,18/03/2021
C102646,56.0,300.08,1.0,Female,Debit Card,Clothing,Viaport Outlet,16/07/2021
C102647,52.0,900.24,3.0,Male,Credit Card,Clothing,Kanyon,9/12/2021
C102650,33.0,5.23,1.0,Male,Credit Card,Food & Beverage,Forum Istanbul,18/05/2022
C102652,66.0,15.15,1.0,Male,Credit Card,Books,Metrocity,6/9/2021
C102656,19.0,15.15,1.0,Male,Debit Card,Books,Viaport Outlet,1/9/2022
C102664,63.0,71.68,2.0,Female,Credit Card,Toys,Emaar Square Mall,26/09/2021
C102665,61.0,1200.34,2.0,Female,Cash,Shoes,Emaar Square Mall,9/7/2022
C102667,19.0,81.32,2.0,Female,Debit Card,Cosmetics,Metropol AVM,28/05/2022
C102669,57.0,1800.51,3.0,Male,Credit Card,Shoes,Cevahir AVM,27/01/2023
C102672,60.0,35.19,3.0,Female,Cash,Souvenir,Kanyon,11/5/2022
C102678,51.0,900.24,3.0,Female,Cash,Clothing,Zorlu Center,11/2/2022
C102679,57.0,162.64,4.0,Male,Credit Card,Cosmetics,Kanyon,26/02/2023
C102683,57.0,1500.4,5.0,Female,Debit Card,Clothing,Metrocity,4/8/2022
C102684,31.0,162.64,4.0,Female,Cash,Cosmetics,Metropol AVM,3/6/2021
C102685,26.0,300.08,1.0,Female,Cash,Clothing,Kanyon,20/03/2021
C102688,24.0,600.16,2.0,Male,Credit Card,Clothing,Kanyon,28/10/2022
C102690,26.0,10.46,2.0,Female,Cash,Food & Beverage,Mall of Istanbul,1/12/2022
C102692,63.0,1200.34,2.0,Female,Cash,Shoes,Viaport Outlet,20/01/2021
C102693,19.0,203.3,5.0,Male,Debit Card,Cosmetics,Kanyon,6/5/2022
C102696,58.0,23.46,2.0,Male,Debit Card,Souvenir,Emaar Square Mall,3/2/2023
C102697,46.0,900.24,3.0,Female,Credit Card,Clothing,Mall of Istanbul,2/2/2021
C102707,25.0,1200.32,4.0,Male,Cash,Clothing,Metrocity,7/5/2021
C102708,54.0,143.36,4.0,Female,Credit Card,Toys,Metropol AVM,18/02/2022
C102709,23.0,600.16,2.0,Male,Credit Card,Clothing,Metrocity,16/11/2021
C102710,44.0,3150.0,3.0,Female,Cash,Technology,Mall of Istanbul,26/06/2021
C102713,64.0,26.15,5.0,Male,Credit Card,Food & Beverage,Emaar Square Mall,14/02/2023
C102715,60.0,2400.68,4.0,Female,Cash,Shoes,Kanyon,9/11/2021
C102717,41.0,81.32,2.0,Male,Credit Card,Cosmetics,Metrocity,20/12/2021
C102718,51.0,300.08,1.0,Female,Cash,Clothing,Metrocity,20/02/2021
C102719,38.0,20.92,4.0,Female,Credit Card,Food & Beverage,Metropol AVM,22/09/2021
C102732,58.0,45.45,3.0,Male,Credit Card,Books,Metrocity,29/06/2021
C102733,67.0,121.98,3.0,Female,Cash,Cosmetics,Kanyon,5/7/2021
C102734,58.0,40.66,1.0,Female,Cash,Cosmetics,Emaar Square Mall,26/04/2022
C102746,23.0,46.92,4.0,Female,Debit Card,Souvenir,Metrocity,16/09/2022
C102753,63.0,1200.32,4.0,Female,Cash,Clothing,Mall of Istanbul,26/05/2022
C102760,24.0,143.36,4.0,Male,Cash,Toys,Viaport Outlet,16/10/2021
C102761,47.0,600.16,2.0,Male,Credit Card,Clothing,Metrocity,8/2/2022
C102764,18.0,75.75,5.0,Female,Credit Card,Books,Metropol AVM,8/8/2022
C102765,43.0,600.16,2.0,Female,Cash,Clothing,Kanyon,28/03/2022
C102767,54.0,2100.0,2.0,Male,Cash,Technology,Kanyon,25/05/2021
C102773,46.0,1200.32,4.0,Female,Credit Card,Clothing,Kanyon,20/02/2023
C102774,36.0,81.32,2.0,Male,Credit Card,Cosmetics,Metropol AVM,21/11/2021
C102775,33.0,203.3,5.0,Male,Debit Card,Cosmetics,Mall of Istanbul,25/04/2022
C102776,64.0,71.68,2.0,Male,Debit Card,Toys,Zorlu Center,15/09/2022
C102777,44.0,600.16,2.0,Female,Cash,Clothing,Metropol AVM,28/05/2022
C102778,60.0,2400.68,4.0,Female,Cash,Shoes,Mall of Istanbul,9/2/2022
C102780,53.0,143.36,4.0,Male,Cash,Toys,Kanyon,26/09/2022
C102783,28.0,900.24,3.0,Female,Debit Card,Clothing,Viaport Outlet,12/1/2021
C102785,34.0,45.45,3.0,Female,Credit Card,Books,Kanyon,3/10/2022
C102787,53.0,35.84,1.0,Female,Credit Card,Toys,Mall of Istanbul,16/02/2021
C102793,44.0,1200.32,4.0,Male,Credit Card,Clothing,Istinye Park,29/11/2021
C102798,50.0,1200.34,2.0,Female,Credit Card,Shoes,Zorlu Center,13/01/2023
C102799,34.0,1200.32,4.0,Male,Cash,Clothing,Emaar Square Mall,9/2/2022
C102803,57.0,203.3,5.0,Male,Credit Card,Cosmetics,Kanyon,14/04/2022
C102809,69.0,15.69,3.0,Male,Cash,Food & Beverage,Forum Istanbul,17/05/2021
C102812,61.0,600.17,1.0,Female,Debit Card,Shoes,Metrocity,15/10/2021
C102817,25.0,26.15,5.0,Female,Cash,Food & Beverage,Istinye Park,26/09/2022
C102827,52.0,1050.0,1.0,Male,Cash,Technology,Mall of Istanbul,30/05/2022
C102829,18.0,1200.32,4.0,Female,Credit Card,Clothing,Kanyon,11/7/2021
C102832,41.0,900.24,3.0,Female,Credit Card,Clothing,Metropol AVM,19/08/2022
C102837,55.0,5.23,1.0,Female,Cash,Food & Beverage,Metropol AVM,14/03/2022
C102839,55.0,81.32,2.0,Female,Credit Card,Cosmetics,Emaar Square Mall,23/12/2021
C102843,27.0,58.65,5.0,Female,Cash,Souvenir,Viaport Outlet,27/01/2023
C102846,46.0,81.32,2.0,Female,Cash,Cosmetics,Metrocity,9/7/2021
C102849,40.0,81.32,2.0,Female,Debit Card,Cosmetics,Emaar Square Mall,24/01/2021
C102854,29.0,1500.4,5.0,Female,Cash,Clothing,Kanyon,13/03/2021
C102860,42.0,1500.4,5.0,Male,Debit Card,Clothing,Metropol AVM,4/9/2022
C102865,59.0,71.68,2.0,Female,Credit Card,Toys,Mall of Istanbul,18/03/2022
C102866,49.0,35.84,1.0,Female,Cash,Toys,Metrocity,11/1/2022
C102868,28.0,1500.4,5.0,Female,Credit Card,Clothing,Istinye Park,14/05/2021
C102869,36.0,162.64,4.0,Female,Debit Card,Cosmetics,Mall of Istanbul,13/04/2022
C102871,61.0,1200.34,2.0,Male,Credit Card,Shoes,Metrocity,4/2/2022
C102872,21.0,40.66,1.0,Male,Credit Card,Cosmetics,Mall of Istanbul,23/04/2022
C102873,33.0,162.64,4.0,Female,Credit Card,Cosmetics,Metropol AVM,11/1/2023
C102875,37.0,203.3,5.0,Female,Cash,Cosmetics,Metropol AVM,24/07/2022
C102876,46.0,10.46,2.0,Female,Credit Card,Food & Beverage,Metrocity,11/10/2022
C102878,35.0,26.15,5.0,Female,Debit Card,Food & Beverage,Metropol AVM,11/8/2022
C102884,56.0,143.36,4.0,Male,Cash,Toys,Mall of Istanbul,28/10/2022
C102885,30.0,203.3,5.0,Male,Credit Card,Cosmetics,Kanyon,10/2/2021
C102891,65.0,600.16,2.0,Male,Credit Card,Clothing,Istinye Park,11/6/2021
C102893,45.0,26.15,5.0,Female,Debit Card,Food & Beverage,Cevahir AVM,23/03/2021
C102905,51.0,600.16,2.0,Male,Credit Card,Clothing,Kanyon,6/9/2021
C102908,44.0,1200.32,4.0,Male,Cash,Clothing,Metrocity,27/09/2021
C102909,53.0,26.15,5.0,Female,Cash,Food & Beverage,Kanyon,8/5/2021
C102913,20.0,1200.32,4.0,Male,Credit Card,Clothing,Kanyon,4/8/2021
C102920,50.0,20.92,4.0,Male,Cash,Food & Beverage,Metrocity,25/08/2021
C102921,38.0,300.08,1.0,Male,Credit Card,Clothing,Kanyon,29/12/2021
C102922,33.0,26.15,5.0,Female,Debit Card,Food & Beverage,Metrocity,21/10/2022
C102923,34.0,600.16,2.0,Female,Debit Card,Clothing,Istinye Park,12/6/2022
C102926,41.0,26.15,5.0,Male,Credit Card,Food & Beverage,Kanyon,22/10/2021
C102927,42.0,162.64,4.0,Female,Cash,Cosmetics,Kanyon,9/9/2021
C102931,64.0,1200.32,4.0,Female,Cash,Clothing,Mall of Istanbul,5/3/2023
C102933,18.0,1200.32,4.0,Female,Credit Card,Clothing,Kanyon,29/08/2021
C102935,50.0,71.68,2.0,Female,Cash,Toys,Cevahir AVM,17/07/2022
C102940,59.0,900.24,3.0,Female,Credit Card,Clothing,Kanyon,22/10/2021
C102942,64.0,600.17,1.0,Male,Credit Card,Shoes,Cevahir AVM,13/05/2022
C102947,57.0,81.32,2.0,Male,Cash,Cosmetics,Mall of Istanbul,6/3/2022
C102948,34.0,300.08,1.0,Female,Credit Card,Clothing,Metrocity,21/11/2021
C102952,61.0,3150.0,3.0,Female,Credit Card,Technology,Metrocity,23/07/2021
C102956,25.0,179.2,5.0,Male,Cash,Toys,Viaport Outlet,28/11/2021
C102957,62.0,5.23,1.0,Female,Cash,Food & Beverage,Zorlu Center,5/10/2022
C102966,28.0,71.68,2.0,Female,Credit Card,Toys,Metropol AVM,1/1/2021
C102967,62.0,1200.34,2.0,Female,Debit Card,Shoes,Mall of Istanbul,7/11/2021
C102970,62.0,35.84,1.0,Male,Cash,Toys,Metrocity,2/4/2021
C102978,26.0,900.24,3.0,Female,Credit Card,Clothing,Metrocity,2/2/2021
C102986,60.0,121.98,3.0,Female,Debit Card,Cosmetics,Mall of Istanbul,28/05/2022
C102989,42.0,26.15,5.0,Female,Cash,Food & Beverage,Forum Istanbul,6/4/2022
C102990,44.0,40.66,1.0,Female,Cash,Cosmetics,Mall of Istanbul,29/11/2021
C102995,30.0,5.23,1.0,Female,Credit Card,Food & Beverage,Kanyon,10/11/2022
C102996,46.0,46.92,4.0,Female,Cash,Souvenir,Mall of Istanbul,12/10/2021
C103000,27.0,3000.85,5.0,Male,Cash,Shoes,Metrocity,16/02/2021
C103003,33.0,15.15,1.0,Female,Credit Card,Books,Kanyon,29/09/2022
C103006,31.0,45.45,3.0,Male,Credit Card,Books,Kanyon,4/9/2022
C103011,38.0,4200.0,4.0,Male,Debit Card,Technology,Metrocity,12/5/2022
C103013,28.0,900.24,3.0,Female,Cash,Clothing,Metrocity,14/03/2022
C103014,18.0,1200.32,4.0,Female,Debit Card,Clothing,Forum Istanbul,7/1/2023
C103019,50.0,600.17,1.0,Female,Credit Card,Shoes,Emaar Square Mall,21/03/2022
C103021,32.0,121.98,3.0,Female,Credit Card,Cosmetics,Forum Istanbul,17/05/2021
C103027,46.0,35.84,1.0,Male,Credit Card,Toys,Mall of Istanbul,5/5/2021
C103029,38.0,600.16,2.0,Male,Debit Card,Clothing,Forum Istanbul,10/9/2022
C103030,21.0,300.08,1.0,Female,Cash,Clothing,Kanyon,27/01/2021
C103031,51.0,600.16,2.0,Female,Cash,Clothing,Mall of Istanbul,22/11/2022
C103035,40.0,4200.0,4.0,Female,Cash,Technology,Metrocity,18/08/2021
C103042,32.0,2400.68,4.0,Male,Debit Card,Shoes,Metropol AVM,16/05/2021
C103043,42.0,60.6,4.0,Male,Cash,Books,Mall of Istanbul,8/1/2022
C103044,20.0,1500.4,5.0,Female,Credit Card,Clothing,Istinye Park,18/02/2021
C103055,55.0,5.23,1.0,Male,Cash,Food & Beverage,Metrocity,25/05/2021
C103057,52.0,1500.4,5.0,Female,Debit Card,Clothing,Mall of Istanbul,13/09/2022
C103065,61.0,600.16,2.0,Female,Debit Card,Clothing,Mall of Istanbul,11/2/2021
C103072,61.0,179.2,5.0,Female,Cash,Toys,Kanyon,18/01/2023
C103073,61.0,600.17,1.0,Male,Cash,Shoes,Mall of Istanbul,7/2/2022
C103076,55.0,15.69,3.0,Male,Credit Card,Food & Beverage,Kanyon,28/01/2023
C103078,45.0,46.92,4.0,Female,Credit Card,Souvenir,Mall of Istanbul,27/07/2021
C103080,50.0,58.65,5.0,Female,Credit Card,Souvenir,Mall of Istanbul,13/11/2021
C103090,65.0,1200.32,4.0,Female,Cash,Clothing,Kanyon,12/2/2023
C103091,61.0,203.3,5.0,Female,Credit Card,Cosmetics,Metrocity,16/05/2022
C103093,20.0,2400.68,4.0,Male,Credit Card,Shoes,Istinye Park,6/9/2021
C103106,23.0,179.2,5.0,Female,Credit Card,Toys,Emaar Square Mall,22/04/2022
C103108,62.0,900.24,3.0,Male,Credit Card,Clothing,Istinye Park,12/1/2023
C103114,37.0,179.2,5.0,Male,Debit Card,Toys,Kanyon,12/10/2022
C103115,29.0,71.68,2.0,Female,Cash,Toys,Mall of Istanbul,19/12/2021
C103120,41.0,1500.4,5.0,Female,Cash,Clothing,Mall of Istanbul,25/03/2021
C103126,23.0,46.92,4.0,Male,Credit Card,Souvenir,Metrocity,25/06/2022
C103138,43.0,1200.32,4.0,Male,Cash,Clothing,Kanyon,7/8/2021
C103152,47.0,15.69,3.0,Male,Cash,Food & Beverage,Kanyon,17/08/2021
C103153,57.0,71.68,2.0,Female,Cash,Toys,Metrocity,1/7/2021
C103156,58.0,81.32,2.0,Male,Cash,Cosmetics,Mall of Istanbul,3/6/2022
C103164,49.0,162.64,4.0,Female,Credit Card,Cosmetics,Metropol AVM,11/11/2021
C103167,23.0,300.08,1.0,Female,Cash,Clothing,Metropol AVM,10/7/2022
C103169,60.0,10.46,2.0,Male,Debit Card,Food & Beverage,Mall of Istanbul,9/11/2021
C103171,35.0,1500.4,5.0,Female,Cash,Clothing,Mall of Istanbul,14/10/2021
C103174,23.0,1200.32,4.0,Female,Credit Card,Clothing,Metrocity,6/3/2023
C103175,23.0,300.08,1.0,Female,Credit Card,Clothing,Metrocity,13/02/2021
C103178,62.0,1800.51,3.0,Male,Credit Card,Shoes,Cevahir AVM,6/1/2021
C103180,36.0,600.16,2.0,Female,Credit Card,Clothing,Istinye Park,2/5/2021
C103181,64.0,35.84,1.0,Female,Debit Card,Toys,Viaport Outlet,25/07/2021
C103182,55.0,300.08,1.0,Female,Cash,Clothing,Metropol AVM,10/9/2022
C103185,20.0,2100.0,2.0,Male,Debit Card,Technology,Metropol AVM,22/09/2022
C103186,24.0,600.16,2.0,Male,Debit Card,Clothing,Metropol AVM,11/11/2022
C103188,20.0,143.36,4.0,Female,Credit Card,Toys,Kanyon,19/02/2021
C103194,36.0,900.24,3.0,Female,Cash,Clothing,Zorlu Center,7/3/2021
C103200,42.0,26.15,5.0,Male,Cash,Food & Beverage,Cevahir AVM,31/07/2022
C103201,18.0,3000.85,5.0,Female,Cash,Shoes,Kanyon,14/07/2021
C103206,18.0,1200.32,4.0,Female,Debit Card,Clothing,Metropol AVM,23/04/2022
C103207,24.0,300.08,1.0,Male,Credit Card,Clothing,Metrocity,18/01/2023
C103210,36.0,600.17,1.0,Male,Cash,Shoes,Cevahir AVM,3/7/2022
C103211,26.0,143.36,4.0,Female,Debit Card,Toys,Mall of Istanbul,17/03/2022
C103213,61.0,23.46,2.0,Female,Cash,Souvenir,Kanyon,14/12/2022
C103218,46.0,600.17,1.0,Male,Cash,Shoes,Cevahir AVM,3/9/2022
C103219,56.0,20.92,4.0,Female,Credit Card,Food & Beverage,Metropol AVM,30/06/2022
C103220,21.0,1200.34,2.0,Male,Cash,Shoes,Mall of Istanbul,9/2/2021
C103221,48.0,1800.51,3.0,Male,Credit Card,Shoes,Mall of Istanbul,21/02/2023
C103226,37.0,179.2,5.0,Male,Debit Card,Toys,Mall of Istanbul,7/3/2021
C103227,53.0,203.3,5.0,Male,Credit Card,Cosmetics,Kanyon,31/01/2023
C103229,51.0,1500.4,5.0,Female,Credit Card,Clothing,Metropol AVM,1/1/2023
C103233,50.0,15.15,1.0,Female,Credit Card,Books,Metropol AVM,28/09/2022
C103234,32.0,40.66,1.0,Male,Cash,Cosmetics,Cevahir AVM,4/9/2021
C103240,28.0,81.32,2.0,Female,Credit Card,Cosmetics,Cevahir AVM,23/06/2022
C103241,21.0,15.69,3.0,Female,Cash,Food & Beverage,Kanyon,26/01/2021
C103242,45.0,15.15,1.0,Female,Credit Card,Books,Forum Istanbul,7/12/2022
C103243,46.0,58.65,5.0,Male,Cash,Souvenir,Kanyon,17/09/2021
C103245,54.0,4200.0,4.0,Male,Cash,Technology,Istinye Park,9/7/2021
C103246,47.0,10.46,2.0,Male,Cash,Food & Beverage,Metrocity,22/04/2021
C103248,43.0,121.98,3.0,Female,Credit Card,Cosmetics,Forum Istanbul,17/11/2022
C103251,25.0,35.84,1.0,Female,Cash,Toys,Kanyon,11/2/2023
C103257,44.0,20.92,4.0,Male,Credit Card,Food & Beverage,Kanyon,31/08/2021
C103260,65.0,900.24,3.0,Female,Cash,Clothing,Forum Istanbul,20/07/2021
C103261,23.0,2400.68,4.0,Male,Credit Card,Shoes,Istinye Park,29/10/2021
C103262,65.0,81.32,2.0,Female,Cash,Cosmetics,Mall of Istanbul,30/09/2021
C103263,21.0,15.15,1.0,Female,Debit Card,Books,Mall of Istanbul,19/01/2023
C103267,48.0,58.65,5.0,Female,Credit Card,Souvenir,Mall of Istanbul,23/08/2021
C103268,32.0,203.3,5.0,Female,Credit Card,Cosmetics,Kanyon,12/8/2021
C103273,37.0,81.32,2.0,Female,Credit Card,Cosmetics,Kanyon,20/10/2022
C103276,28.0,1800.51,3.0,Male,Debit Card,Shoes,Viaport Outlet,4/2/2021
C103279,38.0,81.32,2.0,Female,Cash,Cosmetics,Viaport Outlet,4/8/2022
C103287,51.0,600.17,1.0,Female,Cash,Shoes,Zorlu Center,23/04/2021
C103291,63.0,600.16,2.0,Female,Debit Card,Clothing,Kanyon,18/02/2021
C103292,63.0,10.46,2.0,Male,Debit Card,Food & Beverage,Metrocity,28/03/2021
C103297,58.0,1500.4,5.0,Female,Cash,Clothing,Metrocity,29/01/2023
C103298,41.0,46.92,4.0,Male,Cash,Souvenir,Forum Istanbul,8/10/2022
C103301,33.0,162.64,4.0,Male,Cash,Cosmetics,Kanyon,5/1/2021
C103303,40.0,20.92,4.0,Female,Cash,Food & Beverage,Kanyon,20/07/2021
C103308,64.0,600.17,1.0,Male,Cash,Shoes,Metrocity,16/09/2021
C103309,55.0,600.16,2.0,Female,Cash,Clothing,Metrocity,18/07/2021
C103314,42.0,30.3,2.0,Male,Cash,Books,Metropol AVM,17/02/2023
C103315,38.0,121.98,3.0,Female,Credit Card,Cosmetics,Mall of Istanbul,6/5/2021
C103321,25.0,1050.0,1.0,Male,Cash,Technology,Cevahir AVM,17/01/2021
C103323,59.0,203.3,5.0,Female,Debit Card,Cosmetics,Metrocity,24/10/2022
C103324,54.0,143.36,4.0,Female,Debit Card,Toys,Kanyon,12/7/2021
C103325,43.0,600.16,2.0,Female,Cash,Clothing,Viaport Outlet,28/06/2022
C103326,47.0,300.08,1.0,Female,Cash,Clothing,Metrocity,15/12/2022
C103327,18.0,300.08,1.0,Female,Cash,Clothing,Istinye Park,16/07/2022
C103328,67.0,3000.85,5.0,Female,Cash,Shoes,Mall of Istanbul,8/1/2023
C103329,61.0,35.84,1.0,Female,Cash,Toys,Kanyon,30/10/2022
C103331,23.0,1200.32,4.0,Female,Debit Card,Clothing,Mall of Istanbul,2/2/2022
C103332,39.0,81.32,2.0,Male,Cash,Cosmetics,Mall of Istanbul,14/11/2021
C103333,21.0,900.24,3.0,Male,Cash,Clothing,Viaport Outlet,29/01/2023
C103336,30.0,1200.32,4.0,Female,Credit Card,Clothing,Metrocity,15/07/2022
C103337,56.0,1500.4,5.0,Male,Credit Card,Clothing,Kanyon,13/02/2022
C103341,18.0,71.68,2.0,Female,Debit Card,Toys,Metropol AVM,14/11/2021
C103351,56.0,900.24,3.0,Female,Credit Card,Clothing,Kanyon,17/02/2021
C103354,36.0,600.16,2.0,Female,Credit Card,Clothing,Kanyon,8/4/2021
C103356,46.0,600.16,2.0,Female,Credit Card,Clothing,Mall of Istanbul,1/5/2021
C103359,39.0,30.3,2.0,Female,Debit Card,Books,Kanyon,4/1/2022
C103360,64.0,20.92,4.0,Female,Credit Card,Food & Beverage,Istinye Park,13/02/2021
C103361,63.0,300.08,1.0,Female,Cash,Clothing,Mall of Istanbul,7/1/2021
C103365,39.0,60.6,4.0,Male,Credit Card,Books,Metrocity,25/01/2022
C103385,35.0,15.69,3.0,Female,Debit Card,Food & Beverage,Cevahir AVM,22/05/2022
C103386,27.0,3000.85,5.0,Male,Credit Card,Shoes,Metropol AVM,24/05/2021
C103388,32.0,46.92,4.0,Female,Cash,Souvenir,Kanyon,27/08/2021
C103389,43.0,1200.34,2.0,Female,Credit Card,Shoes,Mall of Istanbul,19/09/2021
C103393,32.0,81.32,2.0,Male,Cash,Cosmetics,Mall of Istanbul,21/01/2023
C103394,46.0,81.32,2.0,Female,Cash,Cosmetics,Metrocity,10/4/2022
C103395,19.0,300.08,1.0,Female,Cash,Clothing,Istinye Park,30/11/2022
C103396,68.0,40.66,1.0,Female,Cash,Cosmetics,Metropol AVM,18/05/2021
C103397,57.0,10.46,2.0,Male,Credit Card,Food & Beverage,Istinye Park,20/01/2022
C103404,67.0,900.24,3.0,Female,Cash,Clothing,Emaar Square Mall,19/08/2022
C103405,31.0,900.24,3.0,Male,Credit Card,Clothing,Emaar Square Mall,26/03/2022
C103409,50.0,11.73,1.0,Female,Credit Card,Souvenir,Kanyon,23/11/2021
C103414,27.0,1800.51,3.0,Male,Cash,Shoes,Kanyon,20/05/2021
C103415,56.0,1500.4,5.0,Male,Cash,Clothing,Zorlu Center,16/04/2021
C103418,47.0,1200.32,4.0,Female,Cash,Clothing,Metrocity,27/02/2021
C103421,45.0,600.16,2.0,Female,Debit Card,Clothing,Kanyon,24/12/2022
C103423,23.0,1200.32,4.0,Female,Cash,Clothing,Mall of Istanbul,11/3/2021
C103424,52.0,179.2,5.0,Female,Credit Card,Toys,Zorlu Center,12/10/2022
C103428,42.0,5.23,1.0,Female,Debit Card,Food & Beverage,Zorlu Center,29/05/2022
C103431,25.0,10.46,2.0,Male,Cash,Food & Beverage,Metropol AVM,3/2/2022
C103434,36.0,900.24,3.0,Male,Credit Card,Clothing,Mall of Istanbul,29/03/2021
C103443,50.0,26.15,5.0,Male,Credit Card,Food & Beverage,Kanyon,13/11/2022
C103445,33.0,10.46,2.0,Male,Credit Card,Food & Beverage,Metropol AVM,25/09/2022
C103446,34.0,2400.68,4.0,Male,Cash,Shoes,Zorlu Center,2/8/2021
C103447,68.0,10.46,2.0,Male,Cash,Food & Beverage,Forum Istanbul,26/11/2022
C103453,46.0,1500.4,5.0,Male,Credit Card,Clothing,Mall of Istanbul,28/03/2021
C103455,61.0,900.24,3.0,Female,Cash,Clothing,Forum Istanbul,19/05/2022
C103459,46.0,1200.32,4.0,Female,Cash,Clothing,Kanyon,12/12/2021
C103460,48.0,1800.51,3.0,Female,Credit Card,Shoes,Mall of Istanbul,27/08/2021
C103461,29.0,81.32,2.0,Female,Cash,Cosmetics,Metropol AVM,9/9/2021
C103463,37.0,71.68,2.0,Male,Debit Card,Toys,Metropol AVM,15/05/2021
C103465,38.0,600.16,2.0,Male,Credit Card,Clothing,Emaar Square Mall,22/04/2021
C103466,35.0,1200.32,4.0,Female,Debit Card,Clothing,Mall of Istanbul,18/03/2021
C103467,51.0,600.16,2.0,Male,Cash,Clothing,Metrocity,26/09/2022
C103471,54.0,162.64,4.0,Female,Debit Card,Cosmetics,Kanyon,2/10/2021
C103472,34.0,20.92,4.0,Male,Debit Card,Food & Beverage,Istinye Park,21/01/2022
C103477,69.0,1200.32,4.0,Female,Cash,Clothing,Mall of Istanbul,31/10/2021
C103478,37.0,23.46,2.0,Male,Credit Card,Souvenir,Viaport Outlet,12/4/2021
C103479,29.0,26.15,5.0,Female,Credit Card,Food & Beverage,Viaport Outlet,27/02/2023
C103484,51.0,3000.85,5.0,Male,Debit Card,Shoes,Kanyon,12/11/2022
C103492,37.0,15.15,1.0,Female,Debit Card,Books,Kanyon,10/1/2022
C103498,26.0,600.17,1.0,Male,Credit Card,Shoes,Mall of Istanbul,25/06/2022
C103500,40.0,1800.51,3.0,Male,Debit Card,Shoes,Istinye Park,25/02/2021
C103503,40.0,35.84,1.0,Male,Cash,Toys,Kanyon,11/10/2022
C103508,34.0,3150.0,3.0,Female,Credit Card,Technology,Viaport Outlet,26/05/2022
C103514,29.0,143.36,4.0,Male,Debit Card,Toys,Mall of Istanbul,27/11/2022
C103515,34.0,60.6,4.0,Male,Cash,Books,Forum Istanbul,5/8/2021
C103519,33.0,2100.0,2.0,Female,Credit Card,Technology,Forum Istanbul,13/10/2021
C103521,63.0,71.68,2.0,Female,Cash,Toys,Mall of Istanbul,6/8/2022
C103523,48.0,46.92,4.0,Female,Cash,Souvenir,Mall of Istanbul,18/01/2021
C103525,65.0,20.92,4.0,Female,Cash,Food & Beverage,Viaport Outlet,22/02/2021
C103532,38.0,11.73,1.0,Female,Cash,Souvenir,Kanyon,30/04/2021
C103535,37.0,300.08,1.0,Male,Cash,Clothing,Emaar Square Mall,3/4/2022
C103536,37.0,5.23,1.0,Female,Credit Card,Food & Beverage,Metropol AVM,11/10/2021
C103539,32.0,600.16,2.0,Female,Cash,Clothing,Emaar Square Mall,28/08/2021
C103540,53.0,26.15,5.0,Female,Debit Card,Food & Beverage,Istinye Park,7/7/2021
C103541,55.0,1800.51,3.0,Female,Credit Card,Shoes,Kanyon,10/6/2022
C103543,22.0,1200.34,2.0,Female,Cash,Shoes,Cevahir AVM,5/2/2021
C103545,56.0,81.32,2.0,Male,Credit Card,Cosmetics,Forum Istanbul,20/10/2022
C103546,58.0,900.24,3.0,Male,Credit Card,Clothing,Cevahir AVM,6/2/2023
C103549,62.0,600.16,2.0,Male,Cash,Clothing,Kanyon,13/05/2022
C103554,64.0,121.98,3.0,Male,Cash,Cosmetics,Forum Istanbul,17/11/2021
C103555,38.0,1800.51,3.0,Male,Debit Card,Shoes,Mall of Istanbul,26/04/2022
C103558,50.0,46.92,4.0,Female,Cash,Souvenir,Metrocity,1/5/2022
C103560,49.0,45.45,3.0,Female,Cash,Books,Metrocity,14/11/2022
C103569,60.0,143.36,4.0,Female,Credit Card,Toys,Metropol AVM,21/09/2021
C103572,35.0,600.16,2.0,Female,Debit Card,Clothing,Viaport Outlet,21/12/2022
C103574,67.0,107.52,3.0,Male,Credit Card,Toys,Cevahir AVM,29/11/2021
C103576,32.0,35.84,1.0,Female,Cash,Toys,Emaar Square Mall,10/11/2021
C103577,42.0,600.16,2.0,Female,Cash,Clothing,Viaport Outlet,7/2/2022
C103578,46.0,1200.34,2.0,Male,Credit Card,Shoes,Metrocity,8/6/2022
C103582,38.0,143.36,4.0,Female,Cash,Toys,Kanyon,14/09/2022
C103583,55.0,1200.32,4.0,Male,Credit Card,Clothing,Zorlu Center,1/6/2021
C103587,65.0,900.24,3.0,Female,Debit Card,Clothing,Kanyon,12/7/2021
C103592,69.0,121.98,3.0,Male,Cash,Cosmetics,Metropol AVM,8/4/2022
C103594,32.0,179.2,5.0,Male,Credit Card,Toys,Kanyon,6/7/2022
C103595,29.0,600.16,2.0,Female,Debit Card,Clothing,Mall of Istanbul,18/02/2022
C103597,36.0,26.15,5.0,Female,Credit Card,Food & Beverage,Istinye Park,14/01/2023
C103598,45.0,1200.34,2.0,Female,Cash,Shoes,Istinye Park,12/1/2023
C103602,19.0,40.66,1.0,Male,Cash,Cosmetics,Istinye Park,26/08/2021
C103603,21.0,1200.32,4.0,Male,Cash,Clothing,Emaar Square Mall,15/09/2022
C103604,23.0,3000.85,5.0,Male,Cash,Shoes,Mall of Istanbul,31/07/2022
C103609,38.0,1200.34,2.0,Female,Credit Card,Shoes,Zorlu Center,3/9/2022
C103613,19.0,71.68,2.0,Female,Debit Card,Toys,Istinye Park,27/02/2021
C103616,65.0,1200.32,4.0,Female,Credit Card,Clothing,Kanyon,5/10/2021
C103617,28.0,300.08,1.0,Male,Credit Card,Clothing,Viaport Outlet,28/04/2021
C103620,54.0,600.16,2.0,Male,Cash,Clothing,Cevahir AVM,29/12/2021
C103621,52.0,3150.0,3.0,Female,Cash,Technology,Metropol AVM,4/7/2022
C103632,50.0,58.65,5.0,Female,Credit Card,Souvenir,Mall of Istanbul,1/1/2023
C103634,28.0,10.46,2.0,Female,Cash,Food & Beverage,Istinye Park,20/10/2021
C103638,58.0,2400.68,4.0,Female,Credit Card,Shoes,Metrocity,14/04/2022
C103641,66.0,600.16,2.0,Male,Debit Card,Clothing,Istinye Park,27/03/2021
C103645,51.0,26.15,5.0,Female,Cash,Food & Beverage,Metrocity,26/12/2021
C103647,20.0,1500.4,5.0,Male,Cash,Clothing,Mall of Istanbul,4/1/2023
C103649,64.0,600.17,1.0,Male,Credit Card,Shoes,Istinye Park,22/10/2022
C103650,33.0,10.46,2.0,Female,Debit Card,Food & Beverage,Kanyon,3/7/2022
C103651,68.0,1050.0,1.0,Female,Debit Card,Technology,Metrocity,19/01/2023
C103652,28.0,1200.32,4.0,Female,Cash,Clothing,Forum Istanbul,20/06/2021
C103653,32.0,1800.51,3.0,Female,Credit Card,Shoes,Forum Istanbul,11/10/2022
C103657,26.0,162.64,4.0,Female,Cash,Cosmetics,Metrocity,28/09/2021
C103661,64.0,26.15,5.0,Female,Debit Card,Food & Beverage,Istinye Park,25/05/2021
C103668,54.0,1050.0,1.0,Male,Cash,Technology,Forum Istanbul,15/04/2022
C103669,19.0,900.24,3.0,Female,Cash,Clothing,Mall of Istanbul,29/08/2021
C103670,61.0,10.46,2.0,Female,Credit Card,Food & Beverage,Metrocity,18/03/2022
C103671,69.0,2400.68,4.0,Female,Credit Card,Shoes,Emaar Square Mall,13/02/2023
C103672,54.0,20.92,4.0,Male,Credit Card,Food & Beverage,Mall of Istanbul,23/07/2022
C103676,30.0,15.69,3.0,Male,Credit Card,Food & Beverage,Metrocity,13/12/2021
C103681,28.0,10.46,2.0,Female,Debit Card,Food & Beverage,Forum Istanbul,18/08/2022
C103691,68.0,600.16,2.0,Male,Cash,Clothing,Emaar Square Mall,1/12/2022
C103696,67.0,1500.4,5.0,Female,Cash,Clothing,Zorlu Center,30/05/2022
C103700,20.0,10.46,2.0,Female,Credit Card,Food & Beverage,Metropol AVM,11/12/2022
C103715,47.0,143.36,4.0,Male,Debit Card,Toys,Emaar Square Mall,5/4/2021
C103716,20.0,1200.34,2.0,Female,Debit Card,Shoes,Kanyon,13/10/2021
C103717,62.0,1200.32,4.0,Female,Credit Card,Clothing,Metrocity,9/10/2022
C103718,51.0,40.66,1.0,Female,Debit Card,Cosmetics,Metrocity,26/02/2021
C103722,66.0,1800.51,3.0,Female,Cash,Shoes,Kanyon,16/06/2022
C103725,28.0,20.92,4.0,Female,Cash,Food & Beverage,Zorlu Center,29/01/2023
C103726,34.0,20.92,4.0,Female,Debit Card,Food & Beverage,Mall of Istanbul,5/3/2022
C103727,40.0,10.46,2.0,Male,Credit Card,Food & Beverage,Metrocity,28/01/2022
C103730,26.0,20.92,4.0,Female,Debit Card,Food & Beverage,Mall of Istanbul,13/01/2023
C103734,62.0,900.24,3.0,Male,Cash,Clothing,Forum Istanbul,18/05/2021
C103737,59.0,900.24,3.0,Female,Credit Card,Clothing,Cevahir AVM,16/12/2022
C103741,60.0,15.69,3.0,Female,Cash,Food & Beverage,Metrocity,17/12/2021
C103744,20.0,121.98,3.0,Female,Credit Card,Cosmetics,Mall of Istanbul,1/11/2022
C103750,67.0,81.32,2.0,Female,Credit Card,Cosmetics,Emaar Square Mall,31/12/2021
C103754,55.0,3150.0,3.0,Male,Cash,Technology,Kanyon,25/09/2021
C103755,52.0,121.98,3.0,Female,Cash,Cosmetics,Metropol AVM,2/5/2021
C103758,23.0,143.36,4.0,Male,Debit Card,Toys,Zorlu Center,23/11/2021
C103763,48.0,1500.4,5.0,Female,Credit Card,Clothing,Istinye Park,4/5/2022
C103765,55.0,4200.0,4.0,Female,Debit Card,Technology,Viaport Outlet,30/07/2022
C103768,32.0,900.24,3.0,Female,Cash,Clothing,Forum Istanbul,8/1/2021
C103772,29.0,1200.32,4.0,Male,Cash,Clothing,Cevahir AVM,11/11/2022
C103773,56.0,143.36,4.0,Female,Credit Card,Toys,Zorlu Center,19/02/2023
C103775,20.0,600.16,2.0,Female,Cash,Clothing,Kanyon,30/12/2021
C103776,19.0,23.46,2.0,Female,Debit Card,Souvenir,Viaport Outlet,24/05/2021
C103780,19.0,2400.68,4.0,Female,Debit Card,Shoes,Metrocity,2/8/2022
C103781,19.0,2100.0,2.0,Female,Credit Card,Technology,Kanyon,29/01/2021
C103784,45.0,26.15,5.0,Female,Credit Card,Food & Beverage,Forum Istanbul,24/03/2021
C103787,36.0,10.46,2.0,Female,Cash,Food & Beverage,Mall of Istanbul,15/02/2022
C103788,35.0,600.16,2.0,Female,Cash,Clothing,Mall of Istanbul,6/10/2021
C103792,69.0,5.23,1.0,Female,Credit Card,Food & Beverage,Kanyon,11/12/2021
C103793,48.0,1200.32,4.0,Male,Cash,Clothing,Kanyon,15/11/2021
C103795,62.0,20.92,4.0,Male,Credit Card,Food & Beverage,Emaar Square Mall,5/11/2022
C103798,65.0,121.98,3.0,Female,Credit Card,Cosmetics,Metrocity,27/11/2022
C103802,21.0,1200.32,4.0,Male,Cash,Clothing,Kanyon,1/4/2021
C103803,29.0,1200.32,4.0,Female,Debit Card,Clothing,Kanyon,13/03/2022
C103807,24.0,1200.32,4.0,Female,Cash,Clothing,Zorlu Center,20/07/2021
C103810,59.0,600.16,2.0,Female,Debit Card,Clothing,Viaport Outlet,18/10/2021
C103814,68.0,2400.68,4.0,Female,Debit Card,Shoes,Mall of Istanbul,14/06/2021
C103815,39.0,600.16,2.0,Female,Credit Card,Clothing,Istinye Park,8/4/2022
C103819,59.0,40.66,1.0,Female,Cash,Cosmetics,Emaar Square Mall,16/05/2022
C103820,58.0,81.32,2.0,Female,Debit Card,Cosmetics,Metropol AVM,8/1/2022
C103821,28.0,900.24,3.0,Female,Cash,Clothing,Forum Istanbul,5/6/2021
C103824,34.0,203.3,5.0,Male,Debit Card,Cosmetics,Metrocity,20/01/2022
C103825,61.0,162.64,4.0,Female,Debit Card,Cosmetics,Istinye Park,15/06/2021
C103835,66.0,300.08,1.0,Male,Credit Card,Clothing,Emaar Square Mall,16/03/2022
C103837,63.0,40.66,1.0,Female,Credit Card,Cosmetics,Mall of Istanbul,2/5/2021
C103838,52.0,203.3,5.0,Male,Debit Card,Cosmetics,Mall of Istanbul,17/10/2021
C103840,36.0,26.15,5.0,Male,Debit Card,Food & Beverage,Metrocity,26/05/2022
C103845,55.0,40.66,1.0,Male,Cash,Cosmetics,Kanyon,5/8/2021
C103849,68.0,900.24,3.0,Female,Cash,Clothing,Metropol AVM,30/08/2022
C103852,66.0,162.64,4.0,Female,Cash,Cosmetics,Metrocity,4/12/2022
C103857,55.0,1200.32,4.0,Female,Credit Card,Clothing,Metropol AVM,28/08/2022
C103860,19.0,121.98,3.0,Female,Cash,Cosmetics,Metropol AVM,23/06/2021
C103863,23.0,3000.85,5.0,Female,Debit Card,Shoes,Metrocity,23/02/2021
C103864,62.0,81.32,2.0,Female,Cash,Cosmetics,Metrocity,7/5/2021
C103869,58.0,2400.68,4.0,Female,Cash,Shoes,Istinye Park,3/12/2021
C103871,48.0,600.16,2.0,Male,Cash,Clothing,Istinye Park,6/3/2022
C103872,46.0,1200.32,4.0,Female,Credit Card,Clothing,Istinye Park,13/07/2022
C103875,61.0,40.66,1.0,Female,Credit Card,Cosmetics,Istinye Park,7/8/2021
C103877,41.0,1800.51,3.0,Female,Credit Card,Shoes,Metropol AVM,28/02/2021
C103880,61.0,1200.32,4.0,Male,Cash,Clothing,Kanyon,22/06/2021
C103886,19.0,1500.4,5.0,Male,Cash,Clothing,Mall of Istanbul,12/1/2022
C103887,30.0,121.98,3.0,Female,Cash,Cosmetics,Mall of Istanbul,8/2/2023
C103888,69.0,1200.32,4.0,Male,Cash,Clothing,Mall of Istanbul,3/10/2022
C103894,45.0,203.3,5.0,Male,Debit Card,Cosmetics,Kanyon,23/02/2023
C103896,51.0,1200.32,4.0,Female,Credit Card,Clothing,Istinye Park,10/9/2021
C103897,63.0,162.64,4.0,Male,Debit Card,Cosmetics,Metrocity,23/05/2022
C103899,40.0,300.08,1.0,Male,Cash,Clothing,Emaar Square Mall,11/4/2022
C103900,56.0,121.98,3.0,Male,Cash,Cosmetics,Mall of Istanbul,15/02/2023
C103903,55.0,162.64,4.0,Female,Credit Card,Cosmetics,Kanyon,2/12/2021
C103904,25.0,121.98,3.0,Male,Cash,Cosmetics,Zorlu Center,27/08/2022
C103909,32.0,900.24,3.0,Female,Cash,Clothing,Emaar Square Mall,31/12/2022
C103910,35.0,2400.68,4.0,Male,Cash,Shoes,Mall of Istanbul,27/02/2023
C103913,22.0,203.3,5.0,Male,Cash,Cosmetics,Viaport Outlet,3/8/2022
C103915,42.0,600.16,2.0,Female,Cash,Clothing,Metropol AVM,19/03/2022
C103917,35.0,3000.85,5.0,Female,Credit Card,Shoes,Metropol AVM,7/2/2023
C103930,61.0,600.16,2.0,Male,Cash,Clothing,Mall of Istanbul,19/04/2021
C103933,22.0,3150.0,3.0,Female,Cash,Technology,Kanyon,10/1/2023
C103939,64.0,300.08,1.0,Female,Debit Card,Clothing,Kanyon,10/9/2021
C103944,42.0,900.24,3.0,Male,Credit Card,Clothing,Metrocity,30/06/2021
C103949,67.0,900.24,3.0,Male,Credit Card,Clothing,Mall of Istanbul,8/9/2022
C103951,21.0,26.15,5.0,Female,Debit Card,Food & Beverage,Kanyon,5/12/2022
C103952,46.0,1200.32,4.0,Female,Debit Card,Clothing,Istinye Park,21/01/2022
C103959,60.0,900.24,3.0,Female,Cash,Clothing,Metrocity,10/7/2022
C103962,64.0,5.23,1.0,Female,Debit Card,Food & Beverage,Kanyon,29/03/2021
C103964,57.0,1500.4,5.0,Female,Cash,Clothing,Metrocity,8/5/2022
C103965,61.0,1200.32,4.0,Female,Debit Card,Clothing,Istinye Park,19/10/2021
C103966,48.0,1050.0,1.0,Female,Credit Card,Technology,Metrocity,24/01/2021
C103969,52.0,1200.32,4.0,Female,Credit Card,Clothing,Istinye Park,4/2/2021
C103972,40.0,26.15,5.0,Male,Credit Card,Food & Beverage,Metropol AVM,23/10/2021
C103976,55.0,75.75,5.0,Male,Credit Card,Books,Metropol AVM,12/9/2021
C103977,43.0,15.69,3.0,Female,Credit Card,Food & Beverage,Cevahir AVM,2/10/2021
C103980,57.0,600.16,2.0,Male,Cash,Clothing,Metropol AVM,27/02/2021
C103982,37.0,900.24,3.0,Female,Credit Card,Clothing,Istinye Park,5/12/2022
C103985,22.0,2400.68,4.0,Female,Cash,Shoes,Istinye Park,6/3/2022
C103992,48.0,23.46,2.0,Male,Debit Card,Souvenir,Emaar Square Mall,23/06/2021
C103995,39.0,5.23,1.0,Female,Credit Card,Food & Beverage,Cevahir AVM,25/10/2021
C103996,51.0,203.3,5.0,Female,Cash,Cosmetics,Metrocity,2/11/2022
C103998,58.0,143.36,4.0,Female,Credit Card,Toys,Istinye Park,13/05/2022
C104002,27.0,58.65,5.0,Male,Credit Card,Souvenir,Metropol AVM,22/08/2021
C104008,29.0,2400.68,4.0,Female,Credit Card,Shoes,Kanyon,2/12/2021
C104011,48.0,20.92,4.0,Female,Credit Card,Food & Beverage,Metropol AVM,31/01/2022
C104013,68.0,46.92,4.0,Female,Credit Card,Souvenir,Metrocity,2/1/2023
C104014,54.0,900.24,3.0,Male,Cash,Clothing,Kanyon,3/10/2022
C104022,48.0,300.08,1.0,Female,Credit Card,Clothing,Kanyon,12/12/2022
C104027,18.0,10.46,2.0,Female,Cash,Food & Beverage,Viaport Outlet,22/07/2022
C104031,31.0,1200.32,4.0,Female,Cash,Clothing,Metrocity,9/6/2022
C104032,26.0,20.92,4.0,Female,Debit Card,Food & Beverage,Metrocity,30/12/2021
C104036,58.0,1200.32,4.0,Female,Credit Card,Clothing,Metrocity,24/02/2023
C104039,39.0,15.15,1.0,Male,Credit Card,Books,Metrocity,21/03/2022
C104041,25.0,81.32,2.0,Male,Cash,Cosmetics,Kanyon,24/06/2022
C104048,57.0,600.16,2.0,Female,Credit Card,Clothing,Metropol AVM,2/5/2021
C104049,27.0,10.46,2.0,Male,Cash,Food & Beverage,Kanyon,28/02/2021
C104052,19.0,300.08,1.0,Female,Credit Card,Clothing,Mall of Istanbul,10/10/2021
C104053,39.0,121.98,3.0,Female,Cash,Cosmetics,Kanyon,20/04/2021
C104054,66.0,15.69,3.0,Female,Credit Card,Food & Beverage,Viaport Outlet,27/07/2022
C104055,25.0,203.3,5.0,Female,Credit Card,Cosmetics,Metrocity,22/09/2022
C104057,22.0,15.69,3.0,Male,Credit Card,Food & Beverage,Kanyon,5/3/2022
C104061,41.0,143.36,4.0,Male,Credit Card,Toys,Kanyon,20/03/2021
C104063,57.0,900.24,3.0,Male,Credit Card,Clothing,Kanyon,6/8/2021
C104069,49.0,162.64,4.0,Female,Credit Card,Cosmetics,Mall of Istanbul,28/08/2021
C104072,34.0,300.08,1.0,Female,Credit Card,Clothing,Metrocity,3/6/2022
C104074,40.0,300.08,1.0,Female,Credit Card,Clothing,Metrocity,26/04/2021
C104078,69.0,600.17,1.0,Female,Credit Card,Shoes,Kanyon,12/10/2021
C104081,23.0,1500.4,5.0,Female,Cash,Clothing,Mall of Istanbul,1/9/2022
C104082,57.0,300.08,1.0,Male,Debit Card,Clothing,Metrocity,23/02/2021
C104086,18.0,75.75,5.0,Female,Cash,Books,Mall of Istanbul,21/02/2023
C104088,24.0,300.08,1.0,Male,Credit Card,Clothing,Mall of Istanbul,4/11/2021
C104091,49.0,1200.32,4.0,Female,Credit Card,Clothing,Kanyon,15/03/2022
C104092,18.0,10.46,2.0,Male,Credit Card,Food & Beverage,Kanyon,15/04/2021
C104093,66.0,20.92,4.0,Female,Credit Card,Food & Beverage,Kanyon,7/6/2021
C104097,36.0,107.52,3.0,Male,Cash,Toys,Metropol AVM,11/10/2021
C104101,39.0,5.23,1.0,Female,Credit Card,Food & Beverage,Mall of Istanbul,12/2/2021
C104103,50.0,107.52,3.0,Female,Cash,Toys,Emaar Square Mall,2/4/2021
C104111,41.0,1500.4,5.0,Female,Credit Card,Clothing,Emaar Square Mall,3/5/2021
C104112,55.0,40.66,1.0,Female,Credit Card,Cosmetics,Mall of Istanbul,24/10/2022
C104114,68.0,1800.51,3.0,Female,Cash,Shoes,Mall of Istanbul,9/4/2021
C104116,24.0,5.23,1.0,Female,Cash,Food & Beverage,Metropol AVM,19/05/2022
C104117,52.0,35.19,3.0,Female,Debit Card,Souvenir,Kanyon,11/1/2021
C104118,27.0,1200.32,4.0,Female,Debit Card,Clothing,Mall of Istanbul,4/10/2022
C104119,40.0,203.3,5.0,Female,Cash,Cosmetics,Mall of Istanbul,24/01/2023
C104123,32.0,81.32,2.0,Male,Credit Card,Cosmetics,Emaar Square Mall,19/01/2023
C104128,21.0,600.16,2.0,Male,Credit Card,Clothing,Cevahir AVM,28/04/2022
C104129,20.0,1200.32,4.0,Female,Cash,Clothing,Metrocity,12/8/2021
C104131,34.0,1200.34,2.0,Male,Debit Card,Shoes,Istinye Park,20/01/2022
C104136,36.0,900.24,3.0,Male,Credit Card,Clothing,Kanyon,27/09/2022
C104137,38.0,1200.32,4.0,Female,Debit Card,Clothing,Mall of Istanbul,14/06/2021
C104139,66.0,203.3,5.0,Female,Credit Card,Cosmetics,Istinye Park,1/12/2021
C104142,69.0,45.45,3.0,Male,Credit Card,Books,Forum Istanbul,14/10/2022
C104143,65.0,3000.85,5.0,Female,Cash,Shoes,Kanyon,15/04/2022
C104144,66.0,15.69,3.0,Male,Debit Card,Food & Beverage,Viaport Outlet,9/2/2022
C104147,21.0,600.16,2.0,Female,Debit Card,Clothing,Emaar Square Mall,23/07/2021
C104153,36.0,5.23,1.0,Female,Cash,Food & Beverage,Istinye Park,6/2/2022
C104163,35.0,203.3,5.0,Male,Debit Card,Cosmetics,Istinye Park,20/05/2021
C104164,23.0,107.52,3.0,Male,Credit Card,Toys,Cevahir AVM,19/05/2022
C104165,51.0,300.08,1.0,Male,Cash,Clothing,Kanyon,24/04/2021
C104169,20.0,300.08,1.0,Female,Cash,Clothing,Viaport Outlet,21/06/2022
C104172,33.0,1500.4,5.0,Female,Debit Card,Clothing,Mall of Istanbul,22/04/2021
C104174,51.0,4200.0,4.0,Female,Debit Card,Technology,Forum Istanbul,5/4/2021
C104180,55.0,179.2,5.0,Female,Credit Card,Toys,Cevahir AVM,28/06/2022
C104184,54.0,121.98,3.0,Female,Debit Card,Cosmetics,Kanyon,18/09/2022
C104187,41.0,203.3,5.0,Female,Cash,Cosmetics,Mall of Istanbul,18/08/2022
C104190,38.0,203.3,5.0,Male,Cash,Cosmetics,Zorlu Center,8/3/2021
C104194,60.0,75.75,5.0,Female,Credit Card,Books,Metrocity,21/12/2021
C104200,69.0,1200.32,4.0,Female,Debit Card,Clothing,Kanyon,12/8/2021
C104204,65.0,20.92,4.0,Female,Cash,Food & Beverage,Cevahir AVM,10/4/2022
C104209,59.0,900.24,3.0,Female,Cash,Clothing,Mall of Istanbul,8/3/2022
C104211,20.0,1800.51,3.0,Female,Credit Card,Shoes,Zorlu Center,9/8/2021
C104212,19.0,1050.0,1.0,Female,Cash,Technology,Kanyon,11/11/2022
C104213,56.0,1500.4,5.0,Female,Debit Card,Clothing,Metropol AVM,20/09/2022
C104224,68.0,600.17,1.0,Male,Cash,Shoes,Metropol AVM,20/02/2021
C104226,52.0,143.36,4.0,Male,Cash,Toys,Mall of Istanbul,12/11/2021
C104228,28.0,3000.85,5.0,Female,Debit Card,Shoes,Mall of Istanbul,23/09/2022
C104230,21.0,5.23,1.0,Female,Debit Card,Food & Beverage,Metropol AVM,31/07/2022
C104236,50.0,40.66,1.0,Female,Cash,Cosmetics,Kanyon,20/12/2022
C104237,67.0,26.15,5.0,Male,Debit Card,Food & Beverage,Istinye Park,21/04/2021
C104239,33.0,162.64,4.0,Male,Credit Card,Cosmetics,Mall of Istanbul,22/08/2022
C104241,50.0,203.3,5.0,Male,Credit Card,Cosmetics,Metropol AVM,17/03/2022
C104245,57.0,35.84,1.0,Female,Credit Card,Toys,Kanyon,25/09/2022
C104247,50.0,1500.4,5.0,Female,Cash,Clothing,Kanyon,16/02/2021
C104250,28.0,1200.34,2.0,Male,Cash,Shoes,Istinye Park,28/09/2021
C104254,54.0,600.16,2.0,Male,Cash,Clothing,Kanyon,30/03/2021
C104255,47.0,5.23,1.0,Female,Debit Card,Food & Beverage,Metrocity,19/04/2021
C104257,18.0,600.17,1.0,Female,Cash,Shoes,Istinye Park,30/08/2022
C104263,30.0,107.52,3.0,Female,Credit Card,Toys,Forum Istanbul,12/2/2022
C104264,46.0,107.52,3.0,Female,Credit Card,Toys,Metrocity,25/02/2022
C104268,28.0,300.08,1.0,Male,Cash,Clothing,Metropol AVM,4/3/2023
C104271,37.0,1050.0,1.0,Male,Cash,Technology,Metrocity,4/11/2022
C104274,43.0,5.23,1.0,Male,Cash,Food & Beverage,Kanyon,19/08/2022
C104279,53.0,15.69,3.0,Male,Credit Card,Food & Beverage,Kanyon,26/05/2021
C104280,58.0,143.36,4.0,Male,Credit Card,Toys,Mall of Istanbul,18/05/2021
C104285,63.0,179.2,5.0,Male,Debit Card,Toys,Zorlu Center,5/2/2021
C104286,57.0,20.92,4.0,Male,Cash,Food & Beverage,Mall of Istanbul,10/3/2021
C104294,48.0,600.16,2.0,Male,Cash,Clothing,Mall of Istanbul,6/9/2021
C104296,67.0,600.16,2.0,Male,Cash,Clothing,Metrocity,24/12/2022
C104300,19.0,900.24,3.0,Female,Cash,Clothing,Viaport Outlet,7/3/2021
C104305,53.0,35.84,1.0,Male,Cash,Toys,Kanyon,17/01/2021
C104306,22.0,1800.51,3.0,Female,Credit Card,Shoes,Metrocity,26/05/2022
C104311,23.0,26.15,5.0,Female,Credit Card,Food & Beverage,Kanyon,25/12/2021
C104314,56.0,121.98,3.0,Female,Cash,Cosmetics,Kanyon,10/12/2022
C104317,33.0,1200.32,4.0,Male,Cash,Clothing,Kanyon,7/2/2023
C104318,50.0,35.19,3.0,Female,Cash,Souvenir,Viaport Outlet,5/8/2022
C104319,34.0,81.32,2.0,Female,Debit Card,Cosmetics,Mall of Istanbul,10/9/2021
C104320,32.0,35.19,3.0,Female,Debit Card,Souvenir,Zorlu Center,24/06/2021
C104323,61.0,1500.4,5.0,Female,Credit Card,Clothing,Metrocity,13/02/2021
C104325,32.0,1500.4,5.0,Male,Cash,Clothing,Mall of Istanbul,4/2/2021
C104329,32.0,107.52,3.0,Male,Debit Card,Toys,Istinye Park,27/06/2022
C104331,36.0,900.24,3.0,Male,Cash,Clothing,Mall of Istanbul,13/08/2021
C104337,41.0,162.64,4.0,Female,Debit Card,Cosmetics,Mall of Istanbul,23/04/2021
C104339,66.0,23.46,2.0,Female,Cash,Souvenir,Mall of Istanbul,10/8/2021
C104344,54.0,40.66,1.0,Female,Credit Card,Cosmetics,Kanyon,21/08/2022
C104347,39.0,900.24,3.0,Female,Credit Card,Clothing,Mall of Istanbul,21/08/2021
C104349,31.0,5.23,1.0,Male,Credit Card,Food & Beverage,Metrocity,1/5/2022
C104350,46.0,600.16,2.0,Female,Cash,Clothing,Metrocity,20/02/2021
C104352,35.0,143.36,4.0,Female,Credit Card,Toys,Cevahir AVM,28/02/2022
C104355,63.0,1500.4,5.0,Female,Credit Card,Clothing,Istinye Park,23/08/2021
C104356,28.0,40.66,1.0,Female,Credit Card,Cosmetics,Viaport Outlet,16/08/2022
C104357,32.0,107.52,3.0,Male,Credit Card,Toys,Mall of Istanbul,18/09/2022
C104363,58.0,58.65,5.0,Female,Cash,Souvenir,Mall of Istanbul,9/2/2023
C104366,23.0,1200.32,4.0,Male,Cash,Clothing,Metropol AVM,27/02/2021
C104367,48.0,40.66,1.0,Female,Debit Card,Cosmetics,Zorlu Center,1/7/2022
C104370,50.0,121.98,3.0,Female,Cash,Cosmetics,Kanyon,19/01/2021
C104371,56.0,179.2,5.0,Male,Debit Card,Toys,Kanyon,12/8/2021
C104373,59.0,40.66,1.0,Male,Credit Card,Cosmetics,Forum Istanbul,5/2/2022
C104374,20.0,26.15,5.0,Female,Cash,Food & Beverage,Mall of Istanbul,27/07/2021
C104380,32.0,600.17,1.0,Female,Debit Card,Shoes,Metropol AVM,24/11/2022
C104381,64.0,900.24,3.0,Female,Cash,Clothing,Metrocity,10/7/2022
C104382,58.0,900.24,3.0,Male,Debit Card,Clothing,Forum Istanbul,5/2/2021
C104391,51.0,203.3,5.0,Female,Cash,Cosmetics,Viaport Outlet,4/4/2021
C104393,35.0,300.08,1.0,Male,Credit Card,Clothing,Kanyon,3/2/2021
C104400,21.0,81.32,2.0,Female,Credit Card,Cosmetics,Kanyon,7/6/2021
C104402,69.0,5250.0,5.0,Female,Cash,Technology,Kanyon,25/04/2021
C104404,37.0,1200.34,2.0,Male,Cash,Shoes,Metropol AVM,17/01/2023
C104407,37.0,2100.0,2.0,Male,Credit Card,Technology,Kanyon,7/2/2023
C104409,35.0,1200.32,4.0,Female,Cash,Clothing,Mall of Istanbul,24/09/2022
C104416,67.0,71.68,2.0,Male,Debit Card,Toys,Metrocity,16/07/2022
C104418,38.0,26.15,5.0,Male,Credit Card,Food & Beverage,Metrocity,3/12/2022
C104421,67.0,1200.32,4.0,Male,Cash,Clothing,Mall of Istanbul,15/08/2022
C104423,18.0,1500.4,5.0,Female,Cash,Clothing,Metrocity,24/05/2022
C104426,60.0,900.24,3.0,Female,Credit Card,Clothing,Metropol AVM,10/4/2021
C104427,58.0,5.23,1.0,Female,Cash,Food & Beverage,Metrocity,20/04/2021
C104429,26.0,2400.68,4.0,Female,Credit Card,Shoes,Metrocity,15/05/2022
C104431,43.0,900.24,3.0,Male,Credit Card,Clothing,Kanyon,3/4/2021
C104433,30.0,46.92,4.0,Male,Debit Card,Souvenir,Zorlu Center,1/2/2023
C104436,26.0,162.64,4.0,Male,Credit Card,Cosmetics,Mall of Istanbul,10/1/2022
C104437,53.0,600.16,2.0,Female,Debit Card,Clothing,Kanyon,11/7/2021
C104439,61.0,1200.32,4.0,Female,Cash,Clothing,Kanyon,31/10/2022
C104444,27.0,5.23,1.0,Female,Credit Card,Food & Beverage,Kanyon,26/04/2022
C104453,64.0,3000.85,5.0,Female,Cash,Shoes,Cevahir AVM,3/4/2022
C104459,57.0,1500.4,5.0,Male,Cash,Clothing,Kanyon,30/07/2021
C104460,66.0,81.32,2.0,Male,Cash,Cosmetics,Mall of Istanbul,18/07/2022
C104462,42.0,1200.34,2.0,Female,Debit Card,Shoes,Cevahir AVM,24/07/2022
C104465,34.0,71.68,2.0,Male,Cash,Toys,Metropol AVM,22/12/2022
C104466,51.0,121.98,3.0,Female,Cash,Cosmetics,Zorlu Center,9/6/2021
C104473,28.0,179.2,5.0,Male,Debit Card,Toys,Cevahir AVM,1/9/2022
C104478,18.0,1200.32,4.0,Female,Cash,Clothing,Kanyon,12/5/2021
C104483,50.0,1200.34,2.0,Male,Credit Card,Shoes,Mall of Istanbul,13/08/2021
C104484,67.0,1500.4,5.0,Female,Cash,Clothing,Metrocity,8/7/2022
C104488,54.0,1500.4,5.0,Male,Cash,Clothing,Metropol AVM,9/10/2021
C104492,34.0,81.32,2.0,Female,Cash,Cosmetics,Metropol AVM,11/7/2021
C104495,29.0,300.08,1.0,Female,Debit Card,Clothing,Metropol AVM,11/5/2022
C104496,32.0,1050.0,1.0,Female,Credit Card,Technology,Zorlu Center,15/06/2022
C104498,66.0,35.19,3.0,Female,Credit Card,Souvenir,Mall of Istanbul,17/03/2022
C104500,58.0,58.65,5.0,Female,Cash,Souvenir,Kanyon,15/06/2022
C104509,27.0,11.73,1.0,Female,Credit Card,Souvenir,Kanyon,5/7/2021
C104510,23.0,5.23,1.0,Male,Cash,Food & Beverage,Mall of Istanbul,20/02/2022
C104512,26.0,900.24,3.0,Female,Cash,Clothing,Mall of Istanbul,25/04/2021
C104514,37.0,900.24,3.0,Female,Credit Card,Clothing,Viaport Outlet,10/3/2021
C104519,52.0,600.17,1.0,Male,Credit Card,Shoes,Forum Istanbul,29/09/2021
C104520,57.0,179.2,5.0,Female,Cash,Toys,Kanyon,24/05/2022
C104526,58.0,58.65,5.0,Male,Debit Card,Souvenir,Istinye Park,24/04/2022
C104528,23.0,46.92,4.0,Female,Cash,Souvenir,Metrocity,5/12/2021
C104532,33.0,15.69,3.0,Male,Cash,Food & Beverage,Viaport Outlet,1/7/2022
C104537,52.0,900.24,3.0,Female,Credit Card,Clothing,Metropol AVM,21/07/2021
C104538,61.0,600.16,2.0,Female,Credit Card,Clothing,Zorlu Center,6/12/2021
C104539,46.0,71.68,2.0,Male,Cash,Toys,Istinye Park,22/02/2022
C104542,38.0,143.36,4.0,Female,Cash,Toys,Kanyon,14/04/2022
C104543,50.0,900.24,3.0,Female,Credit Card,Clothing,Mall of Istanbul,25/03/2021
C104556,44.0,1500.4,5.0,Male,Debit Card,Clothing,Kanyon,3/7/2021
C104560,21.0,3150.0,3.0,Female,Credit Card,Technology,Kanyon,14/03/2021
C104567,69.0,900.24,3.0,Male,Cash,Clothing,Mall of Istanbul,15/04/2021
C104568,30.0,3150.0,3.0,Male,Credit Card,Technology,Mall of Istanbul,19/02/2022
C104570,58.0,15.69,3.0,Female,Credit Card,Food & Beverage,Kanyon,30/03/2022
C104573,22.0,162.64,4.0,Female,Cash,Cosmetics,Emaar Square Mall,1/7/2021
C104576,18.0,20.92,4.0,Female,Credit Card,Food & Beverage,Zorlu Center,14/08/2022
C104577,68.0,46.92,4.0,Female,Cash,Souvenir,Metrocity,9/2/2021
C104578,52.0,600.16,2.0,Female,Cash,Clothing,Metrocity,3/3/2023
C104579,42.0,1500.4,5.0,Female,Cash,Clothing,Kanyon,7/4/2022
C104584,28.0,107.52,3.0,Female,Credit Card,Toys,Metrocity,1/5/2022
C104592,33.0,600.17,1.0,Female,Cash,Shoes,Zorlu Center,2/1/2023
C104593,18.0,5.23,1.0,Male,Cash,Food & Beverage,Mall of Istanbul,11/7/2022
C104596,50.0,1200.32,4.0,Male,Credit Card,Clothing,Metrocity,10/2/2022
C104600,51.0,3000.85,5.0,Female,Debit Card,Shoes,Istinye Park,22/09/2021
C104601,22.0,900.24,3.0,Male,Debit Card,Clothing,Kanyon,1/2/2022
C104604,49.0,300.08,1.0,Male,Credit Card,Clothing,Metrocity,29/06/2021
C104605,38.0,162.64,4.0,Female,Cash,Cosmetics,Mall of Istanbul,25/09/2022
C104609,20.0,20.92,4.0,Male,Debit Card,Food & Beverage,Cevahir AVM,17/07/2021
C104612,18.0,1200.32,4.0,Female,Cash,Clothing,Cevahir AVM,9/6/2022
C104615,48.0,203.3,5.0,Female,Credit Card,Cosmetics,Kanyon,28/05/2022
C104616,31.0,71.68,2.0,Male,Cash,Toys,Cevahir AVM,9/1/2023
C104617,54.0,203.3,5.0,Female,Debit Card,Cosmetics,Istinye Park,31/05/2021
C104620,21.0,1500.4,5.0,Male,Credit Card,Clothing,Kanyon,30/01/2021
C104626,42.0,1200.34,2.0,Female,Credit Card,Shoes,Forum Istanbul,3/9/2021
C104627,47.0,20.92,4.0,Male,Credit Card,Food & Beverage,Mall of Istanbul,5/5/2022
C104633,44.0,46.92,4.0,Female,Cash,Souvenir,Mall of Istanbul,16/11/2021
C104634,61.0,1050.0,1.0,Male,Cash,Technology,Metrocity,23/07/2021
C104637,39.0,58.65,5.0,Female,Cash,Souvenir,Mall of Istanbul,17/12/2021
C104641,57.0,600.16,2.0,Female,Cash,Clothing,Zorlu Center,26/01/2022
C104644,55.0,3000.85,5.0,Male,Debit Card,Shoes,Mall of Istanbul,11/10/2022
C104646,69.0,26.15,5.0,Male,Cash,Food & Beverage,Istinye Park,14/07/2021
C104654,22.0,1200.32,4.0,Female,Credit Card,Clothing,Istinye Park,13/08/2022
C104655,50.0,107.52,3.0,Female,Cash,Toys,Metrocity,30/12/2021
C104658,59.0,600.16,2.0,Female,Cash,Clothing,Zorlu Center,30/08/2022
C104659,55.0,1800.51,3.0,Female,Cash,Shoes,Metrocity,4/9/2022
C104660,64.0,1200.32,4.0,Female,Credit Card,Clothing,Viaport Outlet,24/04/2022
C104665,43.0,40.66,1.0,Male,Credit Card,Cosmetics,Metrocity,30/11/2022
C104669,51.0,23.46,2.0,Female,Credit Card,Souvenir,Metropol AVM,11/9/2021
C104670,64.0,900.24,3.0,Female,Credit Card,Clothing,Cevahir AVM,3/9/2022
C104673,56.0,4200.0,4.0,Female,Debit Card,Technology,Mall of Istanbul,8/8/2022
C104686,29.0,5.23,1.0,Female,Credit Card,Food & Beverage,Metrocity,18/08/2022
C104687,34.0,81.32,2.0,Male,Credit Card,Cosmetics,Kanyon,25/01/2023
C104688,63.0,15.69,3.0,Female,Debit Card,Food & Beverage,Metrocity,21/06/2022
C104689,24.0,60.6,4.0,Female,Credit Card,Books,Kanyon,6/3/2022
C104690,32.0,900.24,3.0,Female,Debit Card,Clothing,Kanyon,12/3/2022
C104696,36.0,10.46,2.0,Female,Cash,Food & Beverage,Zorlu Center,3/3/2021
C104698,57.0,15.69,3.0,Female,Cash,Food & Beverage,Metropol AVM,9/6/2022
C104702,23.0,300.08,1.0,Female,Cash,Clothing,Metrocity,23/02/2022
C104706,47.0,1500.4,5.0,Male,Credit Card,Clothing,Metropol AVM,13/02/2021
C104708,32.0,1200.32,4.0,Female,Debit Card,Clothing,Forum Istanbul,28/09/2022
C104712,59.0,1200.32,4.0,Male,Credit Card,Clothing,Kanyon,11/6/2022
C104715,35.0,1500.4,5.0,Female,Cash,Clothing,Metrocity,30/05/2021
C104718,61.0,35.19,3.0,Female,Credit Card,Souvenir,Metropol AVM,20/02/2021
C104719,33.0,15.69,3.0,Male,Credit Card,Food & Beverage,Mall of Istanbul,18/01/2022
C104720,63.0,300.08,1.0,Female,Cash,Clothing,Metrocity,31/10/2022
C104725,64.0,81.32,2.0,Female,Credit Card,Cosmetics,Metrocity,20/01/2023
C104728,18.0,1500.4,5.0,Female,Credit Card,Clothing,Metrocity,16/06/2021
C104730,69.0,23.46,2.0,Male,Credit Card,Souvenir,Mall of Istanbul,1/12/2022
C104734,46.0,45.45,3.0,Male,Cash,Books,Mall of Istanbul,13/10/2022
C104738,69.0,5.23,1.0,Female,Credit Card,Food & Beverage,Kanyon,6/1/2022
C104739,28.0,162.64,4.0,Female,Cash,Cosmetics,Mall of Istanbul,1/9/2021
C104740,39.0,4200.0,4.0,Female,Cash,Technology,Mall of Istanbul,3/3/2022
C104744,52.0,107.52,3.0,Female,Credit Card,Toys,Kanyon,9/2/2021
C104749,30.0,2400.68,4.0,Female,Credit Card,Shoes,Mall of Istanbul,17/09/2022
C104755,42.0,30.3,2.0,Male,Debit Card,Books,Metropol AVM,24/08/2022
C104758,39.0,179.2,5.0,Male,Credit Card,Toys,Kanyon,7/1/2021
C104760,39.0,300.08,1.0,Female,Credit Card,Clothing,Kanyon,6/1/2022
C104764,60.0,600.16,2.0,Female,Credit Card,Clothing,Zorlu Center,17/06/2021
C104767,49.0,162.64,4.0,Male,Credit Card,Cosmetics,Metrocity,23/07/2021
C104771,37.0,1200.34,2.0,Female,Credit Card,Shoes,Istinye Park,16/06/2021
C104772,43.0,143.36,4.0,Female,Cash,Toys,Emaar Square Mall,25/06/2022
C104775,24.0,1500.4,5.0,Female,Cash,Clothing,Kanyon,23/10/2022
C104778,40.0,900.24,3.0,Male,Credit Card,Clothing,Metropol AVM,2/7/2022
C104785,49.0,2400.68,4.0,Female,Cash,Shoes,Kanyon,6/3/2022
C104787,66.0,600.16,2.0,Female,Credit Card,Clothing,Zorlu Center,5/12/2021
C104794,30.0,900.24,3.0,Male,Credit Card,Clothing,Mall of Istanbul,24/02/2021
C104795,46.0,35.19,3.0,Female,Cash,Souvenir,Kanyon,18/06/2021
C104796,19.0,40.66,1.0,Male,Credit Card,Cosmetics,Istinye Park,10/3/2021
C104799,50.0,45.45,3.0,Female,Cash,Books,Mall of Istanbul,18/02/2023
C104800,41.0,203.3,5.0,Male,Debit Card,Cosmetics,Zorlu Center,27/06/2021
C104804,44.0,600.16,2.0,Male,Cash,Clothing,Istinye Park,3/3/2021
C104807,21.0,10.46,2.0,Female,Debit Card,Food & Beverage,Mall of Istanbul,27/03/2021
C104808,49.0,203.3,5.0,Female,Cash,Cosmetics,Kanyon,21/10/2022
C104815,47.0,143.36,4.0,Male,Cash,Toys,Mall of Istanbul,13/11/2021
C104816,26.0,1500.4,5.0,Female,Debit Card,Clothing,Kanyon,11/10/2022
C104818,60.0,1500.4,5.0,Female,Cash,Clothing,Kanyon,1/7/2021
C104821,45.0,1500.4,5.0,Female,Cash,Clothing,Mall of Istanbul,11/11/2021
C104824,35.0,81.32,2.0,Male,Cash,Cosmetics,Mall of Istanbul,7/5/2022
C104831,56.0,40.66,1.0,Female,Credit Card,Cosmetics,Kanyon,5/12/2021
C104837,66.0,3000.85,5.0,Female,Debit Card,Shoes,Emaar Square Mall,12/10/2022
C104845,65.0,179.2,5.0,Female,Cash,Toys,Istinye Park,24/03/2022
C104847,67.0,35.84,1.0,Female,Debit Card,Toys,Kanyon,28/08/2022
C104848,28.0,30.3,2.0,Female,Credit Card,Books,Metropol AVM,10/9/2022
C104852,42.0,203.3,5.0,Male,Credit Card,Cosmetics,Metrocity,7/3/2023
C104854,67.0,5250.0,5.0,Male,Cash,Technology,Istinye Park,21/02/2022
C104860,45.0,143.36,4.0,Male,Debit Card,Toys,Mall of Istanbul,31/08/2021
C104868,64.0,1200.32,4.0,Female,Credit Card,Clothing,Kanyon,28/04/2021
C104877,63.0,2100.0,2.0,Male,Cash,Technology,Mall of Istanbul,15/01/2023
C104881,67.0,1500.4,5.0,Female,Credit Card,Clothing,Metrocity,24/03/2022
C104884,36.0,179.2,5.0,Female,Debit Card,Toys,Istinye Park,7/12/2021
C104886,53.0,203.3,5.0,Male,Cash,Cosmetics,Kanyon,18/08/2022
C104891,65.0,35.19,3.0,Female,Debit Card,Souvenir,Viaport Outlet,17/07/2021
C104897,68.0,179.2,5.0,Female,Cash,Toys,Istinye Park,2/1/2021
C104899,63.0,1200.34,2.0,Male,Debit Card,Shoes,Metrocity,30/10/2021
C104902,49.0,1050.0,1.0,Female,Cash,Technology,Metrocity,21/04/2022
C104903,69.0,179.2,5.0,Female,Credit Card,Toys,Mall of Istanbul,6/11/2022
C104905,19.0,5.23,1.0,Male,Credit Card,Food & Beverage,Emaar Square Mall,3/3/2023
C104908,24.0,10.46,2.0,Male,Credit Card,Food & Beverage,Mall of Istanbul,25/03/2021
C104909,69.0,2400.68,4.0,Male,Credit Card,Shoes,Istinye Park,21/12/2022
C104915,54.0,121.98,3.0,Female,Debit Card,Cosmetics,Mall of Istanbul,25/03/2022
C104923,44.0,20.92,4.0,Male,Cash,Food & Beverage,Mall of Istanbul,23/11/2021
C104925,23.0,1200.34,2.0,Female,Debit Card,Shoes,Viaport Outlet,4/4/2021
C104927,30.0,300.08,1.0,Female,Credit Card,Clothing,Metropol AVM,16/01/2021
C104933,47.0,300.08,1.0,Male,Cash,Clothing,Mall of Istanbul,9/1/2022
C104942,35.0,1200.34,2.0,Male,Cash,Shoes,Metrocity,17/02/2023
C104949,44.0,1200.32,4.0,Male,Debit Card,Clothing,Mall of Istanbul,28/01/2023
C104950,33.0,1800.51,3.0,Male,Cash,Shoes,Metrocity,25/09/2021
C104956,24.0,1200.34,2.0,Female,Cash,Shoes,Emaar Square Mall,19/01/2022
C104957,19.0,300.08,1.0,Male,Cash,Clothing,Metropol AVM,1/11/2021
C104958,61.0,45.45,3.0,Male,Cash,Books,Mall of Istanbul,7/9/2021
C104959,68.0,26.15,5.0,Female,Credit Card,Food & Beverage,Kanyon,28/11/2021
C104961,51.0,1200.34,2.0,Male,Cash,Shoes,Emaar Square Mall,6/6/2021
C104963,69.0,11.73,1.0,Male,Cash,Souvenir,Zorlu Center,26/02/2021
C104964,29.0,600.16,2.0,Male,Cash,Clothing,Cevahir AVM,12/11/2022
C104974,26.0,1500.4,5.0,Female,Credit Card,Clothing,Metropol AVM,23/06/2021
C104976,46.0,1500.4,5.0,Male,Cash,Clothing,Mall of Istanbul,12/10/2022
C104980,58.0,15.69,3.0,Female,Credit Card,Food & Beverage,Metropol AVM,6/6/2021
C104984,37.0,600.16,2.0,Male,Debit Card,Clothing,Forum Istanbul,18/02/2022
C104985,36.0,300.08,1.0,Male,Cash,Clothing,Emaar Square Mall,9/7/2021
C104986,46.0,10.46,2.0,Male,Cash,Food & Beverage,Forum Istanbul,17/06/2021
C104988,24.0,1800.51,3.0,Male,Credit Card,Shoes,Mall of Istanbul,26/02/2021
C104989,38.0,1200.32,4.0,Female,Cash,Clothing,Metropol AVM,5/10/2022
C104990,58.0,2100.0,2.0,Male,Debit Card,Technology,Zorlu Center,29/09/2022
C104993,66.0,600.16,2.0,Female,Cash,Clothing,Emaar Square Mall,19/02/2022
C104994,51.0,121.98,3.0,Female,Cash,Cosmetics,Kanyon,14/06/2022
C104997,39.0,26.15,5.0,Male,Debit Card,Food & Beverage,Kanyon,11/3/2022
C105002,20.0,203.3,5.0,Female,Cash,Cosmetics,Metrocity,20/10/2022
C105006,35.0,1200.32,4.0,Female,Credit Card,Clothing,Kanyon,4/5/2022
C105012,33.0,900.24,3.0,Male,Debit Card,Clothing,Viaport Outlet,20/09/2021
C105013,26.0,1500.4,5.0,Female,Cash,Clothing,Mall of Istanbul,19/12/2022
C105015,41.0,203.3,5.0,Male,Debit Card,Cosmetics,Metropol AVM,9/1/2022
C105019,28.0,900.24,3.0,Female,Credit Card,Clothing,Metropol AVM,1/5/2022
C105021,20.0,900.24,3.0,Female,Cash,Clothing,Zorlu Center,9/5/2021
C105025,33.0,81.32,2.0,Male,Cash,Cosmetics,Forum Istanbul,3/12/2021
C105026,41.0,203.3,5.0,Male,Debit Card,Cosmetics,Mall of Istanbul,19/03/2022
C105027,51.0,2400.68,4.0,Male,Debit Card,Shoes,Mall of Istanbul,29/03/2021
C105029,31.0,40.66,1.0,Female,Credit Card,Cosmetics,Kanyon,16/01/2021
C105030,59.0,1050.0,1.0,Female,Credit Card,Technology,Kanyon,14/09/2021
C105034,39.0,2100.0,2.0,Male,Credit Card,Technology,Metropol AVM,18/07/2022
C105039,41.0,1200.34,2.0,Female,Debit Card,Shoes,Istinye Park,17/02/2023
C105041,54.0,3000.85,5.0,Female,Cash,Shoes,Kanyon,10/4/2021
C105043,67.0,40.66,1.0,Female,Cash,Cosmetics,Kanyon,21/11/2021
C105048,62.0,81.32,2.0,Female,Credit Card,Cosmetics,Metrocity,25/06/2021
C105051,47.0,1500.4,5.0,Female,Cash,Clothing,Kanyon,21/11/2022
C105060,36.0,1500.4,5.0,Female,Cash,Clothing,Istinye Park,16/10/2022
C105068,27.0,1200.32,4.0,Female,Debit Card,Clothing,Kanyon,16/05/2022
C105069,57.0,58.65,5.0,Female,Credit Card,Souvenir,Cevahir AVM,27/04/2021
C105070,21.0,600.16,2.0,Female,Cash,Clothing,Metropol AVM,20/05/2022
C105077,30.0,600.16,2.0,Male,Credit Card,Clothing,Metrocity,5/12/2022
C105085,63.0,121.98,3.0,Female,Credit Card,Cosmetics,Kanyon,11/3/2022
C105086,69.0,20.92,4.0,Male,Cash,Food & Beverage,Metrocity,28/07/2021
C105089,24.0,40.66,1.0,Male,Cash,Cosmetics,Kanyon,24/07/2022
C105090,50.0,11.73,1.0,Male,Credit Card,Souvenir,Kanyon,30/07/2021
C105094,60.0,15.15,1.0,Male,Cash,Books,Kanyon,20/02/2021
C105101,43.0,1500.4,5.0,Female,Credit Card,Clothing,Metrocity,10/1/2023
C105104,64.0,1200.32,4.0,Female,Credit Card,Clothing,Emaar Square Mall,17/11/2022
C105106,25.0,1500.4,5.0,Female,Debit Card,Clothing,Mall of Istanbul,24/01/2022
C105107,46.0,900.24,3.0,Male,Credit Card,Clothing,Zorlu Center,3/8/2022
C105110,18.0,600.17,1.0,Male,Credit Card,Shoes,Istinye Park,2/12/2022
C105111,38.0,71.68,2.0,Male,Credit Card,Toys,Metrocity,5/5/2022
C105116,36.0,40.66,1.0,Female,Cash,Cosmetics,Mall of Istanbul,1/11/2022
C105118,18.0,35.19,3.0,Female,Credit Card,Souvenir,Kanyon,26/09/2021
C105122,22.0,300.08,1.0,Female,Debit Card,Clothing,Mall of Istanbul,30/12/2022
C105126,67.0,46.92,4.0,Female,Cash,Souvenir,Emaar Square Mall,10/8/2021
C105127,59.0,5.23,1.0,Female,Debit Card,Food & Beverage,Istinye Park,24/11/2022
C105128,52.0,300.08,1.0,Female,Debit Card,Clothing,Kanyon,6/2/2021
C105129,41.0,15.69,3.0,Female,Debit Card,Food & Beverage,Viaport Outlet,26/03/2022
C105132,18.0,1200.32,4.0,Male,Cash,Clothing,Forum Istanbul,9/8/2021
C105141,57.0,300.08,1.0,Female,Cash,Clothing,Kanyon,31/10/2021
C105146,36.0,1500.4,5.0,Male,Credit Card,Clothing,Emaar Square Mall,31/03/2022
C105149,18.0,1200.32,4.0,Female,Credit Card,Clothing,Emaar Square Mall,3/1/2023
C105150,40.0,1200.32,4.0,Female,Cash,Clothing,Forum Istanbul,6/3/2021
C105154,21.0,5.23,1.0,Female,Cash,Food & Beverage,Kanyon,14/10/2021
C105157,47.0,1500.4,5.0,Female,Credit Card,Clothing,Metropol AVM,10/2/2021
C105163,41.0,300.08,1.0,Male,Cash,Clothing,Metrocity,23/04/2021
C105164,67.0,900.24,3.0,Female,Debit Card,Clothing,Metrocity,9/10/2021
C105168,50.0,15.69,3.0,Female,Credit Card,Food & Beverage,Metropol AVM,11/4/2022
C105169,22.0,40.66,1.0,Male,Credit Card,Cosmetics,Metrocity,18/11/2022
C105170,49.0,45.45,3.0,Female,Debit Card,Books,Kanyon,30/01/2022
C105172,33.0,40.66,1.0,Female,Cash,Cosmetics,Metropol AVM,17/05/2022
C105181,29.0,203.3,5.0,Male,Credit Card,Cosmetics,Metrocity,17/03/2022
C105182,57.0,300.08,1.0,Male,Cash,Clothing,Mall of Istanbul,11/2/2022
C105183,28.0,15.69,3.0,Male,Debit Card,Food & Beverage,Kanyon,12/11/2021
C105188,61.0,5.23,1.0,Female,Credit Card,Food & Beverage,Istinye Park,28/11/2022
C105191,53.0,600.16,2.0,Female,Cash,Clothing,Metrocity,6/9/2021
C105197,44.0,1200.32,4.0,Female,Credit Card,Clothing,Kanyon,14/01/2022
C105201,46.0,600.16,2.0,Female,Debit Card,Clothing,Kanyon,8/11/2021
C105210,20.0,300.08,1.0,Male,Debit Card,Clothing,Metropol AVM,26/06/2021
C105213,45.0,300.08,1.0,Female,Credit Card,Clothing,Kanyon,3/12/2021
C105215,51.0,40.66,1.0,Male,Credit Card,Cosmetics,Kanyon,16/01/2023
C105218,30.0,1200.34,2.0,Female,Cash,Shoes,Metropol AVM,2/9/2021
C105220,39.0,1500.4,5.0,Female,Cash,Clothing,Mall of Istanbul,11/1/2023
C105221,62.0,900.24,3.0,Male,Cash,Clothing,Emaar Square Mall,31/10/2022
C105224,61.0,162.64,4.0,Female,Cash,Cosmetics,Metropol AVM,14/01/2022
C105227,35.0,600.17,1.0,Male,Cash,Shoes,Cevahir AVM,24/03/2022
C105229,54.0,71.68,2.0,Male,Cash,Toys,Mall of Istanbul,24/12/2021
C105230,18.0,58.65,5.0,Female,Credit Card,Souvenir,Forum Istanbul,19/07/2022
C105232,21.0,5.23,1.0,Female,Cash,Food & Beverage,Forum Istanbul,28/01/2022
C105238,44.0,23.46,2.0,Female,Cash,Souvenir,Metrocity,1/11/2022
C105241,62.0,162.64,4.0,Male,Credit Card,Cosmetics,Mall of Istanbul,15/09/2021
C105244,36.0,900.24,3.0,Female,Credit Card,Clothing,Kanyon,3/5/2022
C105245,64.0,81.32,2.0,Female,Credit Card,Cosmetics,Istinye Park,19/12/2021
C105246,47.0,81.32,2.0,Male,Cash,Cosmetics,Metrocity,29/03/2022
C105254,19.0,600.16,2.0,Male,Credit Card,Clothing,Kanyon,24/02/2022
C105258,41.0,1200.32,4.0,Male,Debit Card,Clothing,Istinye Park,20/05/2022
C105259,68.0,30.3,2.0,Female,Cash,Books,Kanyon,18/08/2022
C105263,40.0,1500.4,5.0,Female,Cash,Clothing,Metrocity,15/10/2022
C105267,63.0,107.52,3.0,Male,Credit Card,Toys,Mall of Istanbul,26/06/2022
C105269,31.0,600.16,2.0,Male,Credit Card,Clothing,Istinye Park,10/11/2021
C105277,29.0,1200.32,4.0,Female,Cash,Clothing,Viaport Outlet,2/11/2021
C105280,43.0,1500.4,5.0,Male,Cash,Clothing,Zorlu Center,7/10/2021
C105283,55.0,1500.4,5.0,Female,Credit Card,Clothing,Metrocity,22/10/2022
C105288,23.0,2100.0,2.0,Female,Cash,Technology,Kanyon,20/10/2021
C105294,66.0,300.08,1.0,Female,Cash,Clothing,Metrocity,17/09/2021
C105298,29.0,5.23,1.0,Female,Credit Card,Food & Beverage,Mall of Istanbul,6/10/2021
C105299,22.0,5.23,1.0,Female,Cash,Food & Beverage,Metrocity,20/09/2021
C105300,67.0,162.64,4.0,Female,Credit Card,Cosmetics,Metrocity,24/01/2023
C105301,49.0,900.24,3.0,Female,Credit Card,Clothing,Metropol AVM,27/06/2022
C105302,58.0,600.17,1.0,Female,Cash,Shoes,Cevahir AVM,28/03/2022
C105304,24.0,46.92,4.0,Male,Cash,Souvenir,Mall of Istanbul,2/12/2022
C105307,67.0,40.66,1.0,Male,Cash,Cosmetics,Metrocity,29/03/2022
C105309,21.0,1500.4,5.0,Female,Cash,Clothing,Kanyon,5/6/2022
C105312,31.0,3000.85,5.0,Male,Credit Card,Shoes,Mall of Istanbul,5/2/2021
C105314,30.0,23.46,2.0,Female,Credit Card,Souvenir,Kanyon,1/9/2021
C105316,36.0,203.3,5.0,Male,Cash,Cosmetics,Viaport Outlet,25/01/2021
C105319,47.0,58.65,5.0,Female,Debit Card,Souvenir,Viaport Outlet,27/09/2022
C105324,27.0,600.16,2.0,Female,Credit Card,Clothing,Mall of Istanbul,12/11/2021
C105332,28.0,1200.32,4.0,Female,Cash,Clothing,Kanyon,3/1/2021
C105334,23.0,179.2,5.0,Male,Debit Card,Toys,Cevahir AVM,3/12/2021
C105337,49.0,45.45,3.0,Female,Credit Card,Books,Forum Istanbul,21/09/2021
C105344,18.0,162.64,4.0,Female,Credit Card,Cosmetics,Metropol AVM,31/07/2021
C105346,54.0,35.84,1.0,Female,Credit Card,Toys,Istinye Park,14/07/2021
C105350,46.0,1200.34,2.0,Male,Debit Card,Shoes,Metropol AVM,3/10/2021
C105351,55.0,3000.85,5.0,Male,Cash,Shoes,Mall of Istanbul,25/02/2021
C105352,51.0,58.65,5.0,Female,Cash,Souvenir,Mall of Istanbul,1/11/2021
C105366,22.0,1500.4,5.0,Female,Cash,Clothing,Emaar Square Mall,12/12/2021
C105368,68.0,107.52,3.0,Male,Credit Card,Toys,Emaar Square Mall,31/03/2021
C105377,29.0,46.92,4.0,Female,Debit Card,Souvenir,Mall of Istanbul,29/09/2022
C105378,35.0,162.64,4.0,Female,Credit Card,Cosmetics,Mall of Istanbul,24/12/2021
C105380,48.0,1500.4,5.0,Male,Debit Card,Clothing,Istinye Park,29/12/2022
C105382,38.0,900.24,3.0,Female,Cash,Clothing,Cevahir AVM,24/12/2022
C105384,23.0,2400.68,4.0,Female,Debit Card,Shoes,Kanyon,23/11/2021
C105387,24.0,46.92,4.0,Male,Credit Card,Souvenir,Kanyon,28/11/2022
C105389,46.0,121.98,3.0,Female,Credit Card,Cosmetics,Metropol AVM,16/08/2021
C105391,28.0,35.84,1.0,Male,Cash,Toys,Istinye Park,22/01/2022
C105393,51.0,20.92,4.0,Male,Debit Card,Food & Beverage,Kanyon,14/06/2022
C105400,26.0,1200.32,4.0,Female,Debit Card,Clothing,Metropol AVM,17/04/2021
C105401,52.0,179.2,5.0,Female,Credit Card,Toys,Istinye Park,16/08/2021
C105402,61.0,162.64,4.0,Female,Credit Card,Cosmetics,Metrocity,20/04/2022
C105403,39.0,1200.32,4.0,Female,Credit Card,Clothing,Istinye Park,9/9/2021
C105405,64.0,121.98,3.0,Female,Credit Card,Cosmetics,Istinye Park,8/1/2023
C105412,45.0,600.17,1.0,Female,Credit Card,Shoes,Viaport Outlet,23/04/2021
C105421,54.0,300.08,1.0,Female,Debit Card,Clothing,Metropol AVM,14/12/2021
C105422,46.0,203.3,5.0,Female,Cash,Cosmetics,Kanyon,17/02/2022
C105423,41.0,300.08,1.0,Female,Cash,Clothing,Kanyon,26/10/2021
C105429,55.0,5.23,1.0,Female,Debit Card,Food & Beverage,Istinye Park,4/8/2021
C105433,25.0,1800.51,3.0,Female,Cash,Shoes,Kanyon,4/3/2023
C105438,37.0,300.08,1.0,Male,Credit Card,Clothing,Kanyon,16/10/2022
C105444,23.0,143.36,4.0,Female,Cash,Toys,Metropol AVM,2/4/2021
C105445,25.0,900.24,3.0,Female,Cash,Clothing,Kanyon,5/4/2021
C105458,33.0,26.15,5.0,Male,Cash,Food & Beverage,Metrocity,26/03/2021
C105463,67.0,900.24,3.0,Female,Credit Card,Clothing,Viaport Outlet,4/1/2021
C105464,66.0,15.69,3.0,Female,Cash,Food & Beverage,Kanyon,19/09/2022
C105467,37.0,26.15,5.0,Male,Cash,Food & Beverage,Emaar Square Mall,16/01/2023
C105471,49.0,3000.85,5.0,Female,Cash,Shoes,Mall of Istanbul,7/4/2021
C105474,55.0,40.66,1.0,Female,Credit Card,Cosmetics,Mall of Istanbul,15/01/2023
C105480,24.0,300.08,1.0,Female,Cash,Clothing,Metropol AVM,6/5/2021
C105485,51.0,1500.4,5.0,Female,Credit Card,Clothing,Forum Istanbul,16/09/2021
C105491,44.0,81.32,2.0,Female,Credit Card,Cosmetics,Kanyon,3/5/2021
C105496,43.0,1200.32,4.0,Female,Credit Card,Clothing,Istinye Park,11/11/2021
C105498,46.0,35.84,1.0,Male,Credit Card,Toys,Metrocity,17/03/2021
C105503,46.0,162.64,4.0,Male,Credit Card,Cosmetics,Metrocity,25/09/2021
C105504,33.0,46.92,4.0,Female,Cash,Souvenir,Zorlu Center,8/10/2022
C105507,27.0,1500.4,5.0,Female,Credit Card,Clothing,Zorlu Center,27/07/2022
C105509,42.0,203.3,5.0,Male,Credit Card,Cosmetics,Mall of Istanbul,14/08/2022
C105510,57.0,203.3,5.0,Female,Cash,Cosmetics,Zorlu Center,15/02/2023
C105511,65.0,1200.34,2.0,Female,Credit Card,Shoes,Zorlu Center,16/11/2021
C105515,43.0,1500.4,5.0,Female,Credit Card,Clothing,Mall of Istanbul,28/07/2021
C105516,38.0,300.08,1.0,Male,Credit Card,Clothing,Mall of Istanbul,17/01/2022
C105522,67.0,40.66,1.0,Female,Debit Card,Cosmetics,Metropol AVM,28/02/2023
C105524,48.0,26.15,5.0,Male,Debit Card,Food & Beverage,Kanyon,9/10/2021
C105526,42.0,15.15,1.0,Female,Credit Card,Books,Metropol AVM,21/01/2022
C105527,34.0,1500.4,5.0,Male,Debit Card,Clothing,Metrocity,28/05/2021
C105529,21.0,46.92,4.0,Female,Credit Card,Souvenir,Emaar Square Mall,12/2/2023
C105535,41.0,3150.0,3.0,Female,Cash,Technology,Zorlu Center,15/07/2021
C105538,69.0,5.23,1.0,Male,Credit Card,Food & Beverage,Metrocity,31/05/2022
C105545,30.0,300.08,1.0,Female,Credit Card,Clothing,Emaar Square Mall,27/08/2022
C105548,54.0,2400.68,4.0,Female,Cash,Shoes,Istinye Park,7/6/2021
C105550,48.0,900.24,3.0,Female,Credit Card,Clothing,Kanyon,10/2/2021
C105551,46.0,1200.32,4.0,Female,Credit Card,Clothing,Mall of Istanbul,21/01/2022
C105552,46.0,1800.51,3.0,Female,Cash,Shoes,Cevahir AVM,23/01/2021
C105553,56.0,1200.32,4.0,Male,Cash,Clothing,Metropol AVM,3/4/2022
C105559,42.0,3000.85,5.0,Male,Cash,Shoes,Cevahir AVM,5/4/2021
C105561,33.0,900.24,3.0,Male,Credit Card,Clothing,Mall of Istanbul,23/05/2021
C105564,45.0,75.75,5.0,Male,Debit Card,Books,Mall of Istanbul,18/10/2022
C105565,37.0,26.15,5.0,Female,Cash,Food & Beverage,Forum Istanbul,22/02/2021
C105566,40.0,107.52,3.0,Female,Cash,Toys,Istinye Park,19/01/2021
C105567,57.0,1200.32,4.0,Male,Cash,Clothing,Istinye Park,22/05/2021
C105574,22.0,1500.4,5.0,Female,Debit Card,Clothing,Istinye Park,18/03/2022
C105577,26.0,143.36,4.0,Female,Credit Card,Toys,Metropol AVM,5/5/2022
C105579,47.0,1200.32,4.0,Male,Cash,Clothing,Metrocity,26/08/2021
C105581,22.0,1200.32,4.0,Male,Credit Card,Clothing,Kanyon,1/4/2021
C105583,23.0,15.69,3.0,Female,Cash,Food & Beverage,Viaport Outlet,10/1/2022
C105585,26.0,15.69,3.0,Male,Credit Card,Food & Beverage,Istinye Park,29/06/2021
C105587,52.0,600.16,2.0,Female,Debit Card,Clothing,Metrocity,17/03/2022
C105588,51.0,143.36,4.0,Male,Credit Card,Toys,Metrocity,28/02/2022
C105590,24.0,600.16,2.0,Male,Credit Card,Clothing,Metropol AVM,13/10/2021
C105599,36.0,600.16,2.0,Female,Credit Card,Clothing,Kanyon,24/10/2022
C105600,34.0,1200.32,4.0,Female,Credit Card,Clothing,Metrocity,24/02/2022
C105601,68.0,15.69,3.0,Male,Cash,Food & Beverage,Mall of Istanbul,29/03/2021
C105607,47.0,600.16,2.0,Male,Credit Card,Clothing,Forum Istanbul,10/2/2023
C105609,64.0,143.36,4.0,Female,Cash,Toys,Metrocity,28/07/2022
C105613,37.0,3000.85,5.0,Female,Cash,Shoes,Kanyon,10/11/2022
C105618,33.0,900.24,3.0,Female,Credit Card,Clothing,Istinye Park,25/08/2022
C105620,57.0,2100.0,2.0,Female,Credit Card,Technology,Mall of Istanbul,13/02/2023
C105622,61.0,162.64,4.0,Female,Debit Card,Cosmetics,Metrocity,3/1/2021
C105625,49.0,179.2,5.0,Male,Debit Card,Toys,Kanyon,2/10/2021
C105640,26.0,35.84,1.0,Female,Debit Card,Toys,Kanyon,16/12/2021
C105648,39.0,600.16,2.0,Female,Cash,Clothing,Kanyon,4/12/2021
C105654,54.0,1200.34,2.0,Female,Cash,Shoes,Mall of Istanbul,25/04/2022
C105655,27.0,600.16,2.0,Male,Cash,Clothing,Cevahir AVM,28/01/2023
C105656,27.0,5.23,1.0,Female,Credit Card,Food & Beverage,Kanyon,18/04/2021
C105659,64.0,600.16,2.0,Female,Credit Card,Clothing,Metropol AVM,20/03/2021
C105660,26.0,1500.4,5.0,Female,Debit Card,Clothing,Forum Istanbul,9/11/2022
C105662,46.0,1500.4,5.0,Female,Credit Card,Clothing,Mall of Istanbul,10/2/2022
C105666,49.0,40.66,1.0,Male,Cash,Cosmetics,Forum Istanbul,14/01/2021
C105667,40.0,15.69,3.0,Male,Credit Card,Food & Beverage,Metropol AVM,22/05/2021
C105668,64.0,35.19,3.0,Female,Cash,Souvenir,Kanyon,5/4/2021
C105669,65.0,300.08,1.0,Male,Credit Card,Clothing,Mall of Istanbul,26/12/2022
C105670,63.0,162.64,4.0,Male,Credit Card,Cosmetics,Metrocity,14/01/2021
C105673,44.0,58.65,5.0,Female,Credit Card,Souvenir,Kanyon,3/2/2022
C105677,47.0,179.2,5.0,Female,Cash,Toys,Kanyon,6/5/2022
C105678,49.0,40.66,1.0,Male,Credit Card,Cosmetics,Metrocity,15/02/2022
C105683,51.0,300.08,1.0,Female,Credit Card,Clothing,Metrocity,23/08/2022
C105691,39.0,45.45,3.0,Female,Credit Card,Books,Kanyon,13/06/2021
C105695,69.0,35.84,1.0,Female,Cash,Toys,Emaar Square Mall,30/09/2021
C105696,50.0,107.52,3.0,Female,Credit Card,Toys,Emaar Square Mall,11/7/2022
C105697,61.0,1200.32,4.0,Female,Cash,Clothing,Mall of Istanbul,21/02/2021
C105698,34.0,300.08,1.0,Male,Cash,Clothing,Metropol AVM,21/09/2021
C105702,34.0,4200.0,4.0,Female,Cash,Technology,Metropol AVM,21/01/2022
C105704,63.0,1200.32,4.0,Male,Cash,Clothing,Mall of Istanbul,6/1/2021
C105710,23.0,121.98,3.0,Male,Credit Card,Cosmetics,Mall of Istanbul,18/06/2021
C105712,54.0,30.3,2.0,Male,Cash,Books,Metropol AVM,9/9/2021
C105715,19.0,15.15,1.0,Female,Cash,Books,Mall of Istanbul,23/05/2021
C105716,50.0,60.6,4.0,Female,Credit Card,Books,Mall of Istanbul,24/05/2021
C105725,51.0,162.64,4.0,Male,Debit Card,Cosmetics,Viaport Outlet,1/11/2021
C105729,60.0,600.16,2.0,Female,Cash,Clothing,Cevahir AVM,19/03/2022
C105730,28.0,1500.4,5.0,Male,Credit Card,Clothing,Viaport Outlet,21/09/2021
C105733,54.0,203.3,5.0,Male,Cash,Cosmetics,Metrocity,10/1/2023
C105736,55.0,35.84,1.0,Male,Cash,Toys,Istinye Park,14/08/2021
C105743,51.0,600.17,1.0,Female,Credit Card,Shoes,Mall of Istanbul,3/10/2022
C105746,54.0,35.84,1.0,Male,Cash,Toys,Kanyon,21/02/2021
C105747,35.0,40.66,1.0,Male,Debit Card,Cosmetics,Mall of Istanbul,22/02/2023
C105748,57.0,900.24,3.0,Female,Credit Card,Clothing,Istinye Park,12/12/2022
C105750,51.0,121.98,3.0,Female,Cash,Cosmetics,Zorlu Center,6/5/2021
C105754,55.0,26.15,5.0,Male,Credit Card,Food & Beverage,Mall of Istanbul,24/09/2022
C105756,64.0,203.3,5.0,Female,Cash,Cosmetics,Mall of Istanbul,12/3/2022
C105758,35.0,11.73,1.0,Female,Credit Card,Souvenir,Emaar Square Mall,18/10/2022
C105759,64.0,900.24,3.0,Male,Credit Card,Clothing,Istinye Park,22/01/2022
C105761,43.0,1800.51,3.0,Female,Credit Card,Shoes,Cevahir AVM,30/03/2021
C105764,67.0,23.46,2.0,Male,Cash,Souvenir,Emaar Square Mall,16/02/2023
C105766,68.0,15.69,3.0,Female,Cash,Food & Beverage,Cevahir AVM,7/11/2022
C105769,34.0,300.08,1.0,Male,Cash,Clothing,Istinye Park,1/1/2021
C105773,35.0,1200.32,4.0,Male,Cash,Clothing,Mall of Istanbul,16/06/2021
C105777,46.0,107.52,3.0,Female,Cash,Toys,Metrocity,30/05/2022
C105778,54.0,20.92,4.0,Female,Credit Card,Food & Beverage,Mall of Istanbul,12/2/2022
C105779,66.0,1200.32,4.0,Female,Cash,Clothing,Kanyon,31/05/2022
C105780,32.0,300.08,1.0,Male,Cash,Clothing,Istinye Park,14/06/2022
C105781,28.0,1050.0,1.0,Male,Credit Card,Technology,Mall of Istanbul,22/11/2021
C105782,62.0,15.69,3.0,Male,Cash,Food & Beverage,Mall of Istanbul,13/03/2021
C105783,28.0,2400.68,4.0,Female,Cash,Shoes,Kanyon,14/03/2021
C105787,48.0,179.2,5.0,Female,Credit Card,Toys,Metrocity,18/03/2022
C105788,41.0,143.36,4.0,Male,Cash,Toys,Metrocity,11/7/2022
C105789,62.0,600.17,1.0,Female,Cash,Shoes,Metropol AVM,31/12/2021
C105792,28.0,35.84,1.0,Female,Cash,Toys,Cevahir AVM,7/1/2022
C105793,24.0,107.52,3.0,Male,Cash,Toys,Metrocity,31/08/2021
C105795,52.0,600.16,2.0,Male,Credit Card,Clothing,Metropol AVM,26/10/2021
C105796,31.0,143.36,4.0,Male,Credit Card,Toys,Mall of Istanbul,3/10/2022
C105800,55.0,121.98,3.0,Male,Cash,Cosmetics,Metrocity,10/7/2021
C105802,49.0,26.15,5.0,Female,Credit Card,Food & Beverage,Kanyon,12/3/2021
C105807,26.0,107.52,3.0,Male,Debit Card,Toys,Zorlu Center,3/1/2023
C105811,60.0,81.32,2.0,Male,Cash,Cosmetics,Mall of Istanbul,22/11/2021
C105812,69.0,600.16,2.0,Female,Cash,Clothing,Istinye Park,1/3/2023
C105814,42.0,300.08,1.0,Male,Debit Card,Clothing,Metropol AVM,12/2/2022
C105815,20.0,15.69,3.0,Female,Cash,Food & Beverage,Istinye Park,19/10/2021
C105816,69.0,1050.0,1.0,Male,Cash,Technology,Istinye Park,31/08/2022
C105818,47.0,40.66,1.0,Male,Debit Card,Cosmetics,Cevahir AVM,28/04/2022
C105819,58.0,162.64,4.0,Female,Debit Card,Cosmetics,Mall of Istanbul,28/10/2021
C105823,42.0,900.24,3.0,Female,Credit Card,Clothing,Mall of Istanbul,27/11/2021
C105824,37.0,1200.34,2.0,Female,Debit Card,Shoes,Kanyon,20/02/2023
C105826,25.0,1200.32,4.0,Female,Cash,Clothing,Metrocity,1/2/2023
C105830,48.0,1200.32,4.0,Male,Credit Card,Clothing,Istinye Park,14/12/2022
C105833,55.0,40.66,1.0,Female,Debit Card,Cosmetics,Mall of Istanbul,12/8/2022
C105834,43.0,5.23,1.0,Female,Cash,Food & Beverage,Metrocity,29/11/2021
C105837,27.0,600.17,1.0,Female,Credit Card,Shoes,Emaar Square Mall,29/04/2022
C105838,62.0,26.15,5.0,Male,Credit Card,Food & Beverage,Kanyon,3/3/2023
C105842,64.0,179.2,5.0,Male,Credit Card,Toys,Forum Istanbul,7/2/2022
C105844,23.0,600.16,2.0,Male,Credit Card,Clothing,Emaar Square Mall,29/06/2021
C105845,20.0,5.23,1.0,Female,Credit Card,Food & Beverage,Mall of Istanbul,21/10/2022
C105847,43.0,600.16,2.0,Male,Credit Card,Clothing,Kanyon,12/2/2023
C105853,42.0,179.2,5.0,Male,Credit Card,Toys,Viaport Outlet,29/06/2021
C105860,37.0,1200.34,2.0,Female,Cash,Shoes,Metropol AVM,11/4/2021
C105862,18.0,81.32,2.0,Female,Debit Card,Cosmetics,Emaar Square Mall,17/03/2021
C105864,43.0,1050.0,1.0,Female,Cash,Technology,Mall of Istanbul,23/08/2021
C105881,24.0,1200.32,4.0,Female,Debit Card,Clothing,Metrocity,18/03/2021
C105882,53.0,35.19,3.0,Female,Debit Card,Souvenir,Mall of Istanbul,16/02/2023
C105883,66.0,10.46,2.0,Female,Credit Card,Food & Beverage,Emaar Square Mall,19/09/2022
C105902,20.0,3150.0,3.0,Male,Debit Card,Technology,Viaport Outlet,18/07/2022
C105907,23.0,81.32,2.0,Female,Credit Card,Cosmetics,Cevahir AVM,6/3/2022
C105908,18.0,15.69,3.0,Female,Credit Card,Food & Beverage,Kanyon,16/12/2022
C105910,32.0,203.3,5.0,Female,Credit Card,Cosmetics,Forum Istanbul,1/9/2021
C105918,33.0,121.98,3.0,Male,Credit Card,Cosmetics,Forum Istanbul,13/11/2022
C105920,30.0,1200.32,4.0,Male,Cash,Clothing,Kanyon,1/5/2021
C105923,64.0,1200.32,4.0,Female,Debit Card,Clothing,Metropol AVM,16/06/2021
C105925,66.0,1500.4,5.0,Female,Credit Card,Clothing,Mall of Istanbul,30/03/2021
C105929,38.0,26.15,5.0,Female,Debit Card,Food & Beverage,Zorlu Center,11/12/2022
C105930,56.0,300.08,1.0,Female,Cash,Clothing,Mall of Istanbul,18/03/2022
C105931,19.0,81.32,2.0,Female,Credit Card,Cosmetics,Mall of Istanbul,30/08/2021
C105934,36.0,300.08,1.0,Male,Credit Card,Clothing,Metrocity,27/11/2022
C105940,34.0,162.64,4.0,Female,Cash,Cosmetics,Metrocity,28/05/2021
C105941,39.0,81.32,2.0,Male,Credit Card,Cosmetics,Istinye Park,2/1/2022
C105944,68.0,121.98,3.0,Female,Debit Card,Cosmetics,Mall of Istanbul,17/01/2022
C105949,39.0,900.24,3.0,Male,Credit Card,Clothing,Emaar Square Mall,7/4/2021
C105950,18.0,5.23,1.0,Female,Credit Card,Food & Beverage,Kanyon,18/11/2021
C105951,33.0,179.2,5.0,Male,Credit Card,Toys,Kanyon,4/8/2022
C105955,59.0,162.64,4.0,Female,Debit Card,Cosmetics,Kanyon,12/8/2022
C105958,64.0,1200.32,4.0,Male,Credit Card,Clothing,Forum Istanbul,15/08/2022
C105960,55.0,75.75,5.0,Female,Cash,Books,Metrocity,29/07/2022
C105965,40.0,35.19,3.0,Male,Cash,Souvenir,Kanyon,30/03/2021
C105968,43.0,300.08,1.0,Male,Cash,Clothing,Kanyon,17/03/2022
C105969,57.0,143.36,4.0,Female,Cash,Toys,Metropol AVM,6/6/2022
C105970,67.0,300.08,1.0,Male,Cash,Clothing,Istinye Park,17/09/2021
C105973,47.0,26.15,5.0,Female,Cash,Food & Beverage,Metropol AVM,23/10/2022
C105974,37.0,81.32,2.0,Male,Debit Card,Cosmetics,Viaport Outlet,21/01/2021
C105975,32.0,900.24,3.0,Male,Cash,Clothing,Emaar Square Mall,21/01/2021
C105982,68.0,900.24,3.0,Male,Cash,Clothing,Mall of Istanbul,7/11/2022
C105983,67.0,179.2,5.0,Male,Credit Card,Toys,Mall of Istanbul,4/3/2023
C105984,35.0,203.3,5.0,Female,Credit Card,Cosmetics,Kanyon,14/09/2021
C105986,62.0,26.15,5.0,Female,Debit Card,Food & Beverage,Istinye Park,21/02/2021
C105990,21.0,1200.34,2.0,Male,Credit Card,Shoes,Mall of Istanbul,21/12/2022
C105991,27.0,1200.32,4.0,Male,Debit Card,Clothing,Mall of Istanbul,23/02/2022
C105994,33.0,71.68,2.0,Female,Credit Card,Toys,Metropol AVM,27/07/2022
C105996,21.0,2400.68,4.0,Female,Cash,Shoes,Mall of Istanbul,15/03/2021
C105997,45.0,1500.4,5.0,Female,Cash,Clothing,Zorlu Center,23/06/2022
C106003,20.0,5.23,1.0,Male,Cash,Food & Beverage,Mall of Istanbul,1/7/2021
C106004,41.0,143.36,4.0,Female,Cash,Toys,Istinye Park,10/1/2022
C106005,20.0,3150.0,3.0,Male,Cash,Technology,Metrocity,26/05/2022
C106009,46.0,1200.34,2.0,Female,Credit Card,Shoes,Istinye Park,18/05/2021
C106015,46.0,71.68,2.0,Female,Cash,Toys,Forum Istanbul,16/07/2022
C106017,43.0,5.23,1.0,Female,Debit Card,Food & Beverage,Istinye Park,5/9/2022
C106018,42.0,26.15,5.0,Male,Cash,Food & Beverage,Mall of Istanbul,13/11/2021
C106020,28.0,600.16,2.0,Male,Credit Card,Clothing,Viaport Outlet,21/05/2022
C106021,28.0,162.64,4.0,Female,Debit Card,Cosmetics,Forum Istanbul,8/11/2022
C106025,19.0,162.64,4.0,Female,Cash,Cosmetics,Viaport Outlet,26/09/2021
C106026,44.0,900.24,3.0,Female,Cash,Clothing,Mall of Istanbul,12/12/2021
C106027,53.0,162.64,4.0,Female,Debit Card,Cosmetics,Emaar Square Mall,2/12/2022
C106028,23.0,1500.4,5.0,Male,Cash,Clothing,Zorlu Center,28/11/2021
C106029,34.0,1800.51,3.0,Female,Debit Card,Shoes,Forum Istanbul,12/3/2022
C106033,33.0,1800.51,3.0,Male,Credit Card,Shoes,Metrocity,22/10/2021
C106036,30.0,5.23,1.0,Male,Cash,Food & Beverage,Metropol AVM,29/07/2022
C106038,23.0,11.73,1.0,Female,Credit Card,Souvenir,Kanyon,22/02/2021
C106042,31.0,71.68,2.0,Male,Credit Card,Toys,Istinye Park,26/04/2022
C106043,40.0,1200.32,4.0,Female,Credit Card,Clothing,Metropol AVM,28/01/2022
C106044,69.0,1050.0,1.0,Female,Cash,Technology,Cevahir AVM,26/07/2022
C106046,61.0,143.36,4.0,Female,Credit Card,Toys,Istinye Park,21/08/2021
C106050,69.0,900.24,3.0,Male,Cash,Clothing,Forum Istanbul,16/07/2022
C106051,19.0,203.3,5.0,Female,Credit Card,Cosmetics,Mall of Istanbul,3/12/2021
C106052,26.0,1500.4,5.0,Female,Cash,Clothing,Metropol AVM,10/2/2023
C106054,34.0,26.15,5.0,Male,Credit Card,Food & Beverage,Metrocity,13/05/2022
C106055,55.0,81.32,2.0,Male,Cash,Cosmetics,Mall of Istanbul,25/04/2022
C106056,54.0,600.17,1.0,Female,Cash,Shoes,Cevahir AVM,6/9/2022
C106061,21.0,900.24,3.0,Female,Debit Card,Clothing,Mall of Istanbul,28/09/2021
C106062,30.0,300.08,1.0,Female,Cash,Clothing,Kanyon,6/3/2023
C106063,22.0,15.69,3.0,Male,Cash,Food & Beverage,Zorlu Center,27/11/2021
C106065,64.0,1500.4,5.0,Female,Debit Card,Clothing,Metropol AVM,12/5/2022
C106066,57.0,26.15,5.0,Female,Cash,Food & Beverage,Metrocity,6/11/2022
C106068,29.0,179.2,5.0,Female,Cash,Toys,Metropol AVM,17/02/2022
C106070,25.0,1500.4,5.0,Female,Cash,Clothing,Kanyon,21/01/2022
C106071,22.0,300.08,1.0,Female,Credit Card,Clothing,Forum Istanbul,21/09/2022
C106072,25.0,5250.0,5.0,Male,Debit Card,Technology,Kanyon,19/03/2022
C106074,36.0,143.36,4.0,Male,Debit Card,Toys,Istinye Park,23/11/2021
C106079,36.0,203.3,5.0,Female,Cash,Cosmetics,Zorlu Center,9/3/2021
C106080,68.0,35.84,1.0,Female,Debit Card,Toys,Metrocity,9/1/2022
C106081,22.0,35.84,1.0,Female,Credit Card,Toys,Zorlu Center,4/6/2021
C106086,26.0,35.84,1.0,Male,Cash,Toys,Mall of Istanbul,11/12/2021
C106094,46.0,1500.4,5.0,Female,Debit Card,Clothing,Mall of Istanbul,13/02/2023
C106095,67.0,5.23,1.0,Male,Credit Card,Food & Beverage,Emaar Square Mall,23/10/2022
C106099,20.0,1200.32,4.0,Female,Debit Card,Clothing,Cevahir AVM,21/10/2022
C106101,30.0,35.84,1.0,Male,Debit Card,Toys,Metropol AVM,20/10/2022
C106108,67.0,26.15,5.0,Male,Credit Card,Food & Beverage,Mall of Istanbul,5/2/2022
C106111,64.0,162.64,4.0,Female,Cash,Cosmetics,Forum Istanbul,29/06/2021
C106114,39.0,5250.0,5.0,Female,Credit Card,Technology,Kanyon,3/2/2021
C106117,58.0,5250.0,5.0,Female,Cash,Technology,Viaport Outlet,22/02/2023
C106121,44.0,300.08,1.0,Female,Credit Card,Clothing,Mall of Istanbul,25/07/2022
C106123,23.0,1200.34,2.0,Female,Credit Card,Shoes,Emaar Square Mall,8/11/2021
C106124,68.0,15.15,1.0,Male,Cash,Books,Kanyon,7/2/2021
C106128,49.0,1500.4,5.0,Male,Cash,Clothing,Mall of Istanbul,28/03/2021
C106129,67.0,2400.68,4.0,Female,Cash,Shoes,Metrocity,20/05/2021
C106130,35.0,1500.4,5.0,Male,Cash,Clothing,Metropol AVM,6/3/2023
C106131,59.0,121.98,3.0,Male,Debit Card,Cosmetics,Metrocity,13/12/2021
C106132,67.0,1500.4,5.0,Male,Credit Card,Clothing,Zorlu Center,14/08/2022
C106133,21.0,107.52,3.0,Female,Credit Card,Toys,Kanyon,14/04/2022
C106137,62.0,300.08,1.0,Male,Credit Card,Clothing,Metropol AVM,4/2/2022
C106139,40.0,40.66,1.0,Female,Cash,Cosmetics,Metropol AVM,20/06/2022
C106142,43.0,5.23,1.0,Female,Credit Card,Food & Beverage,Mall of Istanbul,21/01/2021
C106143,54.0,600.16,2.0,Male,Debit Card,Clothing,Mall of Istanbul,5/8/2022
C106148,59.0,900.24,3.0,Female,Credit Card,Clothing,Metrocity,3/9/2022
C106150,40.0,121.98,3.0,Male,Credit Card,Cosmetics,Kanyon,10/5/2021
C106153,30.0,600.16,2.0,Male,Cash,Clothing,Metrocity,20/11/2022
C106154,64.0,1200.32,4.0,Male,Credit Card,Clothing,Mall of Istanbul,16/06/2021
C106160,29.0,203.3,5.0,Female,Cash,Cosmetics,Forum Istanbul,19/06/2021
C106169,37.0,30.3,2.0,Male,Cash,Books,Kanyon,15/11/2022
C106172,18.0,900.24,3.0,Female,Debit Card,Clothing,Zorlu Center,29/12/2022
C106174,49.0,600.16,2.0,Male,Credit Card,Clothing,Istinye Park,11/12/2021
C106178,46.0,3150.0,3.0,Male,Cash,Technology,Mall of Istanbul,3/1/2021
C106179,48.0,40.66,1.0,Female,Cash,Cosmetics,Mall of Istanbul,3/6/2021
C106181,40.0,121.98,3.0,Male,Debit Card,Cosmetics,Metrocity,5/2/2022
C106184,39.0,900.24,3.0,Male,Cash,Clothing,Mall of Istanbul,14/02/2021
C106188,27.0,203.3,5.0,Female,Cash,Cosmetics,Metrocity,2/6/2021
C106191,43.0,20.92,4.0,Male,Credit Card,Food & Beverage,Mall of Istanbul,20/01/2021
C106192,59.0,300.08,1.0,Female,Debit Card,Clothing,Metropol AVM,16/05/2022
C106196,18.0,40.66,1.0,Female,Cash,Cosmetics,Metrocity,17/12/2022
C106200,66.0,1200.34,2.0,Female,Credit Card,Shoes,Forum Istanbul,25/12/2021
C106202,61.0,5.23,1.0,Female,Cash,Food & Beverage,Kanyon,21/03/2022
C106207,40.0,10.46,2.0,Male,Cash,Food & Beverage,Viaport Outlet,10/8/2021
C106209,23.0,26.15,5.0,Male,Credit Card,Food & Beverage,Mall of Istanbul,20/03/2022
C106211,39.0,1500.4,5.0,Female,Credit Card,Clothing,Metropol AVM,29/11/2022
C106218,49.0,75.75,5.0,Male,Debit Card,Books,Istinye Park,4/7/2022
C106220,38.0,900.24,3.0,Female,Cash,Clothing,Mall of Istanbul,5/10/2021
C106221,28.0,600.16,2.0,Female,Credit Card,Clothing,Mall of Istanbul,8/12/2021
C106224,35.0,179.2,5.0,Male,Cash,Toys,Metrocity,26/01/2021
C106225,55.0,26.15,5.0,Female,Debit Card,Food & Beverage,Istinye Park,6/5/2022
C106229,56.0,30.3,2.0,Female,Cash,Books,Mall of Istanbul,8/1/2022
C106231,44.0,162.64,4.0,Male,Debit Card,Cosmetics,Emaar Square Mall,26/12/2021
C106240,43.0,1050.0,1.0,Male,Credit Card,Technology,Cevahir AVM,25/12/2022
C106241,53.0,3000.85,5.0,Female,Credit Card,Shoes,Kanyon,16/05/2021
C106255,32.0,3000.85,5.0,Male,Cash,Shoes,Metrocity,22/12/2022
C106256,18.0,1200.32,4.0,Male,Cash,Clothing,Metrocity,17/02/2021
C106279,57.0,600.16,2.0,Female,Cash,Clothing,Cevahir AVM,23/01/2023
C106280,18.0,2100.0,2.0,Female,Credit Card,Technology,Metrocity,28/10/2022
C106282,37.0,203.3,5.0,Female,Credit Card,Cosmetics,Kanyon,17/07/2021
C106291,37.0,11.73,1.0,Female,Cash,Souvenir,Viaport Outlet,10/8/2021
C106292,35.0,26.15,5.0,Female,Credit Card,Food & Beverage,Metropol AVM,28/06/2022
C106299,63.0,40.66,1.0,Male,Credit Card,Cosmetics,Istinye Park,19/06/2021
C106300,25.0,1200.32,4.0,Female,Cash,Clothing,Metropol AVM,29/07/2021
C106302,35.0,1200.32,4.0,Female,Cash,Clothing,Kanyon,27/08/2021
C106310,56.0,4200.0,4.0,Female,Cash,Technology,Mall of Istanbul,4/5/2021
C106311,39.0,600.16,2.0,Male,Credit Card,Clothing,Metrocity,15/03/2022
C106313,52.0,40.66,1.0,Female,Cash,Cosmetics,Metrocity,10/1/2021
C106314,22.0,900.24,3.0,Female,Debit Card,Clothing,Metrocity,3/8/2022
C106321,39.0,2400.68,4.0,Male,Cash,Shoes,Emaar Square Mall,9/9/2021
C106324,65.0,300.08,1.0,Female,Debit Card,Clothing,Kanyon,15/01/2023
C106327,27.0,600.16,2.0,Male,Debit Card,Clothing,Mall of Istanbul,6/9/2022
C106328,54.0,15.15,1.0,Female,Debit Card,Books,Kanyon,4/10/2021
C106332,66.0,2400.68,4.0,Male,Cash,Shoes,Kanyon,25/03/2021
C106333,19.0,900.24,3.0,Female,Cash,Clothing,Emaar Square Mall,12/3/2022
C106337,28.0,5.23,1.0,Male,Cash,Food & Beverage,Istinye Park,2/2/2023
C106338,61.0,179.2,5.0,Female,Cash,Toys,Istinye Park,18/06/2022
C106340,60.0,121.98,3.0,Male,Cash,Cosmetics,Metrocity,7/7/2021
C106349,20.0,900.24,3.0,Male,Debit Card,Clothing,Kanyon,22/07/2021
C106353,66.0,23.46,2.0,Male,Debit Card,Souvenir,Kanyon,11/6/2021
C106355,52.0,15.69,3.0,Female,Credit Card,Food & Beverage,Metropol AVM,3/2/2021
C106356,30.0,900.24,3.0,Male,Debit Card,Clothing,Emaar Square Mall,1/11/2021
C106357,38.0,15.15,1.0,Female,Cash,Books,Viaport Outlet,25/06/2021
C106358,33.0,162.64,4.0,Female,Credit Card,Cosmetics,Kanyon,8/5/2022
C106359,37.0,45.45,3.0,Female,Cash,Books,Metropol AVM,10/9/2021
C106361,69.0,300.08,1.0,Female,Credit Card,Clothing,Mall of Istanbul,24/08/2021
C106370,27.0,23.46,2.0,Female,Cash,Souvenir,Metropol AVM,23/06/2022
C106376,62.0,600.16,2.0,Female,Debit Card,Clothing,Zorlu Center,7/4/2022
C106377,20.0,35.84,1.0,Female,Debit Card,Toys,Emaar Square Mall,6/11/2021
C106379,26.0,1200.34,2.0,Female,Credit Card,Shoes,Metrocity,27/03/2021
C106383,65.0,5.23,1.0,Female,Cash,Food & Beverage,Kanyon,3/1/2022
C106384,49.0,1800.51,3.0,Male,Cash,Shoes,Istinye Park,25/08/2022
C106387,39.0,1050.0,1.0,Male,Credit Card,Technology,Metropol AVM,4/3/2021
C106392,32.0,179.2,5.0,Male,Credit Card,Toys,Metrocity,6/8/2021
C106393,50.0,26.15,5.0,Male,Cash,Food & Beverage,Emaar Square Mall,31/08/2021
C106397,47.0,107.52,3.0,Male,Cash,Toys,Mall of Istanbul,8/12/2021
C106399,30.0,300.08,1.0,Female,Debit Card,Clothing,Kanyon,8/1/2022
C106400,60.0,900.24,3.0,Female,Cash,Clothing,Zorlu Center,12/3/2021
C106404,50.0,5250.0,5.0,Male,Cash,Technology,Mall of Istanbul,7/12/2022
C106405,55.0,203.3,5.0,Male,Credit Card,Cosmetics,Mall of Istanbul,13/08/2022
C106406,68.0,58.65,5.0,Female,Credit Card,Souvenir,Kanyon,23/10/2022
C106407,32.0,600.16,2.0,Female,Cash,Clothing,Mall of Istanbul,6/4/2022
C106409,55.0,26.15,5.0,Male,Cash,Food & Beverage,Viaport Outlet,29/07/2021
C106414,60.0,300.08,1.0,Female,Credit Card,Clothing,Metropol AVM,27/02/2021
C106415,60.0,300.08,1.0,Female,Cash,Clothing,Istinye Park,30/07/2021
C106419,32.0,2100.0,2.0,Female,Cash,Technology,Emaar Square Mall,30/07/2022
C106420,23.0,1500.4,5.0,Female,Credit Card,Clothing,Istinye Park,28/10/2021
C106435,22.0,4200.0,4.0,Female,Cash,Technology,Mall of Istanbul,24/03/2021
C106439,65.0,121.98,3.0,Male,Cash,Cosmetics,Mall of Istanbul,19/02/2021
C106441,23.0,179.2,5.0,Female,Cash,Toys,Emaar Square Mall,2/4/2021
C106442,67.0,35.84,1.0,Female,Cash,Toys,Metrocity,25/03/2022
C106444,48.0,107.52,3.0,Male,Cash,Toys,Cevahir AVM,1/3/2021
C106446,65.0,900.24,3.0,Female,Credit Card,Clothing,Metropol AVM,22/07/2021
C106448,31.0,107.52,3.0,Female,Cash,Toys,Kanyon,20/03/2022
C106452,23.0,121.98,3.0,Female,Cash,Cosmetics,Istinye Park,17/06/2022
C106453,66.0,40.66,1.0,Male,Credit Card,Cosmetics,Viaport Outlet,12/11/2021
C106455,68.0,600.16,2.0,Female,Cash,Clothing,Cevahir AVM,6/9/2021
C106457,36.0,900.24,3.0,Female,Cash,Clothing,Metropol AVM,15/06/2021
C106461,43.0,900.24,3.0,Female,Debit Card,Clothing,Zorlu Center,17/01/2023
C106464,47.0,81.32,2.0,Male,Cash,Cosmetics,Cevahir AVM,23/03/2021
C106474,22.0,1200.32,4.0,Female,Credit Card,Clothing,Istinye Park,29/08/2022
C106482,32.0,81.32,2.0,Male,Debit Card,Cosmetics,Emaar Square Mall,21/03/2021
C106483,30.0,2400.68,4.0,Female,Credit Card,Shoes,Kanyon,12/4/2021
C106484,50.0,35.84,1.0,Female,Debit Card,Toys,Mall of Istanbul,20/08/2021
C106485,25.0,300.08,1.0,Female,Cash,Clothing,Kanyon,7/6/2022
C106487,69.0,81.32,2.0,Male,Cash,Cosmetics,Metrocity,17/02/2022
C106496,43.0,900.24,3.0,Male,Cash,Clothing,Kanyon,2/3/2022
C106497,30.0,600.17,1.0,Male,Debit Card,Shoes,Istinye Park,27/08/2022
C106498,29.0,300.08,1.0,Male,Credit Card,Clothing,Mall of Istanbul,5/2/2022
C106500,28.0,5.23,1.0,Female,Credit Card,Food & Beverage,Istinye Park,11/10/2021
C106506,48.0,121.98,3.0,Male,Cash,Cosmetics,Metropol AVM,18/12/2021
C106509,23.0,3150.0,3.0,Male,Credit Card,Technology,Mall of Istanbul,13/09/2022
C106511,29.0,900.24,3.0,Female,Debit Card,Clothing,Viaport Outlet,27/11/2022
C106514,55.0,15.69,3.0,Male,Cash,Food & Beverage,Forum Istanbul,19/05/2021
C106517,64.0,5.23,1.0,Female,Credit Card,Food & Beverage,Kanyon,17/09/2021
C106518,64.0,4200.0,4.0,Male,Cash,Technology,Mall of Istanbul,8/3/2023
C106521,65.0,1200.34,2.0,Female,Credit Card,Shoes,Forum Istanbul,28/03/2021
C106528,37.0,58.65,5.0,Female,Cash,Souvenir,Istinye Park,7/9/2021
C106531,62.0,179.2,5.0,Female,Credit Card,Toys,Mall of Istanbul,27/02/2023
C106535,33.0,121.98,3.0,Female,Credit Card,Cosmetics,Viaport Outlet,3/5/2022
C106538,33.0,203.3,5.0,Female,Debit Card,Cosmetics,Istinye Park,19/02/2021
C106543,64.0,35.19,3.0,Female,Credit Card,Souvenir,Kanyon,22/08/2022
C106545,63.0,2400.68,4.0,Male,Credit Card,Shoes,Cevahir AVM,14/11/2021
C106546,37.0,1200.32,4.0,Male,Debit Card,Clothing,Metrocity,8/3/2023
C106548,64.0,162.64,4.0,Female,Credit Card,Cosmetics,Forum Istanbul,19/04/2021
C106552,21.0,1500.4,5.0,Female,Cash,Clothing,Kanyon,4/3/2023
C106556,43.0,11.73,1.0,Female,Credit Card,Souvenir,Emaar Square Mall,6/2/2021
C106559,23.0,23.46,2.0,Male,Credit Card,Souvenir,Metrocity,22/01/2022
C106566,67.0,900.24,3.0,Male,Cash,Clothing,Mall of Istanbul,1/1/2021
C106567,64.0,26.15,5.0,Male,Debit Card,Food & Beverage,Kanyon,3/7/2022
C106570,64.0,81.32,2.0,Female,Debit Card,Cosmetics,Kanyon,9/10/2022
C106571,57.0,300.08,1.0,Male,Cash,Clothing,Zorlu Center,4/2/2022
C106573,33.0,3150.0,3.0,Female,Debit Card,Technology,Emaar Square Mall,12/12/2021
C106574,47.0,300.08,1.0,Male,Debit Card,Clothing,Metropol AVM,31/07/2021
C106580,61.0,1200.32,4.0,Female,Credit Card,Clothing,Mall of Istanbul,13/02/2021
C106583,56.0,179.2,5.0,Female,Credit Card,Toys,Mall of Istanbul,11/2/2022
C106585,56.0,1500.4,5.0,Female,Credit Card,Clothing,Kanyon,21/12/2021
C106586,34.0,600.16,2.0,Female,Cash,Clothing,Forum Istanbul,31/03/2022
C106588,54.0,121.98,3.0,Female,Cash,Cosmetics,Istinye Park,18/08/2021
C106594,42.0,600.16,2.0,Male,Cash,Clothing,Cevahir AVM,22/07/2022
C106598,26.0,1500.4,5.0,Female,Cash,Clothing,Kanyon,14/07/2021
C106600,19.0,60.6,4.0,Female,Credit Card,Books,Emaar Square Mall,14/04/2021
C106601,46.0,1500.4,5.0,Female,Cash,Clothing,Metrocity,4/12/2021
C106603,45.0,2400.68,4.0,Male,Cash,Shoes,Emaar Square Mall,21/06/2022
C106606,61.0,203.3,5.0,Male,Cash,Cosmetics,Mall of Istanbul,12/4/2022
C106608,67.0,15.69,3.0,Male,Credit Card,Food & Beverage,Forum Istanbul,3/2/2021
C106614,65.0,203.3,5.0,Male,Cash,Cosmetics,Viaport Outlet,30/12/2022
C106620,33.0,15.69,3.0,Male,Cash,Food & Beverage,Metropol AVM,14/03/2022
C106627,54.0,203.3,5.0,Female,Debit Card,Cosmetics,Kanyon,24/01/2021
C106631,65.0,600.17,1.0,Female,Cash,Shoes,Mall of Istanbul,22/12/2021
C106636,23.0,15.15,1.0,Male,Cash,Books,Kanyon,18/06/2021
C106637,42.0,71.68,2.0,Male,Credit Card,Toys,Emaar Square Mall,15/02/2021
C106638,29.0,10.46,2.0,Female,Cash,Food & Beverage,Mall of Istanbul,5/7/2021
C106640,57.0,40.66,1.0,Female,Debit Card,Cosmetics,Emaar Square Mall,2/8/2022
C106643,52.0,3000.85,5.0,Female,Credit Card,Shoes,Zorlu Center,12/3/2022
C106644,37.0,5.23,1.0,Female,Debit Card,Food & Beverage,Metrocity,2/1/2023
C106645,51.0,300.08,1.0,Male,Credit Card,Clothing,Viaport Outlet,29/03/2021
C106652,27.0,900.24,3.0,Male,Credit Card,Clothing,Metrocity,25/12/2021
C106655,45.0,15.15,1.0,Female,Credit Card,Books,Mall of Istanbul,15/10/2021
C106657,41.0,600.16,2.0,Female,Credit Card,Clothing,Istinye Park,1/12/2021
C106662,29.0,900.24,3.0,Female,Cash,Clothing,Mall of Istanbul,21/05/2022
C106669,18.0,60.6,4.0,Female,Debit Card,Books,Viaport Outlet,22/06/2021
C106670,44.0,1500.4,5.0,Female,Debit Card,Clothing,Kanyon,1/7/2022
C106674,58.0,35.84,1.0,Female,Credit Card,Toys,Zorlu Center,25/03/2022
C106678,20.0,1800.51,3.0,Male,Credit Card,Shoes,Metrocity,21/03/2022
C106679,67.0,143.36,4.0,Male,Cash,Toys,Viaport Outlet,11/9/2022
C106681,56.0,15.69,3.0,Male,Debit Card,Food & Beverage,Kanyon,14/07/2021
C106684,62.0,900.24,3.0,Female,Credit Card,Clothing,Metrocity,5/11/2022
C106686,61.0,2400.68,4.0,Male,Credit Card,Shoes,Kanyon,12/2/2023
C106692,63.0,40.66,1.0,Female,Cash,Cosmetics,Kanyon,2/4/2022
C106693,64.0,81.32,2.0,Female,Credit Card,Cosmetics,Mall of Istanbul,29/07/2022
C106694,49.0,71.68,2.0,Male,Credit Card,Toys,Cevahir AVM,4/12/2022
C106697,25.0,900.24,3.0,Female,Cash,Clothing,Metrocity,11/4/2021
C106698,22.0,81.32,2.0,Male,Credit Card,Cosmetics,Istinye Park,10/2/2021
C106699,62.0,26.15,5.0,Male,Cash,Food & Beverage,Metropol AVM,24/03/2022
C106702,60.0,75.75,5.0,Male,Cash,Books,Kanyon,11/12/2021
C106704,64.0,1050.0,1.0,Female,Cash,Technology,Istinye Park,21/12/2021
C106707,57.0,10.46,2.0,Male,Credit Card,Food & Beverage,Zorlu Center,16/07/2022
C106708,52.0,300.08,1.0,Female,Credit Card,Clothing,Kanyon,20/11/2021
C106712,19.0,300.08,1.0,Female,Debit Card,Clothing,Kanyon,17/06/2021
C106715,66.0,2400.68,4.0,Female,Cash,Shoes,Kanyon,22/04/2022
C106723,19.0,2400.68,4.0,Male,Cash,Shoes,Forum Istanbul,3/11/2021
C106724,18.0,1800.51,3.0,Male,Debit Card,Shoes,Metropol AVM,5/2/2021
C106725,38.0,900.24,3.0,Male,Debit Card,Clothing,Metrocity,27/07/2021
C106727,25.0,900.24,3.0,Male,Cash,Clothing,Metropol AVM,10/11/2022
C106728,30.0,71.68,2.0,Female,Debit Card,Toys,Viaport Outlet,4/5/2021
C106729,65.0,900.24,3.0,Male,Debit Card,Clothing,Kanyon,25/02/2021
C106730,35.0,5.23,1.0,Female,Credit Card,Food & Beverage,Cevahir AVM,24/09/2022
C106734,68.0,107.52,3.0,Male,Cash,Toys,Metrocity,30/07/2021
C106735,43.0,162.64,4.0,Female,Debit Card,Cosmetics,Metropol AVM,25/03/2021
C106738,37.0,162.64,4.0,Male,Credit Card,Cosmetics,Mall of Istanbul,6/11/2021
C106742,44.0,162.64,4.0,Male,Debit Card,Cosmetics,Metrocity,8/11/2022
C106744,45.0,81.32,2.0,Female,Cash,Cosmetics,Mall of Istanbul,31/10/2022
C106747,62.0,162.64,4.0,Female,Debit Card,Cosmetics,Metrocity,11/5/2021
C106753,26.0,2100.0,2.0,Male,Cash,Technology,Metrocity,25/09/2022
C106755,50.0,121.98,3.0,Female,Cash,Cosmetics,Metropol AVM,4/9/2022
C106757,67.0,20.92,4.0,Female,Credit Card,Food & Beverage,Emaar Square Mall,7/6/2022
C106758,62.0,1800.51,3.0,Female,Credit Card,Shoes,Mall of Istanbul,25/11/2022
C106760,68.0,143.36,4.0,Female,Credit Card,Toys,Kanyon,11/5/2021
C106762,21.0,2400.68,4.0,Male,Debit Card,Shoes,Metropol AVM,7/1/2023
C106771,26.0,1200.32,4.0,Female,Debit Card,Clothing,Metrocity,9/7/2022
C106773,50.0,81.32,2.0,Female,Cash,Cosmetics,Cevahir AVM,17/02/2022
C106775,68.0,1500.4,5.0,Female,Credit Card,Clothing,Metropol AVM,14/09/2022
C106776,30.0,143.36,4.0,Female,Credit Card,Toys,Metrocity,21/08/2021
C106777,29.0,5.23,1.0,Male,Cash,Food & Beverage,Metropol AVM,17/12/2022
C106784,41.0,71.68,2.0,Male,Debit Card,Toys,Mall of Istanbul,4/1/2023
C106792,29.0,300.08,1.0,Male,Cash,Clothing,Metropol AVM,15/11/2022
C106794,34.0,1500.4,5.0,Male,Debit Card,Clothing,Istinye Park,28/09/2022
C106796,21.0,300.08,1.0,Female,Cash,Clothing,Viaport Outlet,19/08/2021
C106798,26.0,1500.4,5.0,Female,Cash,Clothing,Metropol AVM,31/01/2022
C106802,58.0,1200.32,4.0,Male,Cash,Clothing,Kanyon,28/02/2023
C106806,23.0,1200.34,2.0,Male,Cash,Shoes,Kanyon,17/01/2021
C106816,19.0,300.08,1.0,Female,Credit Card,Clothing,Kanyon,12/3/2022
C106817,47.0,26.15,5.0,Male,Cash,Food & Beverage,Mall of Istanbul,5/1/2021
C106819,28.0,300.08,1.0,Female,Credit Card,Clothing,Viaport Outlet,5/1/2022
C106826,37.0,1500.4,5.0,Female,Debit Card,Clothing,Emaar Square Mall,20/06/2022
C106828,52.0,1500.4,5.0,Male,Credit Card,Clothing,Kanyon,10/2/2022
C106829,19.0,121.98,3.0,Female,Credit Card,Cosmetics,Forum Istanbul,1/7/2022
C106831,28.0,15.69,3.0,Female,Credit Card,Food & Beverage,Kanyon,6/1/2022
C106834,57.0,1500.4,5.0,Female,Cash,Clothing,Emaar Square Mall,11/2/2023
C106836,48.0,5250.0,5.0,Female,Credit Card,Technology,Mall of Istanbul,11/7/2022
C106837,46.0,900.24,3.0,Female,Debit Card,Clothing,Kanyon,20/06/2022
C106840,37.0,600.16,2.0,Male,Debit Card,Clothing,Kanyon,26/09/2021
C106842,27.0,1200.32,4.0,Female,Cash,Clothing,Cevahir AVM,15/04/2021
C106843,28.0,20.92,4.0,Female,Debit Card,Food & Beverage,Metrocity,8/5/2021
C106844,32.0,1500.4,5.0,Male,Cash,Clothing,Kanyon,10/3/2022
C106854,67.0,900.24,3.0,Female,Credit Card,Clothing,Cevahir AVM,22/09/2021
C106858,43.0,5.23,1.0,Female,Cash,Food & Beverage,Metrocity,1/4/2021
C106861,30.0,107.52,3.0,Female,Credit Card,Toys,Cevahir AVM,4/5/2022
C106865,62.0,2400.68,4.0,Female,Cash,Shoes,Zorlu Center,20/02/2022
C106868,19.0,1500.4,5.0,Female,Cash,Clothing,Emaar Square Mall,24/08/2022
C106869,49.0,900.24,3.0,Male,Cash,Clothing,Mall of Istanbul,10/1/2022
C106870,25.0,40.66,1.0,Female,Cash,Cosmetics,Mall of Istanbul,1/4/2021
C106872,33.0,600.17,1.0,Male,Credit Card,Shoes,Forum Istanbul,19/08/2021
C106874,41.0,1500.4,5.0,Female,Credit Card,Clothing,Mall of Istanbul,10/7/2022
C106878,52.0,203.3,5.0,Female,Cash,Cosmetics,Metropol AVM,15/11/2021
C106884,33.0,107.52,3.0,Female,Debit Card,Toys,Metropol AVM,15/08/2022
C106885,64.0,600.16,2.0,Male,Credit Card,Clothing,Cevahir AVM,10/5/2021
C106887,45.0,900.24,3.0,Female,Cash,Clothing,Metrocity,9/4/2021
C106890,55.0,81.32,2.0,Female,Debit Card,Cosmetics,Istinye Park,4/10/2022
C106891,41.0,35.84,1.0,Male,Credit Card,Toys,Istinye Park,17/12/2022
C106893,21.0,58.65,5.0,Male,Cash,Souvenir,Metrocity,12/5/2022
C106904,52.0,600.16,2.0,Male,Debit Card,Clothing,Emaar Square Mall,29/04/2021
C106906,50.0,143.36,4.0,Female,Cash,Toys,Emaar Square Mall,10/4/2022
C106908,19.0,900.24,3.0,Female,Cash,Clothing,Zorlu Center,18/02/2022
C106914,19.0,179.2,5.0,Female,Cash,Toys,Mall of Istanbul,7/9/2021
C106921,63.0,23.46,2.0,Female,Debit Card,Souvenir,Mall of Istanbul,21/12/2022
C106929,30.0,900.24,3.0,Female,Debit Card,Clothing,Forum Istanbul,22/01/2021
C106935,46.0,81.32,2.0,Male,Debit Card,Cosmetics,Kanyon,3/11/2022
C106937,69.0,1500.4,5.0,Male,Cash,Clothing,Mall of Istanbul,19/09/2022
C106944,32.0,143.36,4.0,Female,Debit Card,Toys,Metrocity,25/01/2021
C106947,43.0,900.24,3.0,Female,Cash,Clothing,Mall of Istanbul,25/11/2021
C106949,55.0,5250.0,5.0,Male,Credit Card,Technology,Istinye Park,30/10/2022
C106950,51.0,900.24,3.0,Male,Cash,Clothing,Viaport Outlet,19/09/2022
C106951,61.0,143.36,4.0,Female,Cash,Toys,Emaar Square Mall,22/07/2022
C106954,55.0,300.08,1.0,Male,Cash,Clothing,Istinye Park,25/08/2022
C106955,58.0,1500.4,5.0,Male,Cash,Clothing,Kanyon,9/9/2022
C106960,48.0,1200.34,2.0,Female,Credit Card,Shoes,Kanyon,25/12/2021
C106962,44.0,75.75,5.0,Female,Cash,Books,Metrocity,9/5/2021
C106963,38.0,10.46,2.0,Female,Cash,Food & Beverage,Zorlu Center,11/1/2022
C106966,61.0,26.15,5.0,Male,Debit Card,Food & Beverage,Metrocity,25/01/2022
C106974,26.0,1500.4,5.0,Female,Credit Card,Clothing,Forum Istanbul,10/1/2022
C106981,38.0,1050.0,1.0,Female,Cash,Technology,Mall of Istanbul,24/07/2021
C106987,61.0,121.98,3.0,Male,Credit Card,Cosmetics,Metropol AVM,25/01/2021
C106989,37.0,300.08,1.0,Female,Debit Card,Clothing,Kanyon,9/9/2022
C106996,22.0,20.92,4.0,Female,Credit Card,Food & Beverage,Zorlu Center,20/08/2022
C107000,63.0,26.15,5.0,Female,Credit Card,Food & Beverage,Kanyon,23/08/2021
C107005,62.0,600.16,2.0,Female,Cash,Clothing,Metrocity,26/09/2022
C107006,34.0,35.84,1.0,Female,Cash,Toys,Kanyon,28/06/2021
C107008,43.0,81.32,2.0,Female,Debit Card,Cosmetics,Metrocity,14/05/2021
C107013,60.0,40.66,1.0,Male,Cash,Cosmetics,Istinye Park,16/02/2021
C107015,40.0,20.92,4.0,Female,Debit Card,Food & Beverage,Kanyon,18/10/2022
C107022,61.0,107.52,3.0,Male,Credit Card,Toys,Kanyon,19/06/2022
C107023,60.0,5.23,1.0,Male,Cash,Food & Beverage,Metrocity,1/2/2021
C107028,21.0,1800.51,3.0,Male,Credit Card,Shoes,Mall of Istanbul,26/03/2022
C107031,69.0,900.24,3.0,Female,Cash,Clothing,Kanyon,4/7/2022
C107037,27.0,162.64,4.0,Female,Credit Card,Cosmetics,Kanyon,1/6/2021
C107053,46.0,15.69,3.0,Female,Debit Card,Food & Beverage,Mall of Istanbul,17/12/2021
C107056,43.0,35.84,1.0,Female,Debit Card,Toys,Mall of Istanbul,20/02/2023
C107058,30.0,26.15,5.0,Male,Debit Card,Food & Beverage,Kanyon,20/06/2022
C107060,23.0,203.3,5.0,Male,Cash,Cosmetics,Zorlu Center,11/1/2022
C107063,63.0,162.64,4.0,Male,Cash,Cosmetics,Cevahir AVM,29/07/2021
C107065,65.0,3000.85,5.0,Male,Debit Card,Shoes,Istinye Park,4/9/2022
C107073,22.0,1800.51,3.0,Female,Cash,Shoes,Mall of Istanbul,12/7/2021
C107080,44.0,162.64,4.0,Male,Cash,Cosmetics,Forum Istanbul,19/11/2022
C107092,42.0,40.66,1.0,Female,Credit Card,Cosmetics,Istinye Park,24/10/2022
C107096,60.0,11.73,1.0,Female,Cash,Souvenir,Metropol AVM,27/12/2021
C107097,44.0,45.45,3.0,Female,Credit Card,Books,Forum Istanbul,27/03/2021
C107098,62.0,143.36,4.0,Female,Cash,Toys,Mall of Istanbul,3/8/2021
C107100,62.0,1200.32,4.0,Female,Cash,Clothing,Cevahir AVM,18/06/2021
C107103,50.0,15.15,1.0,Female,Debit Card,Books,Emaar Square Mall,19/05/2021
C107106,26.0,75.75,5.0,Male,Cash,Books,Istinye Park,3/2/2022
C107112,42.0,40.66,1.0,Female,Cash,Cosmetics,Cevahir AVM,18/04/2021
C107113,33.0,162.64,4.0,Female,Cash,Cosmetics,Kanyon,25/12/2022
C107114,21.0,1200.32,4.0,Male,Cash,Clothing,Forum Istanbul,21/01/2022
C107117,31.0,600.16,2.0,Female,Cash,Clothing,Metropol AVM,21/04/2022
C107119,49.0,20.92,4.0,Male,Credit Card,Food & Beverage,Kanyon,31/08/2021
C107120,68.0,900.24,3.0,Male,Debit Card,Clothing,Metropol AVM,26/05/2022
C107121,57.0,3150.0,3.0,Female,Credit Card,Technology,Metrocity,25/03/2022
C107127,21.0,10.46,2.0,Female,Credit Card,Food & Beverage,Cevahir AVM,21/05/2021
C107134,55.0,600.16,2.0,Male,Credit Card,Clothing,Mall of Istanbul,3/5/2021
C107139,68.0,179.2,5.0,Female,Cash,Toys,Metrocity,30/10/2022
C107150,64.0,45.45,3.0,Female,Cash,Books,Kanyon,15/09/2021
C107152,44.0,20.92,4.0,Female,Cash,Food & Beverage,Metropol AVM,26/04/2022
C107155,57.0,162.64,4.0,Male,Credit Card,Cosmetics,Mall of Istanbul,17/04/2022
C107163,57.0,5.23,1.0,Female,Cash,Food & Beverage,Istinye Park,1/3/2021
C107166,68.0,1200.32,4.0,Female,Credit Card,Clothing,Kanyon,12/8/2022
C107169,33.0,900.24,3.0,Female,Cash,Clothing,Metrocity,14/02/2022
C107170,53.0,300.08,1.0,Female,Debit Card,Clothing,Mall of Istanbul,22/05/2021
C107171,47.0,1200.34,2.0,Female,Cash,Shoes,Kanyon,29/01/2023
C107176,54.0,1200.32,4.0,Male,Debit Card,Clothing,Metrocity,8/1/2022
C107182,46.0,900.24,3.0,Female,Credit Card,Clothing,Mall of Istanbul,25/07/2022
C107185,49.0,300.08,1.0,Female,Credit Card,Clothing,Cevahir AVM,12/5/2021
C107187,38.0,1500.4,5.0,Female,Debit Card,Clothing,Emaar Square Mall,10/7/2022
C107188,39.0,30.3,2.0,Male,Credit Card,Books,Zorlu Center,20/05/2021
C107191,35.0,3000.85,5.0,Male,Credit Card,Shoes,Zorlu Center,28/07/2022
C107192,52.0,81.32,2.0,Male,Credit Card,Cosmetics,Kanyon,25/02/2023
C107198,22.0,40.66,1.0,Female,Cash,Cosmetics,Kanyon,13/10/2021
C107204,53.0,10.46,2.0,Male,Debit Card,Food & Beverage,Emaar Square Mall,30/07/2022
C107207,30.0,35.19,3.0,Female,Cash,Souvenir,Mall of Istanbul,28/02/2023
C107209,32.0,5.23,1.0,Female,Cash,Food & Beverage,Metropol AVM,5/2/2023
C107210,62.0,1200.32,4.0,Female,Credit Card,Clothing,Mall of Istanbul,4/11/2021
C107212,67.0,30.3,2.0,Male,Cash,Books,Kanyon,26/09/2021
C107215,62.0,40.66,1.0,Male,Cash,Cosmetics,Kanyon,16/07/2022
C107216,49.0,5.23,1.0,Female,Credit Card,Food & Beverage,Mall of Istanbul,20/10/2021
C107220,55.0,75.75,5.0,Female,Credit Card,Books,Mall of Istanbul,4/9/2022
C107221,59.0,121.98,3.0,Female,Cash,Cosmetics,Cevahir AVM,9/6/2021
C107222,53.0,45.45,3.0,Female,Cash,Books,Metrocity,11/7/2021
C107223,66.0,600.16,2.0,Female,Cash,Clothing,Metrocity,3/2/2021
C107227,50.0,1500.4,5.0,Male,Debit Card,Clothing,Zorlu Center,12/7/2022
C107228,44.0,300.08,1.0,Male,Credit Card,Clothing,Zorlu Center,23/11/2021
C107231,60.0,20.92,4.0,Male,Cash,Food & Beverage,Mall of Istanbul,26/03/2022
C107234,68.0,300.08,1.0,Male,Cash,Clothing,Zorlu Center,19/10/2021
C107235,54.0,81.32,2.0,Male,Cash,Cosmetics,Forum Istanbul,8/2/2023
C107240,48.0,71.68,2.0,Male,Credit Card,Toys,Metrocity,19/06/2021
C107245,23.0,10.46,2.0,Male,Cash,Food & Beverage,Kanyon,3/11/2021
C107252,38.0,1200.32,4.0,Female,Cash,Clothing,Istinye Park,23/06/2022
C107253,26.0,26.15,5.0,Male,Credit Card,Food & Beverage,Viaport Outlet,27/07/2022
C107256,27.0,1500.4,5.0,Male,Credit Card,Clothing,Mall of Istanbul,26/02/2023
C107258,65.0,600.17,1.0,Female,Cash,Shoes,Mall of Istanbul,26/04/2022
C107261,63.0,203.3,5.0,Female,Credit Card,Cosmetics,Metropol AVM,13/02/2023
C107263,49.0,1050.0,1.0,Female,Cash,Technology,Zorlu Center,18/02/2023
C107266,43.0,900.24,3.0,Male,Cash,Clothing,Forum Istanbul,26/05/2022
C107267,28.0,300.08,1.0,Female,Debit Card,Clothing,Viaport Outlet,15/01/2023
C107268,23.0,107.52,3.0,Female,Cash,Toys,Mall of Istanbul,11/9/2022
C107279,23.0,15.69,3.0,Female,Cash,Food & Beverage,Mall of Istanbul,27/08/2022
C107280,39.0,1800.51,3.0,Female,Credit Card,Shoes,Kanyon,27/06/2021
C107281,43.0,81.32,2.0,Male,Cash,Cosmetics,Metrocity,9/12/2022
C107282,32.0,300.08,1.0,Male,Debit Card,Clothing,Metrocity,22/08/2022
C107283,38.0,600.16,2.0,Female,Cash,Clothing,Metrocity,27/04/2021
C107284,52.0,900.24,3.0,Female,Credit Card,Clothing,Metrocity,19/04/2021
C107285,26.0,5.23,1.0,Female,Cash,Food & Beverage,Mall of Istanbul,23/01/2022
C107289,35.0,35.84,1.0,Female,Credit Card,Toys,Mall of Istanbul,5/1/2023
C107293,19.0,900.24,3.0,Female,Cash,Clothing,Metropol AVM,10/7/2021
C107300,51.0,162.64,4.0,Female,Cash,Cosmetics,Metrocity,20/06/2021
C107302,69.0,26.15,5.0,Female,Debit Card,Food & Beverage,Kanyon,19/12/2022
C107305,52.0,1200.32,4.0,Female,Debit Card,Clothing,Metropol AVM,9/11/2021
C107312,61.0,900.24,3.0,Female,Cash,Clothing,Mall of Istanbul,13/01/2023
C107313,18.0,300.08,1.0,Female,Cash,Clothing,Mall of Istanbul,15/07/2021
C107314,34.0,107.52,3.0,Male,Credit Card,Toys,Mall of Istanbul,10/6/2022
C107317,57.0,20.92,4.0,Male,Debit Card,Food & Beverage,Metropol AVM,23/02/2022
C107319,24.0,1200.32,4.0,Female,Credit Card,Clothing,Mall of Istanbul,14/10/2021
C107320,52.0,1800.51,3.0,Male,Cash,Shoes,Metrocity,3/1/2021
C107321,44.0,71.68,2.0,Female,Cash,Toys,Metrocity,16/09/2021
C107325,62.0,10.46,2.0,Female,Credit Card,Food & Beverage,Metrocity,13/08/2021
C107329,61.0,900.24,3.0,Male,Credit Card,Clothing,Metrocity,22/03/2021
C107332,44.0,1200.32,4.0,Female,Debit Card,Clothing,Cevahir AVM,12/10/2021
C107338,36.0,26.15,5.0,Female,Credit Card,Food & Beverage,Mall of Istanbul,23/04/2021
C107341,45.0,107.52,3.0,Female,Cash,Toys,Mall of Istanbul,2/11/2021
C107345,39.0,4200.0,4.0,Male,Credit Card,Technology,Istinye Park,30/11/2021
C107347,61.0,1800.51,3.0,Male,Cash,Shoes,Mall of Istanbul,30/07/2021
C107349,34.0,900.24,3.0,Female,Cash,Clothing,Kanyon,26/10/2021
C107352,40.0,35.84,1.0,Female,Cash,Toys,Kanyon,21/06/2021
C107354,64.0,1200.32,4.0,Female,Cash,Clothing,Metrocity,15/01/2022
C107356,25.0,2100.0,2.0,Male,Credit Card,Technology,Metrocity,24/07/2022
C107358,41.0,46.92,4.0,Female,Debit Card,Souvenir,Cevahir AVM,7/2/2023
C107364,33.0,107.52,3.0,Male,Cash,Toys,Metropol AVM,25/03/2021
C107365,59.0,75.75,5.0,Female,Cash,Books,Istinye Park,25/10/2022
C107367,57.0,26.15,5.0,Male,Debit Card,Food & Beverage,Mall of Istanbul,25/04/2021
C107370,48.0,40.66,1.0,Female,Credit Card,Cosmetics,Viaport Outlet,13/01/2022
C107371,48.0,23.46,2.0,Female,Credit Card,Souvenir,Kanyon,16/05/2021
C107372,41.0,46.92,4.0,Male,Credit Card,Souvenir,Zorlu Center,18/05/2021
C107378,54.0,2400.68,4.0,Male,Credit Card,Shoes,Kanyon,5/9/2022
C107383,62.0,26.15,5.0,Female,Cash,Food & Beverage,Metropol AVM,22/09/2022
C107384,63.0,3150.0,3.0,Male,Cash,Technology,Istinye Park,29/08/2022
C107390,60.0,600.16,2.0,Male,Cash,Clothing,Viaport Outlet,3/1/2022
C107395,39.0,26.15,5.0,Female,Credit Card,Food & Beverage,Istinye Park,5/9/2021
C107397,52.0,1800.51,3.0,Female,Credit Card,Shoes,Kanyon,25/10/2022
C107398,55.0,5.23,1.0,Female,Credit Card,Food & Beverage,Metropol AVM,12/11/2022
C107399,45.0,23.46,2.0,Male,Credit Card,Souvenir,Istinye Park,29/07/2021
C107400,58.0,23.46,2.0,Female,Cash,Souvenir,Istinye Park,9/2/2023
C107403,45.0,300.08,1.0,Female,Cash,Clothing,Metrocity,30/09/2022
C107412,55.0,1500.4,5.0,Female,Debit Card,Clothing,Metrocity,27/09/2022
C107414,63.0,600.16,2.0,Male,Cash,Clothing,Forum Istanbul,30/10/2022
C107418,52.0,121.98,3.0,Female,Debit Card,Cosmetics,Kanyon,4/9/2021
C107419,20.0,71.68,2.0,Male,Debit Card,Toys,Zorlu Center,20/04/2021
C107420,54.0,179.2,5.0,Female,Cash,Toys,Emaar Square Mall,27/11/2022
C107424,18.0,1500.4,5.0,Female,Debit Card,Clothing,Kanyon,20/07/2021
C107425,49.0,179.2,5.0,Female,Cash,Toys,Kanyon,4/1/2021
C107426,46.0,46.92,4.0,Male,Cash,Souvenir,Metrocity,24/08/2021
C107427,35.0,4200.0,4.0,Male,Debit Card,Technology,Istinye Park,21/10/2021
C107432,55.0,1200.32,4.0,Female,Credit Card,Clothing,Kanyon,28/04/2022
C107436,33.0,1200.32,4.0,Female,Cash,Clothing,Viaport Outlet,24/07/2022
C107444,68.0,5250.0,5.0,Male,Debit Card,Technology,Kanyon,25/02/2023
C107448,62.0,2100.0,2.0,Male,Cash,Technology,Kanyon,16/05/2022
C107453,60.0,300.08,1.0,Female,Cash,Clothing,Metropol AVM,11/5/2022
C107458,61.0,20.92,4.0,Male,Debit Card,Food & Beverage,Mall of Istanbul,28/01/2023
C107460,65.0,600.17,1.0,Female,Debit Card,Shoes,Metrocity,17/01/2022
C107461,30.0,1200.32,4.0,Female,Cash,Clothing,Kanyon,29/05/2022
C107462,69.0,35.19,3.0,Female,Cash,Souvenir,Zorlu Center,20/03/2022
C107464,68.0,300.08,1.0,Female,Credit Card,Clothing,Mall of Istanbul,18/07/2021
C107466,63.0,1500.4,5.0,Female,Debit Card,Clothing,Mall of Istanbul,7/6/2022
C107467,26.0,203.3,5.0,Female,Cash,Cosmetics,Mall of Istanbul,1/1/2021
C107468,64.0,300.08,1.0,Male,Credit Card,Clothing,Mall of Istanbul,31/07/2021
C107469,42.0,143.36,4.0,Male,Cash,Toys,Istinye Park,5/6/2022
C107472,65.0,2400.68,4.0,Female,Cash,Shoes,Mall of Istanbul,21/03/2022
C107474,35.0,5250.0,5.0,Female,Debit Card,Technology,Mall of Istanbul,26/11/2021
C107482,31.0,179.2,5.0,Male,Credit Card,Toys,Cevahir AVM,3/2/2022
C107486,44.0,1800.51,3.0,Male,Credit Card,Shoes,Metrocity,3/7/2021
C107489,19.0,1200.32,4.0,Female,Cash,Clothing,Forum Istanbul,3/5/2021
C107498,39.0,143.36,4.0,Female,Credit Card,Toys,Metrocity,27/07/2022
C107499,37.0,20.92,4.0,Male,Credit Card,Food & Beverage,Metrocity,28/08/2022
C107501,42.0,35.19,3.0,Female,Cash,Souvenir,Cevahir AVM,23/04/2022
C107503,40.0,107.52,3.0,Male,Debit Card,Toys,Emaar Square Mall,11/3/2021
C107507,26.0,600.16,2.0,Female,Debit Card,Clothing,Kanyon,17/06/2022
C107515,30.0,71.68,2.0,Female,Cash,Toys,Mall of Istanbul,18/07/2021
C107516,59.0,1200.32,4.0,Male,Debit Card,Clothing,Forum Istanbul,5/2/2021
C107518,48.0,10.46,2.0,Female,Credit Card,Food & Beverage,Metropol AVM,24/04/2022
C107520,67.0,1500.4,5.0,Female,Debit Card,Clothing,Mall of Istanbul,21/02/2022
C107525,42.0,2400.68,4.0,Male,Debit Card,Shoes,Kanyon,23/08/2021
C107527,19.0,1500.4,5.0,Male,Credit Card,Clothing,Kanyon,11/1/2021
C107529,66.0,121.98,3.0,Male,Debit Card,Cosmetics,Kanyon,19/05/2022
C107530,52.0,15.69,3.0,Female,Credit Card,Food & Beverage,Kanyon,12/10/2021
C107540,22.0,10.46,2.0,Female,Cash,Food & Beverage,Viaport Outlet,21/01/2023
C107542,64.0,35.84,1.0,Female,Credit Card,Toys,Zorlu Center,8/12/2021
C107545,68.0,40.66,1.0,Female,Credit Card,Cosmetics,Mall of Istanbul,26/10/2021
C107549,57.0,1200.32,4.0,Male,Credit Card,Clothing,Metrocity,6/2/2023
C107553,23.0,900.24,3.0,Male,Cash,Clothing,Emaar Square Mall,4/10/2021
C107557,63.0,179.2,5.0,Female,Credit Card,Toys,Cevahir AVM,13/10/2021
C107559,65.0,121.98,3.0,Female,Credit Card,Cosmetics,Metrocity,13/04/2022
C107563,28.0,2400.68,4.0,Female,Cash,Shoes,Forum Istanbul,25/07/2022
C107564,28.0,20.92,4.0,Female,Debit Card,Food & Beverage,Emaar Square Mall,19/01/2021
C107568,60.0,900.24,3.0,Female,Cash,Clothing,Istinye Park,13/05/2022
C107573,33.0,1200.32,4.0,Male,Credit Card,Clothing,Viaport Outlet,19/05/2021
C107575,44.0,3000.85,5.0,Male,Cash,Shoes,Metrocity,28/10/2022
C107580,60.0,600.16,2.0,Female,Cash,Clothing,Kanyon,4/3/2021
C107582,18.0,2100.0,2.0,Male,Cash,Technology,Mall of Istanbul,8/8/2021
C107586,33.0,15.69,3.0,Female,Cash,Food & Beverage,Kanyon,30/07/2021
C107594,32.0,30.3,2.0,Female,Debit Card,Books,Istinye Park,25/02/2022
C107596,32.0,300.08,1.0,Female,Cash,Clothing,Istinye Park,24/02/2023
C107598,69.0,15.69,3.0,Male,Cash,Food & Beverage,Kanyon,7/11/2021
C107602,41.0,1200.32,4.0,Female,Debit Card,Clothing,Metropol AVM,8/11/2022
C107604,57.0,46.92,4.0,Female,Credit Card,Souvenir,Emaar Square Mall,17/04/2021
C107605,47.0,300.08,1.0,Female,Cash,Clothing,Kanyon,11/3/2021
C107606,19.0,1200.32,4.0,Female,Cash,Clothing,Kanyon,10/4/2021
C107608,28.0,600.16,2.0,Male,Debit Card,Clothing,Istinye Park,8/7/2022
C107610,48.0,1800.51,3.0,Female,Debit Card,Shoes,Metrocity,18/11/2021
C107612,52.0,900.24,3.0,Male,Cash,Clothing,Forum Istanbul,31/10/2022
C107616,69.0,58.65,5.0,Female,Debit Card,Souvenir,Forum Istanbul,8/3/2021
C107629,24.0,1200.32,4.0,Female,Cash,Clothing,Kanyon,5/4/2021
C107632,20.0,121.98,3.0,Male,Cash,Cosmetics,Istinye Park,24/06/2022
C107634,22.0,107.52,3.0,Male,Cash,Toys,Mall of Istanbul,11/11/2022
C107640,61.0,1500.4,5.0,Male,Credit Card,Clothing,Mall of Istanbul,5/4/2022
C107642,49.0,900.24,3.0,Female,Credit Card,Clothing,Mall of Istanbul,16/08/2021
C107643,67.0,1500.4,5.0,Female,Credit Card,Clothing,Istinye Park,15/02/2022
C107645,19.0,60.6,4.0,Female,Cash,Books,Mall of Istanbul,25/02/2022
C107646,21.0,179.2,5.0,Female,Debit Card,Toys,Metropol AVM,2/6/2021
C107653,46.0,300.08,1.0,Male,Debit Card,Clothing,Mall of Istanbul,3/11/2021
C107655,30.0,10.46,2.0,Male,Cash,Food & Beverage,Metrocity,16/01/2021
C107659,19.0,900.24,3.0,Female,Cash,Clothing,Zorlu Center,19/04/2022
C107663,41.0,1200.32,4.0,Female,Cash,Clothing,Metrocity,29/06/2022
C107667,48.0,1200.32,4.0,Male,Debit Card,Clothing,Mall of Istanbul,24/10/2022
C107668,22.0,71.68,2.0,Female,Credit Card,Toys,Istinye Park,2/2/2022
C107681,20.0,300.08,1.0,Female,Credit Card,Clothing,Metropol AVM,1/12/2021
C107684,65.0,203.3,5.0,Male,Cash,Cosmetics,Kanyon,9/8/2022
C107686,44.0,2100.0,2.0,Female,Credit Card,Technology,Zorlu Center,7/8/2021
C107688,42.0,5250.0,5.0,Male,Credit Card,Technology,Metrocity,3/11/2022
C107689,41.0,2100.0,2.0,Female,Cash,Technology,Zorlu Center,25/08/2021
C107690,29.0,81.32,2.0,Female,Debit Card,Cosmetics,Metrocity,25/03/2021
C107693,48.0,203.3,5.0,Male,Debit Card,Cosmetics,Zorlu Center,15/06/2022
C107694,37.0,1500.4,5.0,Male,Credit Card,Clothing,Mall of Istanbul,26/05/2022
C107703,49.0,1500.4,5.0,Male,Debit Card,Clothing,Kanyon,28/02/2023
C107704,37.0,1500.4,5.0,Female,Cash,Clothing,Kanyon,26/03/2022
C107706,41.0,300.08,1.0,Female,Cash,Clothing,Kanyon,22/11/2022
C107709,44.0,300.08,1.0,Male,Cash,Clothing,Metrocity,8/3/2021
C107710,18.0,81.32,2.0,Female,Cash,Cosmetics,Cevahir AVM,8/8/2022
C107712,62.0,1200.32,4.0,Female,Credit Card,Clothing,Metrocity,7/7/2022
C107714,35.0,900.24,3.0,Male,Credit Card,Clothing,Mall of Istanbul,7/2/2022
C107718,67.0,2100.0,2.0,Male,Cash,Technology,Mall of Istanbul,25/01/2023
C107721,28.0,75.75,5.0,Female,Cash,Books,Cevahir AVM,26/10/2021
C107726,34.0,35.84,1.0,Male,Credit Card,Toys,Mall of Istanbul,26/01/2021
C107728,53.0,10.46,2.0,Female,Debit Card,Food & Beverage,Metrocity,4/8/2021
C107732,18.0,81.32,2.0,Male,Cash,Cosmetics,Emaar Square Mall,17/03/2022
C107735,21.0,1500.4,5.0,Female,Credit Card,Clothing,Metrocity,9/7/2021
C107736,23.0,20.92,4.0,Female,Cash,Food & Beverage,Zorlu Center,11/6/2021
C107741,18.0,203.3,5.0,Female,Credit Card,Cosmetics,Emaar Square Mall,29/04/2022
C107755,62.0,1200.34,2.0,Male,Cash,Shoes,Emaar Square Mall,27/06/2021
C107758,28.0,600.16,2.0,Female,Debit Card,Clothing,Metrocity,11/8/2021
C107766,19.0,300.08,1.0,Male,Credit Card,Clothing,Mall of Istanbul,7/3/2022
C107767,21.0,143.36,4.0,Female,Credit Card,Toys,Forum Istanbul,31/03/2021
C107770,41.0,20.92,4.0,Female,Cash,Food & Beverage,Metropol AVM,26/11/2022
C107774,18.0,1500.4,5.0,Female,Cash,Clothing,Mall of Istanbul,7/1/2022
C107776,52.0,1200.32,4.0,Male,Credit Card,Clothing,Mall of Istanbul,1/12/2022
C107777,24.0,1200.32,4.0,Male,Debit Card,Clothing,Metropol AVM,9/1/2022
C107780,46.0,1200.32,4.0,Female,Cash,Clothing,Kanyon,14/05/2021
C107783,66.0,58.65,5.0,Female,Cash,Souvenir,Mall of Istanbul,23/08/2022
C107785,55.0,1200.32,4.0,Male,Cash,Clothing,Emaar Square Mall,19/09/2022
C107792,56.0,121.98,3.0,Female,Credit Card,Cosmetics,Istinye Park,20/11/2021
C107796,59.0,10.46,2.0,Male,Cash,Food & Beverage,Metropol AVM,22/01/2021
C107797,55.0,121.98,3.0,Female,Cash,Cosmetics,Istinye Park,8/9/2022
C107800,28.0,107.52,3.0,Female,Cash,Toys,Metropol AVM,31/03/2022
C107801,67.0,300.08,1.0,Male,Credit Card,Clothing,Mall of Istanbul,19/04/2022
C107805,38.0,5.23,1.0,Female,Cash,Food & Beverage,Metrocity,20/09/2021
C107807,21.0,10.46,2.0,Female,Credit Card,Food & Beverage,Kanyon,7/2/2023
C107810,22.0,3000.85,5.0,Male,Cash,Shoes,Mall of Istanbul,16/12/2021
C107818,34.0,600.16,2.0,Male,Credit Card,Clothing,Zorlu Center,9/9/2021
C107821,39.0,162.64,4.0,Male,Cash,Cosmetics,Zorlu Center,19/07/2021
C107826,26.0,900.24,3.0,Male,Cash,Clothing,Metrocity,26/01/2021
C107827,63.0,600.16,2.0,Male,Credit Card,Clothing,Cevahir AVM,30/01/2021
C107828,54.0,900.24,3.0,Female,Cash,Clothing,Metrocity,10/9/2021
C107829,44.0,46.92,4.0,Female,Debit Card,Souvenir,Metropol AVM,2/2/2022
C107831,54.0,143.36,4.0,Male,Cash,Toys,Metropol AVM,28/08/2022
C107832,27.0,600.17,1.0,Female,Credit Card,Shoes,Zorlu Center,24/02/2023
C107835,49.0,1800.51,3.0,Male,Credit Card,Shoes,Mall of Istanbul,1/1/2021
C107836,41.0,600.16,2.0,Female,Credit Card,Clothing,Metrocity,26/10/2021
C107837,39.0,71.68,2.0,Female,Cash,Toys,Zorlu Center,1/3/2021
C107838,62.0,35.19,3.0,Female,Debit Card,Souvenir,Metropol AVM,17/10/2022
C107851,46.0,81.32,2.0,Male,Cash,Cosmetics,Metrocity,18/06/2021
C107852,50.0,1200.32,4.0,Female,Debit Card,Clothing,Kanyon,3/3/2022
C107857,59.0,600.17,1.0,Female,Credit Card,Shoes,Kanyon,29/12/2022
C107863,27.0,1500.4,5.0,Female,Cash,Clothing,Forum Istanbul,11/9/2022
C107866,21.0,121.98,3.0,Female,Credit Card,Cosmetics,Kanyon,14/11/2021
C107872,69.0,75.75,5.0,Female,Credit Card,Books,Mall of Istanbul,16/04/2021
C107881,53.0,107.52,3.0,Female,Credit Card,Toys,Metropol AVM,6/7/2022
C107883,46.0,300.08,1.0,Female,Credit Card,Clothing,Emaar Square Mall,27/09/2022
C107885,69.0,15.69,3.0,Male,Cash,Food & Beverage,Kanyon,19/02/2023
C107886,19.0,81.32,2.0,Male,Cash,Cosmetics,Mall of Istanbul,5/9/2021
C107887,22.0,35.19,3.0,Female,Debit Card,Souvenir,Zorlu Center,24/07/2021
C107890,32.0,600.16,2.0,Female,Cash,Clothing,Viaport Outlet,23/04/2022
C107894,56.0,600.16,2.0,Female,Cash,Clothing,Istinye Park,20/07/2022
C107899,32.0,143.36,4.0,Male,Debit Card,Toys,Kanyon,7/10/2022
C107904,19.0,5.23,1.0,Female,Cash,Food & Beverage,Mall of Istanbul,13/09/2022
C107907,41.0,203.3,5.0,Male,Credit Card,Cosmetics,Mall of Istanbul,30/10/2021
C107911,24.0,1500.4,5.0,Male,Debit Card,Clothing,Cevahir AVM,4/5/2021
C107916,51.0,60.6,4.0,Female,Cash,Books,Mall of Istanbul,10/3/2021
C107918,35.0,600.16,2.0,Female,Cash,Clothing,Istinye Park,15/06/2022
C107919,44.0,1200.32,4.0,Male,Cash,Clothing,Metropol AVM,22/03/2022
C107924,23.0,600.16,2.0,Male,Cash,Clothing,Zorlu Center,17/08/2021
C107927,53.0,15.15,1.0,Female,Debit Card,Books,Mall of Istanbul,1/7/2022
C107930,54.0,4200.0,4.0,Male,Cash,Technology,Emaar Square Mall,14/05/2022
C107934,27.0,1500.4,5.0,Female,Debit Card,Clothing,Cevahir AVM,13/01/2023
C107937,37.0,143.36,4.0,Female,Cash,Toys,Mall of Istanbul,9/4/2022
C107940,62.0,20.92,4.0,Female,Cash,Food & Beverage,Kanyon,13/10/2021
C107944,41.0,162.64,4.0,Male,Debit Card,Cosmetics,Kanyon,16/12/2022
C107945,28.0,40.66,1.0,Female,Cash,Cosmetics,Istinye Park,11/8/2021
C107947,36.0,1800.51,3.0,Female,Credit Card,Shoes,Zorlu Center,9/9/2022
C107948,29.0,1500.4,5.0,Male,Debit Card,Clothing,Kanyon,26/01/2021
C107952,63.0,1200.32,4.0,Male,Cash,Clothing,Metropol AVM,4/12/2022
C107960,58.0,1800.51,3.0,Male,Credit Card,Shoes,Mall of Istanbul,19/04/2021
C107969,62.0,300.08,1.0,Male,Cash,Clothing,Viaport Outlet,23/06/2022
C107977,50.0,20.92,4.0,Female,Cash,Food & Beverage,Metrocity,24/05/2022
C107979,32.0,600.16,2.0,Female,Cash,Clothing,Istinye Park,7/8/2021
C107981,63.0,900.24,3.0,Male,Cash,Clothing,Cevahir AVM,14/08/2021
C107983,24.0,35.19,3.0,Male,Cash,Souvenir,Mall of Istanbul,19/08/2021
C107987,64.0,20.92,4.0,Male,Cash,Food & Beverage,Emaar Square Mall,25/02/2023
C107988,68.0,46.92,4.0,Female,Debit Card,Souvenir,Viaport Outlet,3/10/2021
C107989,50.0,600.16,2.0,Female,Credit Card,Clothing,Mall of Istanbul,7/2/2023
C107991,30.0,300.08,1.0,Female,Credit Card,Clothing,Cevahir AVM,22/05/2022
C107992,36.0,300.08,1.0,Male,Credit Card,Clothing,Metrocity,7/7/2021
C107996,55.0,900.24,3.0,Female,Cash,Clothing,Istinye Park,13/09/2021
C107997,65.0,75.75,5.0,Male,Cash,Books,Istinye Park,2/10/2021
C107998,34.0,179.2,5.0,Female,Credit Card,Toys,Metropol AVM,3/2/2021
C108001,65.0,81.32,2.0,Female,Credit Card,Cosmetics,Emaar Square Mall,12/6/2022
C108003,45.0,179.2,5.0,Male,Cash,Toys,Metropol AVM,31/12/2022
C108005,47.0,143.36,4.0,Female,Cash,Toys,Metropol AVM,13/12/2022
C108007,49.0,3000.85,5.0,Male,Debit Card,Shoes,Metropol AVM,23/11/2022
C108012,43.0,143.36,4.0,Male,Debit Card,Toys,Emaar Square Mall,20/05/2022
C108013,29.0,121.98,3.0,Female,Debit Card,Cosmetics,Kanyon,6/2/2023
C108016,52.0,600.16,2.0,Female,Credit Card,Clothing,Istinye Park,1/1/2022
C108019,52.0,203.3,5.0,Female,Debit Card,Cosmetics,Kanyon,24/08/2022
C108022,51.0,10.46,2.0,Female,Cash,Food & Beverage,Mall of Istanbul,12/5/2021
C108027,24.0,600.16,2.0,Male,Debit Card,Clothing,Cevahir AVM,30/04/2022
C108028,54.0,162.64,4.0,Female,Credit Card,Cosmetics,Kanyon,4/1/2022
C108029,67.0,1500.4,5.0,Female,Credit Card,Clothing,Metrocity,12/6/2021
C108031,66.0,600.16,2.0,Female,Debit Card,Clothing,Istinye Park,17/06/2022
C108032,50.0,26.15,5.0,Female,Cash,Food & Beverage,Emaar Square Mall,6/9/2022
C108034,65.0,600.16,2.0,Female,Cash,Clothing,Kanyon,26/02/2022
C108038,48.0,35.19,3.0,Male,Cash,Souvenir,Cevahir AVM,14/03/2021
C108041,28.0,81.32,2.0,Female,Credit Card,Cosmetics,Kanyon,8/7/2022
C108044,47.0,5.23,1.0,Male,Credit Card,Food & Beverage,Kanyon,25/11/2022
C108047,61.0,26.15,5.0,Female,Credit Card,Food & Beverage,Istinye Park,22/01/2021
C108048,59.0,15.15,1.0,Female,Credit Card,Books,Emaar Square Mall,7/1/2021
C108049,20.0,26.15,5.0,Female,Cash,Food & Beverage,Mall of Istanbul,6/3/2022
C108051,39.0,300.08,1.0,Male,Debit Card,Clothing,Cevahir AVM,19/08/2021
C108055,31.0,2400.68,4.0,Female,Cash,Shoes,Emaar Square Mall,3/9/2021
C108056,53.0,162.64,4.0,Male,Debit Card,Cosmetics,Forum Istanbul,5/9/2022
C108059,31.0,1200.34,2.0,Male,Cash,Shoes,Kanyon,14/06/2022
C108062,54.0,203.3,5.0,Female,Cash,Cosmetics,Mall of Istanbul,25/04/2022
C108064,30.0,203.3,5.0,Female,Credit Card,Cosmetics,Emaar Square Mall,9/1/2023
C108065,20.0,300.08,1.0,Female,Cash,Clothing,Metrocity,9/2/2021
C108067,25.0,30.3,2.0,Female,Cash,Books,Cevahir AVM,23/04/2022
C108070,44.0,1800.51,3.0,Male,Cash,Shoes,Metrocity,20/02/2023
C108072,45.0,15.69,3.0,Female,Debit Card,Food & Beverage,Mall of Istanbul,26/04/2021
C108073,43.0,162.64,4.0,Female,Credit Card,Cosmetics,Kanyon,1/12/2021
C108078,20.0,121.98,3.0,Female,Debit Card,Cosmetics,Mall of Istanbul,22/12/2021
C108079,59.0,5.23,1.0,Male,Credit Card,Food & Beverage,Mall of Istanbul,19/11/2021
C108082,59.0,1200.34,2.0,Male,Credit Card,Shoes,Emaar Square Mall,24/03/2021
C108085,18.0,1500.4,5.0,Female,Cash,Clothing,Metropol AVM,27/04/2022
C108087,26.0,11.73,1.0,Female,Cash,Souvenir,Mall of Istanbul,9/9/2021
C108091,20.0,3150.0,3.0,Female,Credit Card,Technology,Metrocity,22/06/2022
C108099,47.0,600.16,2.0,Female,Credit Card,Clothing,Cevahir AVM,24/01/2021
C108101,46.0,1200.34,2.0,Female,Credit Card,Shoes,Cevahir AVM,2/12/2022
C108103,57.0,35.84,1.0,Male,Debit Card,Toys,Kanyon,23/01/2021
C108106,50.0,300.08,1.0,Female,Credit Card,Clothing,Zorlu Center,1/5/2021
C108108,59.0,1800.51,3.0,Female,Debit Card,Shoes,Mall of Istanbul,3/12/2022
C108111,41.0,20.92,4.0,Male,Credit Card,Food & Beverage,Mall of Istanbul,22/02/2022
C108119,46.0,35.84,1.0,Female,Credit Card,Toys,Metropol AVM,30/04/2021
C108123,25.0,58.65,5.0,Female,Cash,Souvenir,Metropol AVM,8/5/2022
C108126,23.0,300.08,1.0,Male,Credit Card,Clothing,Emaar Square Mall,23/07/2022
C108130,59.0,15.69,3.0,Male,Credit Card,Food & Beverage,Metrocity,2/7/2021
C108131,59.0,600.16,2.0,Male,Cash,Clothing,Metrocity,19/01/2021
C108133,58.0,81.32,2.0,Female,Cash,Cosmetics,Viaport Outlet,17/09/2021
C108141,20.0,5.23,1.0,Female,Credit Card,Food & Beverage,Kanyon,8/3/2023
C108143,67.0,2400.68,4.0,Female,Cash,Shoes,Zorlu Center,28/02/2023
C108146,36.0,11.73,1.0,Male,Cash,Souvenir,Metrocity,3/7/2021
C108149,18.0,600.16,2.0,Female,Cash,Clothing,Kanyon,17/02/2021
C108163,32.0,40.66,1.0,Female,Cash,Cosmetics,Cevahir AVM,16/09/2022
C108168,56.0,3000.85,5.0,Male,Debit Card,Shoes,Kanyon,29/06/2022
C108169,22.0,1200.32,4.0,Female,Cash,Clothing,Istinye Park,18/03/2021
C108171,56.0,300.08,1.0,Female,Cash,Clothing,Emaar Square Mall,22/03/2021
C108173,63.0,179.2,5.0,Male,Credit Card,Toys,Kanyon,30/10/2022
C108174,63.0,900.24,3.0,Male,Cash,Clothing,Metrocity,25/11/2021
C108176,59.0,71.68,2.0,Female,Credit Card,Toys,Metropol AVM,4/2/2023
C108181,64.0,71.68,2.0,Female,Cash,Toys,Kanyon,22/02/2022
C108182,66.0,35.84,1.0,Female,Cash,Toys,Istinye Park,25/09/2021
C108183,42.0,3000.85,5.0,Female,Cash,Shoes,Istinye Park,31/03/2022
C108185,69.0,600.17,1.0,Male,Cash,Shoes,Cevahir AVM,23/06/2022
C108194,27.0,143.36,4.0,Male,Cash,Toys,Istinye Park,17/01/2021
C108196,38.0,2100.0,2.0,Male,Credit Card,Technology,Viaport Outlet,6/7/2021
C108208,28.0,600.17,1.0,Female,Cash,Shoes,Kanyon,26/12/2021
C108212,50.0,1200.32,4.0,Male,Debit Card,Clothing,Mall of Istanbul,7/1/2022
C108215,33.0,107.52,3.0,Female,Cash,Toys,Mall of Istanbul,26/08/2022
C108217,44.0,203.3,5.0,Female,Cash,Cosmetics,Metrocity,6/10/2021
C108219,55.0,40.66,1.0,Female,Credit Card,Cosmetics,Metropol AVM,20/04/2021
C108225,34.0,1500.4,5.0,Male,Cash,Clothing,Kanyon,1/10/2022
C108229,38.0,162.64,4.0,Female,Cash,Cosmetics,Mall of Istanbul,5/8/2022
C108231,31.0,300.08,1.0,Female,Cash,Clothing,Metrocity,19/08/2022
C108233,19.0,1200.32,4.0,Female,Cash,Clothing,Kanyon,31/05/2022
C108235,64.0,10.46,2.0,Female,Credit Card,Food & Beverage,Istinye Park,7/4/2022
C108237,47.0,900.24,3.0,Female,Credit Card,Clothing,Metrocity,30/03/2021
C108238,33.0,26.15,5.0,Male,Credit Card,Food & Beverage,Emaar Square Mall,9/1/2022
C108243,40.0,1500.4,5.0,Female,Cash,Clothing,Mall of Istanbul,8/2/2023
C108245,53.0,58.65,5.0,Male,Debit Card,Souvenir,Cevahir AVM,18/05/2021
C108246,35.0,203.3,5.0,Male,Credit Card,Cosmetics,Mall of Istanbul,11/2/2021
C108249,44.0,300.08,1.0,Female,Cash,Clothing,Mall of Istanbul,2/2/2023
C108253,51.0,600.17,1.0,Female,Credit Card,Shoes,Metrocity,19/02/2023
C108254,58.0,26.15,5.0,Female,Cash,Food & Beverage,Zorlu Center,27/11/2022
C108255,32.0,600.16,2.0,Female,Cash,Clothing,Kanyon,25/07/2022
C108256,19.0,900.24,3.0,Male,Credit Card,Clothing,Metrocity,19/02/2023
C108259,19.0,26.15,5.0,Male,Credit Card,Food & Beverage,Istinye Park,14/01/2022
C108260,49.0,4200.0,4.0,Male,Cash,Technology,Zorlu Center,15/06/2021
C108263,69.0,121.98,3.0,Female,Cash,Cosmetics,Metrocity,19/08/2021
C108265,58.0,203.3,5.0,Female,Cash,Cosmetics,Cevahir AVM,27/07/2021
C108266,35.0,121.98,3.0,Male,Debit Card,Cosmetics,Zorlu Center,17/06/2022
C108268,62.0,20.92,4.0,Male,Cash,Food & Beverage,Forum Istanbul,26/09/2021
C108269,26.0,1200.34,2.0,Female,Credit Card,Shoes,Istinye Park,17/11/2022
C108277,53.0,1500.4,5.0,Male,Cash,Clothing,Kanyon,18/04/2022
C108278,66.0,5.23,1.0,Female,Credit Card,Food & Beverage,Kanyon,1/4/2021
C108281,37.0,5250.0,5.0,Female,Credit Card,Technology,Mall of Istanbul,11/7/2022
C108296,39.0,600.16,2.0,Female,Cash,Clothing,Emaar Square Mall,30/09/2022
C108301,22.0,10.46,2.0,Male,Debit Card,Food & Beverage,Viaport Outlet,25/06/2022
C108312,52.0,81.32,2.0,Male,Credit Card,Cosmetics,Metrocity,27/03/2021
C108318,36.0,121.98,3.0,Female,Cash,Cosmetics,Kanyon,14/03/2022
C108319,61.0,1500.4,5.0,Female,Cash,Clothing,Kanyon,4/2/2021
C108320,18.0,2400.68,4.0,Male,Credit Card,Shoes,Kanyon,6/6/2021
C108322,39.0,3000.85,5.0,Female,Credit Card,Shoes,Cevahir AVM,21/07/2021
C108324,64.0,300.08,1.0,Female,Cash,Clothing,Cevahir AVM,30/05/2021
C108325,39.0,4200.0,4.0,Female,Credit Card,Technology,Forum Istanbul,29/11/2022
C108327,69.0,26.15,5.0,Female,Cash,Food & Beverage,Zorlu Center,30/05/2022
C108330,64.0,300.08,1.0,Female,Cash,Clothing,Cevahir AVM,9/8/2021
C108333,58.0,58.65,5.0,Male,Credit Card,Souvenir,Kanyon,14/02/2021
C108336,39.0,3150.0,3.0,Female,Credit Card,Technology,Mall of Istanbul,11/9/2021
C108337,39.0,121.98,3.0,Female,Debit Card,Cosmetics,Kanyon,5/4/2022
C108345,55.0,600.16,2.0,Female,Credit Card,Clothing,Mall of Istanbul,8/10/2022
C108350,45.0,26.15,5.0,Female,Cash,Food & Beverage,Kanyon,15/11/2021
C108351,30.0,300.08,1.0,Female,Cash,Clothing,Kanyon,10/2/2023
C108358,55.0,1200.32,4.0,Female,Credit Card,Clothing,Viaport Outlet,19/10/2022
C108362,44.0,20.92,4.0,Female,Cash,Food & Beverage,Zorlu Center,4/1/2021
C108366,63.0,1500.4,5.0,Female,Cash,Clothing,Istinye Park,18/03/2022
C108367,52.0,15.69,3.0,Male,Debit Card,Food & Beverage,Kanyon,12/4/2022
C108368,68.0,15.69,3.0,Male,Debit Card,Food & Beverage,Istinye Park,22/10/2022
C108371,31.0,40.66,1.0,Male,Cash,Cosmetics,Istinye Park,27/12/2021
C108373,47.0,75.75,5.0,Female,Cash,Books,Forum Istanbul,3/9/2022
C108375,55.0,300.08,1.0,Female,Credit Card,Clothing,Istinye Park,19/05/2021
C108377,61.0,900.24,3.0,Male,Debit Card,Clothing,Mall of Istanbul,3/8/2022
C108379,49.0,1200.34,2.0,Male,Cash,Shoes,Metrocity,21/11/2021
C108381,44.0,600.17,1.0,Female,Credit Card,Shoes,Istinye Park,12/11/2021
C108383,59.0,30.3,2.0,Male,Credit Card,Books,Cevahir AVM,11/11/2021
C108387,41.0,15.69,3.0,Female,Cash,Food & Beverage,Istinye Park,6/1/2022
C108388,39.0,75.75,5.0,Female,Debit Card,Books,Mall of Istanbul,15/12/2022
C108389,56.0,300.08,1.0,Male,Debit Card,Clothing,Metropol AVM,2/10/2021
C108392,47.0,900.24,3.0,Male,Debit Card,Clothing,Viaport Outlet,2/12/2021
C108396,47.0,5.23,1.0,Male,Debit Card,Food & Beverage,Metrocity,3/12/2022
C108398,22.0,900.24,3.0,Female,Credit Card,Clothing,Kanyon,29/12/2021
C108399,64.0,179.2,5.0,Female,Debit Card,Toys,Metrocity,18/03/2021
C108400,44.0,20.92,4.0,Female,Credit Card,Food & Beverage,Metropol AVM,15/11/2022
C108408,20.0,1050.0,1.0,Male,Cash,Technology,Metrocity,26/02/2022
C108410,23.0,300.08,1.0,Female,Debit Card,Clothing,Metropol AVM,28/03/2021
C108412,24.0,15.15,1.0,Male,Credit Card,Books,Kanyon,31/03/2022
C108419,19.0,5250.0,5.0,Male,Cash,Technology,Mall of Istanbul,12/1/2022
C108424,36.0,143.36,4.0,Female,Cash,Toys,Kanyon,6/10/2022
C108431,60.0,300.08,1.0,Female,Cash,Clothing,Emaar Square Mall,3/3/2023
C108438,62.0,1050.0,1.0,Female,Credit Card,Technology,Istinye Park,20/04/2021
C108441,30.0,162.64,4.0,Female,Credit Card,Cosmetics,Metropol AVM,27/01/2023
C108444,65.0,5.23,1.0,Female,Credit Card,Food & Beverage,Metropol AVM,21/01/2023
C108445,27.0,600.16,2.0,Female,Cash,Clothing,Mall of Istanbul,15/09/2021
C108450,48.0,15.69,3.0,Male,Cash,Food & Beverage,Metropol AVM,31/12/2022
C108451,28.0,1500.4,5.0,Female,Credit Card,Clothing,Mall of Istanbul,15/05/2022
C108452,27.0,71.68,2.0,Female,Cash,Toys,Kanyon,28/12/2021
C108453,66.0,1500.4,5.0,Female,Debit Card,Clothing,Metropol AVM,21/04/2021
C108455,56.0,5.23,1.0,Female,Cash,Food & Beverage,Kanyon,17/10/2021
C108465,35.0,1200.32,4.0,Male,Debit Card,Clothing,Zorlu Center,5/2/2021
C108467,19.0,1800.51,3.0,Female,Credit Card,Shoes,Metrocity,14/12/2022
C108468,67.0,81.32,2.0,Female,Debit Card,Cosmetics,Zorlu Center,27/04/2021
C108469,20.0,203.3,5.0,Male,Debit Card,Cosmetics,Viaport Outlet,15/05/2022
C108474,61.0,4200.0,4.0,Female,Cash,Technology,Metrocity,30/08/2022
C108485,63.0,1200.34,2.0,Male,Debit Card,Shoes,Istinye Park,11/6/2022
C108487,26.0,300.08,1.0,Female,Cash,Clothing,Mall of Istanbul,4/8/2022
C108493,36.0,26.15,5.0,Female,Cash,Food & Beverage,Viaport Outlet,8/2/2023
C108497,49.0,143.36,4.0,Female,Cash,Toys,Mall of Istanbul,2/10/2022
C108508,51.0,600.17,1.0,Female,Cash,Shoes,Forum Istanbul,5/3/2021
C108510,31.0,5.23,1.0,Female,Cash,Food & Beverage,Metropol AVM,29/12/2021
C108524,65.0,71.68,2.0,Male,Cash,Toys,Kanyon,9/6/2021
C108525,33.0,600.16,2.0,Female,Credit Card,Clothing,Zorlu Center,19/02/2021
C108526,26.0,600.16,2.0,Female,Credit Card,Clothing,Kanyon,25/07/2022
C108527,62.0,5.23,1.0,Female,Debit Card,Food & Beverage,Metropol AVM,19/04/2022
C108530,28.0,2400.68,4.0,Female,Cash,Shoes,Metropol AVM,2/5/2021
C108532,19.0,1200.32,4.0,Male,Credit Card,Clothing,Mall of Istanbul,4/3/2022
C108537,26.0,900.24,3.0,Male,Credit Card,Clothing,Kanyon,8/5/2022
C108540,64.0,35.84,1.0,Male,Cash,Toys,Istinye Park,15/09/2022
C108544,63.0,1800.51,3.0,Female,Cash,Shoes,Kanyon,16/03/2022
C108549,32.0,121.98,3.0,Female,Cash,Cosmetics,Mall of Istanbul,16/08/2022
C108553,30.0,162.64,4.0,Male,Cash,Cosmetics,Metropol AVM,4/1/2022
C108554,64.0,15.69,3.0,Female,Cash,Food & Beverage,Zorlu Center,23/05/2022
C108555,59.0,600.16,2.0,Female,Cash,Clothing,Kanyon,17/07/2021
C108556,18.0,3000.85,5.0,Female,Cash,Shoes,Kanyon,25/05/2022
C108560,67.0,1200.34,2.0,Male,Debit Card,Shoes,Cevahir AVM,17/04/2021
C108561,44.0,5.23,1.0,Female,Cash,Food & Beverage,Metropol AVM,2/11/2022
C108563,25.0,1050.0,1.0,Male,Credit Card,Technology,Mall of Istanbul,2/1/2021
C108565,20.0,1200.32,4.0,Female,Cash,Clothing,Viaport Outlet,23/03/2022
C108567,36.0,300.08,1.0,Female,Credit Card,Clothing,Metrocity,13/03/2022
C108572,57.0,15.69,3.0,Male,Cash,Food & Beverage,Zorlu Center,9/9/2022
C108581,60.0,1500.4,5.0,Male,Cash,Clothing,Mall of Istanbul,2/3/2023
C108589,30.0,203.3,5.0,Female,Cash,Cosmetics,Mall of Istanbul,3/7/2022
C108591,28.0,300.08,1.0,Female,Credit Card,Clothing,Metropol AVM,21/01/2023
C108593,26.0,3000.85,5.0,Male,Credit Card,Shoes,Metropol AVM,12/9/2021
C108595,39.0,1200.32,4.0,Male,Cash,Clothing,Istinye Park,17/12/2022
C108596,27.0,46.92,4.0,Female,Debit Card,Souvenir,Mall of Istanbul,11/7/2022
C108599,64.0,1500.4,5.0,Male,Cash,Clothing,Mall of Istanbul,18/05/2022
C108600,59.0,5250.0,5.0,Female,Debit Card,Technology,Mall of Istanbul,23/05/2021
C108602,37.0,121.98,3.0,Female,Credit Card,Cosmetics,Mall of Istanbul,30/10/2022
C108604,39.0,162.64,4.0,Female,Debit Card,Cosmetics,Zorlu Center,11/2/2021
C108606,39.0,107.52,3.0,Female,Credit Card,Toys,Istinye Park,21/08/2022
C108607,48.0,60.6,4.0,Female,Debit Card,Books,Forum Istanbul,15/06/2021
C108614,34.0,35.84,1.0,Female,Credit Card,Toys,Emaar Square Mall,4/10/2022
C108616,20.0,300.08,1.0,Female,Cash,Clothing,Metropol AVM,10/2/2021
C108625,59.0,179.2,5.0,Male,Cash,Toys,Istinye Park,8/9/2021
C108627,38.0,3000.85,5.0,Female,Credit Card,Shoes,Forum Istanbul,8/9/2022
C108631,47.0,30.3,2.0,Female,Credit Card,Books,Mall of Istanbul,31/05/2021
C108633,27.0,20.92,4.0,Male,Debit Card,Food & Beverage,Mall of Istanbul,3/8/2022
C108638,57.0,162.64,4.0,Female,Debit Card,Cosmetics,Metropol AVM,20/01/2022
C108639,46.0,20.92,4.0,Male,Debit Card,Food & Beverage,Cevahir AVM,21/07/2022
C108640,19.0,1200.32,4.0,Female,Credit Card,Clothing,Mall of Istanbul,19/07/2021
C108643,69.0,40.66,1.0,Male,Cash,Cosmetics,Emaar Square Mall,21/01/2023
C108644,38.0,11.73,1.0,Female,Debit Card,Souvenir,Kanyon,8/1/2023
C108645,48.0,203.3,5.0,Male,Cash,Cosmetics,Kanyon,26/02/2023
C108654,62.0,10.46,2.0,Male,Credit Card,Food & Beverage,Metropol AVM,11/2/2022
C108656,23.0,35.19,3.0,Female,Cash,Souvenir,Metropol AVM,1/3/2022
C108659,23.0,1200.34,2.0,Male,Credit Card,Shoes,Metrocity,17/07/2022
C108662,41.0,5.23,1.0,Female,Cash,Food & Beverage,Istinye Park,29/11/2022
C108674,56.0,46.92,4.0,Female,Debit Card,Souvenir,Kanyon,27/02/2021
C108677,20.0,2400.68,4.0,Female,Credit Card,Shoes,Viaport Outlet,2/4/2021
C108683,59.0,40.66,1.0,Male,Debit Card,Cosmetics,Metrocity,7/9/2021
C108685,48.0,81.32,2.0,Female,Debit Card,Cosmetics,Metrocity,14/05/2021
C108689,64.0,15.69,3.0,Female,Credit Card,Food & Beverage,Kanyon,25/07/2021
C108690,23.0,600.17,1.0,Female,Cash,Shoes,Kanyon,2/1/2022
C108695,36.0,900.24,3.0,Male,Credit Card,Clothing,Mall of Istanbul,30/12/2022
C108698,25.0,35.84,1.0,Male,Cash,Toys,Istinye Park,6/10/2021
C108702,40.0,2400.68,4.0,Female,Credit Card,Shoes,Mall of Istanbul,23/02/2021
C108704,61.0,300.08,1.0,Female,Cash,Clothing,Cevahir AVM,20/06/2022
C108705,27.0,11.73,1.0,Male,Credit Card,Souvenir,Metrocity,29/04/2021
C108707,28.0,40.66,1.0,Male,Cash,Cosmetics,Metrocity,5/11/2021
C108711,20.0,26.15,5.0,Male,Credit Card,Food & Beverage,Forum Istanbul,27/09/2021
C108713,66.0,71.68,2.0,Male,Credit Card,Toys,Mall of Istanbul,19/03/2021
C108716,52.0,1200.32,4.0,Female,Cash,Clothing,Kanyon,11/2/2021
C108720,51.0,60.6,4.0,Female,Debit Card,Books,Metropol AVM,19/11/2021
C108727,20.0,20.92,4.0,Male,Credit Card,Food & Beverage,Metrocity,12/2/2023
C108729,36.0,71.68,2.0,Female,Credit Card,Toys,Kanyon,16/04/2021
C108731,67.0,1800.51,3.0,Female,Cash,Shoes,Kanyon,3/3/2022
C108733,46.0,26.15,5.0,Female,Cash,Food & Beverage,Metrocity,5/1/2022
C108735,35.0,3000.85,5.0,Female,Credit Card,Shoes,Mall of Istanbul,17/02/2022
C108738,68.0,900.24,3.0,Male,Cash,Clothing,Kanyon,28/12/2022
C108746,40.0,26.15,5.0,Female,Credit Card,Food & Beverage,Metrocity,14/04/2022
C108749,36.0,600.16,2.0,Male,Debit Card,Clothing,Kanyon,6/7/2021
C108752,41.0,3000.85,5.0,Female,Cash,Shoes,Mall of Istanbul,14/08/2021
C108755,56.0,1200.34,2.0,Female,Cash,Shoes,Mall of Istanbul,20/11/2021
C108756,45.0,121.98,3.0,Female,Credit Card,Cosmetics,Istinye Park,27/01/2023
C108757,35.0,300.08,1.0,Female,Credit Card,Clothing,Kanyon,13/07/2021
C108759,38.0,900.24,3.0,Female,Credit Card,Clothing,Metrocity,4/3/2021
C108760,49.0,40.66,1.0,Male,Cash,Cosmetics,Kanyon,31/08/2022
C108763,52.0,203.3,5.0,Female,Debit Card,Cosmetics,Metropol AVM,7/2/2023
C108765,47.0,600.17,1.0,Female,Cash,Shoes,Istinye Park,7/7/2022
C108770,20.0,26.15,5.0,Male,Cash,Food & Beverage,Mall of Istanbul,5/10/2021
C108771,27.0,900.24,3.0,Male,Debit Card,Clothing,Metropol AVM,26/03/2022
C108776,28.0,203.3,5.0,Male,Cash,Cosmetics,Metropol AVM,3/10/2021
C108778,18.0,179.2,5.0,Female,Credit Card,Toys,Mall of Istanbul,8/8/2022
C108780,47.0,162.64,4.0,Male,Debit Card,Cosmetics,Mall of Istanbul,26/10/2021
C108785,61.0,30.3,2.0,Female,Credit Card,Books,Kanyon,4/10/2022
C108787,64.0,10.46,2.0,Female,Credit Card,Food & Beverage,Kanyon,20/06/2021
C108789,56.0,46.92,4.0,Male,Cash,Souvenir,Viaport Outlet,16/10/2021
C108791,67.0,26.15,5.0,Female,Debit Card,Food & Beverage,Mall of Istanbul,27/02/2022
C108792,51.0,600.17,1.0,Male,Cash,Shoes,Mall of Istanbul,1/9/2021
C108794,34.0,300.08,1.0,Male,Cash,Clothing,Metrocity,3/11/2021
C108796,23.0,58.65,5.0,Female,Debit Card,Souvenir,Metrocity,13/09/2022
C108797,43.0,1500.4,5.0,Male,Credit Card,Clothing,Mall of Istanbul,14/07/2021
C108798,24.0,1200.34,2.0,Female,Credit Card,Shoes,Mall of Istanbul,31/07/2021
C108801,51.0,1200.32,4.0,Female,Credit Card,Clothing,Kanyon,12/1/2023
C108803,31.0,1200.34,2.0,Male,Credit Card,Shoes,Istinye Park,26/05/2021
C108808,26.0,35.84,1.0,Female,Credit Card,Toys,Istinye Park,16/01/2023
C108815,33.0,1500.4,5.0,Male,Cash,Clothing,Emaar Square Mall,20/10/2021
C108820,55.0,1200.32,4.0,Female,Debit Card,Clothing,Istinye Park,4/2/2022
C108821,62.0,30.3,2.0,Male,Credit Card,Books,Kanyon,12/7/2021
C108822,64.0,600.17,1.0,Male,Credit Card,Shoes,Kanyon,25/10/2022
C108825,32.0,20.92,4.0,Female,Debit Card,Food & Beverage,Emaar Square Mall,18/11/2021
C108827,32.0,10.46,2.0,Female,Credit Card,Food & Beverage,Mall of Istanbul,12/2/2021
C108828,37.0,600.16,2.0,Male,Credit Card,Clothing,Metrocity,21/03/2021
C108829,47.0,15.69,3.0,Female,Cash,Food & Beverage,Viaport Outlet,20/04/2021
C108834,44.0,1200.32,4.0,Male,Cash,Clothing,Kanyon,8/8/2021
C108843,45.0,81.32,2.0,Female,Credit Card,Cosmetics,Viaport Outlet,12/4/2021
C108844,62.0,75.75,5.0,Male,Cash,Books,Cevahir AVM,29/08/2021
C108849,27.0,600.16,2.0,Female,Debit Card,Clothing,Kanyon,8/11/2022
C108851,38.0,1200.34,2.0,Male,Credit Card,Shoes,Metrocity,22/04/2022
C108852,37.0,81.32,2.0,Male,Debit Card,Cosmetics,Cevahir AVM,7/1/2021
C108855,29.0,15.15,1.0,Female,Credit Card,Books,Mall of Istanbul,6/4/2022
C108856,39.0,300.08,1.0,Female,Debit Card,Clothing,Kanyon,7/5/2022
C108858,55.0,1500.4,5.0,Female,Credit Card,Clothing,Istinye Park,9/6/2022
C108860,42.0,1500.4,5.0,Female,Debit Card,Clothing,Istinye Park,17/05/2022
C108861,56.0,58.65,5.0,Female,Cash,Souvenir,Mall of Istanbul,24/08/2021
C108862,51.0,600.16,2.0,Female,Debit Card,Clothing,Metrocity,13/05/2021
C108864,52.0,40.66,1.0,Male,Debit Card,Cosmetics,Kanyon,28/01/2021
C108872,41.0,162.64,4.0,Male,Debit Card,Cosmetics,Kanyon,17/03/2021
C108873,18.0,600.16,2.0,Female,Cash,Clothing,Emaar Square Mall,29/10/2021
C108876,36.0,600.16,2.0,Male,Credit Card,Clothing,Zorlu Center,25/02/2021
C108882,58.0,1200.32,4.0,Female,Debit Card,Clothing,Kanyon,18/01/2022
C108885,23.0,162.64,4.0,Female,Debit Card,Cosmetics,Metrocity,19/07/2021
C108888,42.0,300.08,1.0,Female,Credit Card,Clothing,Mall of Istanbul,3/9/2022
C108894,41.0,40.66,1.0,Female,Debit Card,Cosmetics,Zorlu Center,10/12/2022
C108902,33.0,5250.0,5.0,Male,Debit Card,Technology,Metropol AVM,28/08/2021
C108914,46.0,900.24,3.0,Male,Cash,Clothing,Mall of Istanbul,14/09/2021
C108920,65.0,1500.4,5.0,Female,Cash,Clothing,Kanyon,7/1/2021
C108927,65.0,600.16,2.0,Male,Credit Card,Clothing,Metrocity,13/07/2022
C108930,33.0,45.45,3.0,Female,Debit Card,Books,Kanyon,4/1/2022
C108931,18.0,1200.32,4.0,Male,Cash,Clothing,Kanyon,27/07/2022
C108933,42.0,58.65,5.0,Female,Cash,Souvenir,Emaar Square Mall,10/12/2022
C108934,56.0,162.64,4.0,Female,Credit Card,Cosmetics,Metropol AVM,16/08/2022
C108938,43.0,900.24,3.0,Male,Cash,Clothing,Metrocity,13/07/2022
C108942,68.0,162.64,4.0,Female,Cash,Cosmetics,Kanyon,16/07/2021
C108945,47.0,1500.4,5.0,Male,Debit Card,Clothing,Metrocity,25/03/2021
C108946,22.0,60.6,4.0,Female,Cash,Books,Metropol AVM,17/03/2022
C108948,65.0,10.46,2.0,Female,Debit Card,Food & Beverage,Metrocity,27/08/2022
C108951,32.0,203.3,5.0,Female,Credit Card,Cosmetics,Istinye Park,29/04/2022
C108952,64.0,179.2,5.0,Female,Credit Card,Toys,Metrocity,16/11/2022
C108956,45.0,143.36,4.0,Male,Credit Card,Toys,Kanyon,10/8/2022
C108959,30.0,600.16,2.0,Female,Cash,Clothing,Istinye Park,30/11/2021
C108961,65.0,300.08,1.0,Male,Cash,Clothing,Zorlu Center,1/3/2022
C108963,63.0,600.16,2.0,Male,Cash,Clothing,Forum Istanbul,13/10/2022
C108964,42.0,2400.68,4.0,Male,Cash,Shoes,Metrocity,11/2/2023
C108971,28.0,900.24,3.0,Male,Debit Card,Clothing,Forum Istanbul,24/11/2022
C108981,25.0,2400.68,4.0,Male,Debit Card,Shoes,Mall of Istanbul,21/02/2023
C108982,37.0,1200.32,4.0,Female,Cash,Clothing,Metrocity,11/6/2021
C108984,39.0,45.45,3.0,Male,Debit Card,Books,Metrocity,1/6/2021
C108986,58.0,143.36,4.0,Female,Credit Card,Toys,Viaport Outlet,29/03/2021
C108988,40.0,600.16,2.0,Female,Cash,Clothing,Kanyon,2/10/2021
C108993,31.0,1500.4,5.0,Female,Cash,Clothing,Mall of Istanbul,1/7/2022
C108996,39.0,2100.0,2.0,Female,Cash,Technology,Mall of Istanbul,1/2/2022
C109006,44.0,600.16,2.0,Female,Cash,Clothing,Metropol AVM,16/07/2022
C109016,20.0,4200.0,4.0,Female,Credit Card,Technology,Istinye Park,7/3/2022
C109018,26.0,3000.85,5.0,Female,Cash,Shoes,Viaport Outlet,25/02/2021
C109019,41.0,203.3,5.0,Male,Cash,Cosmetics,Zorlu Center,19/11/2022
C109022,27.0,600.16,2.0,Male,Credit Card,Clothing,Viaport Outlet,15/11/2021
C109025,26.0,10.46,2.0,Female,Cash,Food & Beverage,Metropol AVM,18/09/2021
C109027,46.0,15.69,3.0,Female,Cash,Food & Beverage,Mall of Istanbul,23/10/2022
C109031,24.0,81.32,2.0,Female,Cash,Cosmetics,Emaar Square Mall,6/9/2021
C109033,26.0,81.32,2.0,Female,Cash,Cosmetics,Cevahir AVM,26/08/2021
C109038,35.0,30.3,2.0,Female,Credit Card,Books,Mall of Istanbul,7/11/2021
C109041,32.0,1050.0,1.0,Female,Credit Card,Technology,Istinye Park,23/08/2022
C109042,62.0,20.92,4.0,Female,Cash,Food & Beverage,Mall of Istanbul,2/7/2022
C109043,57.0,600.16,2.0,Male,Cash,Clothing,Mall of Istanbul,6/2/2022
C109051,30.0,40.66,1.0,Male,Cash,Cosmetics,Metrocity,7/11/2021
C109058,44.0,143.36,4.0,Male,Cash,Toys,Mall of Istanbul,12/7/2022
C109079,45.0,600.17,1.0,Female,Credit Card,Shoes,Kanyon,19/02/2023
C109080,47.0,121.98,3.0,Male,Debit Card,Cosmetics,Istinye Park,23/09/2021
C109083,68.0,900.24,3.0,Female,Debit Card,Clothing,Metrocity,15/10/2022
C109085,42.0,2400.68,4.0,Male,Cash,Shoes,Mall of Istanbul,17/02/2021
C109086,37.0,162.64,4.0,Female,Cash,Cosmetics,Metropol AVM,18/05/2022
C109087,69.0,15.69,3.0,Female,Credit Card,Food & Beverage,Kanyon,28/04/2022
C109090,67.0,300.08,1.0,Female,Debit Card,Clothing,Mall of Istanbul,21/05/2022
C109091,61.0,107.52,3.0,Male,Cash,Toys,Metrocity,4/10/2021
C109092,34.0,600.16,2.0,Female,Credit Card,Clothing,Mall of Istanbul,18/04/2021
C109093,37.0,121.98,3.0,Male,Cash,Cosmetics,Metrocity,2/12/2021
C109095,60.0,1200.34,2.0,Female,Credit Card,Shoes,Mall of Istanbul,3/12/2022
C109097,55.0,900.24,3.0,Female,Cash,Clothing,Mall of Istanbul,14/03/2021
C109099,60.0,162.64,4.0,Female,Cash,Cosmetics,Mall of Istanbul,18/03/2022
C109100,38.0,600.16,2.0,Female,Credit Card,Clothing,Zorlu Center,8/5/2022
C109101,45.0,1200.32,4.0,Female,Cash,Clothing,Kanyon,8/12/2021
C109102,43.0,1200.32,4.0,Male,Cash,Clothing,Kanyon,5/4/2022
C109110,40.0,1500.4,5.0,Female,Credit Card,Clothing,Metrocity,14/07/2022
C109116,50.0,1200.34,2.0,Female,Cash,Shoes,Zorlu Center,6/1/2023
C109118,43.0,15.69,3.0,Female,Cash,Food & Beverage,Mall of Istanbul,16/11/2021
C109119,38.0,900.24,3.0,Male,Credit Card,Clothing,Metropol AVM,14/06/2021
C109124,25.0,15.69,3.0,Female,Credit Card,Food & Beverage,Forum Istanbul,5/9/2022
C109130,43.0,1200.32,4.0,Female,Credit Card,Clothing,Cevahir AVM,26/10/2021
C109131,49.0,1050.0,1.0,Male,Debit Card,Technology,Metropol AVM,3/10/2022
C109140,48.0,40.66,1.0,Male,Cash,Cosmetics,Kanyon,30/03/2022
C109143,37.0,1200.32,4.0,Female,Cash,Clothing,Mall of Istanbul,11/5/2022
C109145,32.0,600.16,2.0,Female,Credit Card,Clothing,Metropol AVM,6/9/2021
C109148,64.0,600.17,1.0,Male,Cash,Shoes,Metrocity,2/3/2022
C109149,51.0,10.46,2.0,Female,Cash,Food & Beverage,Metrocity,25/12/2021
C109158,35.0,600.17,1.0,Female,Debit Card,Shoes,Istinye Park,14/07/2021
C109167,26.0,2400.68,4.0,Male,Cash,Shoes,Kanyon,27/12/2022
C109171,47.0,179.2,5.0,Female,Credit Card,Toys,Metropol AVM,23/01/2021
C109173,34.0,300.08,1.0,Male,Cash,Clothing,Istinye Park,4/12/2021
C109175,18.0,107.52,3.0,Male,Cash,Toys,Metropol AVM,13/08/2022
C109177,64.0,203.3,5.0,Male,Cash,Cosmetics,Cevahir AVM,26/05/2022
C109179,23.0,81.32,2.0,Female,Cash,Cosmetics,Metrocity,28/02/2023
C109182,57.0,179.2,5.0,Male,Credit Card,Toys,Metrocity,18/02/2023
C109185,54.0,900.24,3.0,Male,Cash,Clothing,Forum Istanbul,17/10/2022
C109187,32.0,900.24,3.0,Female,Cash,Clothing,Metrocity,5/1/2023
C109197,68.0,300.08,1.0,Female,Cash,Clothing,Forum Istanbul,29/12/2022
C109198,45.0,5250.0,5.0,Male,Credit Card,Technology,Metropol AVM,10/8/2021
C109201,23.0,3000.85,5.0,Female,Credit Card,Shoes,Metrocity,26/10/2022
C109207,50.0,35.84,1.0,Male,Cash,Toys,Mall of Istanbul,10/11/2022
C109210,36.0,121.98,3.0,Male,Cash,Cosmetics,Mall of Istanbul,14/02/2023
C109214,66.0,121.98,3.0,Female,Credit Card,Cosmetics,Metropol AVM,3/7/2022
C109220,65.0,600.16,2.0,Male,Credit Card,Clothing,Metrocity,8/12/2021
C109226,40.0,30.3,2.0,Female,Cash,Books,Kanyon,12/10/2022
C109228,45.0,600.16,2.0,Male,Credit Card,Clothing,Metrocity,14/01/2021
C109229,46.0,600.16,2.0,Female,Cash,Clothing,Forum Istanbul,4/6/2021
C109230,63.0,3000.85,5.0,Female,Cash,Shoes,Cevahir AVM,12/5/2022
C109231,48.0,2400.68,4.0,Female,Cash,Shoes,Zorlu Center,20/12/2022
C109237,41.0,1200.32,4.0,Male,Debit Card,Clothing,Kanyon,10/5/2021
C109240,51.0,20.92,4.0,Female,Credit Card,Food & Beverage,Metropol AVM,2/7/2021
C109241,56.0,58.65,5.0,Female,Debit Card,Souvenir,Mall of Istanbul,14/01/2021
C109245,24.0,15.69,3.0,Male,Credit Card,Food & Beverage,Kanyon,17/09/2022
C109251,25.0,3150.0,3.0,Female,Cash,Technology,Kanyon,26/09/2021
C109254,66.0,900.24,3.0,Male,Credit Card,Clothing,Kanyon,19/02/2021
C109256,57.0,40.66,1.0,Male,Debit Card,Cosmetics,Metrocity,31/01/2022
C109260,44.0,1500.4,5.0,Female,Credit Card,Clothing,Metrocity,6/9/2022
C109262,68.0,26.15,5.0,Male,Debit Card,Food & Beverage,Kanyon,9/8/2021
C109264,21.0,900.24,3.0,Female,Debit Card,Clothing,Metropol AVM,14/02/2023
C109270,36.0,1200.32,4.0,Female,Debit Card,Clothing,Metropol AVM,12/8/2022
C109271,36.0,1500.4,5.0,Female,Credit Card,Clothing,Zorlu Center,16/09/2021
C109275,50.0,1500.4,5.0,Female,Credit Card,Clothing,Cevahir AVM,6/7/2022
C109276,31.0,20.92,4.0,Male,Credit Card,Food & Beverage,Kanyon,29/01/2023
C109283,20.0,900.24,3.0,Female,Cash,Clothing,Viaport Outlet,27/04/2021
C109290,28.0,35.84,1.0,Female,Credit Card,Toys,Mall of Istanbul,3/4/2021
C109293,20.0,1200.32,4.0,Male,Debit Card,Clothing,Mall of Istanbul,15/02/2023
C109294,26.0,40.66,1.0,Male,Credit Card,Cosmetics,Mall of Istanbul,25/02/2023
C109296,33.0,1500.4,5.0,Male,Credit Card,Clothing,Metrocity,5/5/2021
C109297,49.0,300.08,1.0,Male,Credit Card,Clothing,Kanyon,12/9/2021
C109302,35.0,179.2,5.0,Female,Cash,Toys,Metrocity,13/01/2021
C109303,34.0,3150.0,3.0,Female,Debit Card,Technology,Kanyon,17/12/2022
C109304,36.0,162.64,4.0,Male,Cash,Cosmetics,Forum Istanbul,25/08/2021
C109307,36.0,1800.51,3.0,Male,Debit Card,Shoes,Metropol AVM,10/1/2022
C109310,53.0,600.16,2.0,Male,Cash,Clothing,Kanyon,26/12/2021
C109312,31.0,900.24,3.0,Female,Credit Card,Clothing,Cevahir AVM,1/12/2021
C109314,18.0,5.23,1.0,Male,Cash,Food & Beverage,Metrocity,25/12/2021
C109317,48.0,1200.32,4.0,Female,Cash,Clothing,Metropol AVM,13/02/2023
C109318,69.0,26.15,5.0,Male,Debit Card,Food & Beverage,Istinye Park,9/7/2021
C109321,55.0,15.69,3.0,Female,Debit Card,Food & Beverage,Kanyon,31/07/2022
C109322,66.0,179.2,5.0,Female,Credit Card,Toys,Metropol AVM,25/11/2021
C109323,44.0,40.66,1.0,Female,Cash,Cosmetics,Metropol AVM,20/02/2023
C109325,19.0,71.68,2.0,Male,Cash,Toys,Emaar Square Mall,11/2/2021
C109328,52.0,143.36,4.0,Male,Debit Card,Toys,Mall of Istanbul,12/10/2022
C109331,27.0,81.32,2.0,Female,Debit Card,Cosmetics,Metrocity,2/1/2023
C109332,39.0,203.3,5.0,Female,Cash,Cosmetics,Metrocity,29/10/2021
C109354,23.0,600.16,2.0,Male,Cash,Clothing,Zorlu Center,20/02/2023
C109355,58.0,1800.51,3.0,Male,Credit Card,Shoes,Zorlu Center,7/6/2021
C109357,20.0,600.17,1.0,Female,Cash,Shoes,Istinye Park,1/8/2022
C109358,48.0,600.16,2.0,Female,Credit Card,Clothing,Kanyon,6/2/2021
C109361,58.0,300.08,1.0,Male,Cash,Clothing,Emaar Square Mall,23/02/2022
C109363,69.0,300.08,1.0,Female,Credit Card,Clothing,Kanyon,24/08/2021
C109364,64.0,900.24,3.0,Female,Debit Card,Clothing,Zorlu Center,26/03/2021
C109369,45.0,600.16,2.0,Male,Cash,Clothing,Metrocity,2/5/2021
C109370,59.0,26.15,5.0,Female,Credit Card,Food & Beverage,Metropol AVM,26/01/2023
C109372,39.0,600.16,2.0,Female,Credit Card,Clothing,Metropol AVM,9/5/2022
C109375,47.0,26.15,5.0,Male,Credit Card,Food & Beverage,Metrocity,10/1/2021
C109378,29.0,179.2,5.0,Female,Cash,Toys,Mall of Istanbul,25/10/2022
C109382,65.0,107.52,3.0,Female,Credit Card,Toys,Zorlu Center,9/10/2021
C109386,52.0,107.52,3.0,Male,Cash,Toys,Emaar Square Mall,23/01/2021
C109387,44.0,40.66,1.0,Female,Cash,Cosmetics,Cevahir AVM,7/6/2021
C109390,50.0,45.45,3.0,Female,Cash,Books,Kanyon,9/5/2022
C109391,60.0,30.3,2.0,Female,Cash,Books,Emaar Square Mall,14/04/2021
C109394,61.0,300.08,1.0,Female,Cash,Clothing,Metrocity,28/05/2021
C109398,34.0,30.3,2.0,Female,Cash,Books,Kanyon,1/2/2023
C109402,34.0,179.2,5.0,Female,Debit Card,Toys,Metropol AVM,6/4/2021
C109409,24.0,600.16,2.0,Female,Cash,Clothing,Metropol AVM,9/1/2023
C109415,48.0,900.24,3.0,Male,Cash,Clothing,Metropol AVM,4/3/2022
C109416,27.0,1500.4,5.0,Male,Cash,Clothing,Metrocity,2/2/2022
C109418,29.0,26.15,5.0,Male,Debit Card,Food & Beverage,Mall of Istanbul,10/3/2022
C109420,43.0,35.84,1.0,Female,Credit Card,Toys,Kanyon,24/05/2022
C109428,53.0,1500.4,5.0,Male,Cash,Clothing,Mall of Istanbul,5/2/2021
C109430,41.0,600.16,2.0,Female,Cash,Clothing,Forum Istanbul,8/4/2021
C109439,61.0,143.36,4.0,Female,Cash,Toys,Mall of Istanbul,2/5/2021
C109443,62.0,3000.85,5.0,Female,Cash,Shoes,Mall of Istanbul,22/09/2022
C109444,50.0,26.15,5.0,Male,Cash,Food & Beverage,Zorlu Center,13/10/2022
C109446,41.0,121.98,3.0,Male,Credit Card,Cosmetics,Forum Istanbul,2/7/2022
C109450,22.0,3000.85,5.0,Male,Debit Card,Shoes,Mall of Istanbul,3/2/2022
C109455,19.0,5250.0,5.0,Female,Cash,Technology,Metrocity,3/1/2021
C109457,68.0,23.46,2.0,Female,Credit Card,Souvenir,Kanyon,14/09/2021
C109460,23.0,58.65,5.0,Male,Credit Card,Souvenir,Cevahir AVM,8/2/2022
C109461,32.0,58.65,5.0,Female,Debit Card,Souvenir,Zorlu Center,4/10/2021
C109463,21.0,60.6,4.0,Male,Debit Card,Books,Istinye Park,10/12/2021
C109465,43.0,5.23,1.0,Female,Cash,Food & Beverage,Metrocity,1/4/2022
C109467,49.0,5.23,1.0,Female,Cash,Food & Beverage,Kanyon,9/2/2023
C109469,58.0,81.32,2.0,Female,Debit Card,Cosmetics,Viaport Outlet,27/11/2022
C109472,59.0,600.17,1.0,Male,Cash,Shoes,Zorlu Center,25/02/2022
C109476,51.0,30.3,2.0,Female,Credit Card,Books,Viaport Outlet,22/07/2021
C109478,19.0,58.65,5.0,Male,Credit Card,Souvenir,Cevahir AVM,16/03/2022
C109482,33.0,10.46,2.0,Female,Debit Card,Food & Beverage,Metropol AVM,2/6/2022
C109484,50.0,81.32,2.0,Male,Cash,Cosmetics,Kanyon,8/6/2021
C109487,28.0,600.16,2.0,Male,Cash,Clothing,Emaar Square Mall,2/4/2021
C109488,36.0,203.3,5.0,Female,Cash,Cosmetics,Metrocity,13/01/2021
C109489,23.0,15.69,3.0,Male,Credit Card,Food & Beverage,Kanyon,17/01/2023
C109491,38.0,3000.85,5.0,Female,Debit Card,Shoes,Kanyon,19/03/2022
C109496,18.0,1200.32,4.0,Female,Cash,Clothing,Kanyon,12/1/2021
C109499,65.0,179.2,5.0,Male,Credit Card,Toys,Istinye Park,20/03/2021
C109500,57.0,143.36,4.0,Female,Debit Card,Toys,Mall of Istanbul,3/11/2022
C109506,18.0,203.3,5.0,Female,Cash,Cosmetics,Kanyon,20/08/2021
C109507,34.0,5.23,1.0,Female,Cash,Food & Beverage,Zorlu Center,4/6/2021
C109509,60.0,81.32,2.0,Female,Cash,Cosmetics,Metropol AVM,1/3/2021
C109515,37.0,71.68,2.0,Female,Cash,Toys,Metrocity,6/9/2022
C109516,69.0,26.15,5.0,Female,Credit Card,Food & Beverage,Kanyon,14/05/2022
C109518,26.0,40.66,1.0,Female,Credit Card,Cosmetics,Istinye Park,7/9/2021
C109519,45.0,1200.32,4.0,Female,Cash,Clothing,Metropol AVM,29/05/2022
C109522,44.0,162.64,4.0,Female,Credit Card,Cosmetics,Emaar Square Mall,8/4/2022
C109524,50.0,300.08,1.0,Female,Debit Card,Clothing,Mall of Istanbul,11/5/2021
C109528,39.0,15.69,3.0,Female,Cash,Food & Beverage,Metropol AVM,17/09/2021
C109529,32.0,2400.68,4.0,Female,Debit Card,Shoes,Metrocity,27/08/2021
C109530,24.0,71.68,2.0,Female,Credit Card,Toys,Zorlu Center,28/02/2021
C109531,39.0,1200.32,4.0,Male,Cash,Clothing,Viaport Outlet,31/07/2021
C109532,31.0,900.24,3.0,Female,Credit Card,Clothing,Forum Istanbul,21/04/2021
C109533,40.0,1200.32,4.0,Female,Credit Card,Clothing,Metrocity,16/05/2022
C109538,28.0,1200.32,4.0,Female,Debit Card,Clothing,Mall of Istanbul,8/8/2021
C109539,41.0,71.68,2.0,Female,Credit Card,Toys,Mall of Istanbul,23/04/2022
C109540,60.0,1500.4,5.0,Male,Cash,Clothing,Kanyon,8/12/2022
C109541,28.0,900.24,3.0,Female,Cash,Clothing,Metrocity,29/10/2021
C109543,21.0,5.23,1.0,Female,Debit Card,Food & Beverage,Forum Istanbul,8/11/2022
C109544,49.0,107.52,3.0,Male,Debit Card,Toys,Istinye Park,26/07/2022
C109549,57.0,23.46,2.0,Female,Cash,Souvenir,Mall of Istanbul,12/2/2021
C109551,44.0,143.36,4.0,Male,Debit Card,Toys,Istinye Park,25/12/2021
C109553,27.0,11.73,1.0,Female,Cash,Souvenir,Metrocity,5/11/2021
C109562,34.0,81.32,2.0,Female,Debit Card,Cosmetics,Kanyon,11/11/2021
C109563,45.0,45.45,3.0,Male,Debit Card,Books,Zorlu Center,27/04/2021
C109565,41.0,10.46,2.0,Male,Debit Card,Food & Beverage,Metrocity,17/07/2021
C109566,65.0,900.24,3.0,Female,Cash,Clothing,Mall of Istanbul,7/5/2022
C109568,49.0,75.75,5.0,Male,Cash,Books,Mall of Istanbul,4/12/2021
C109573,21.0,20.92,4.0,Male,Credit Card,Food & Beverage,Metrocity,10/2/2022
C109575,58.0,1800.51,3.0,Female,Credit Card,Shoes,Mall of Istanbul,2/8/2021
C109582,33.0,2100.0,2.0,Female,Cash,Technology,Metropol AVM,12/11/2022
C109587,32.0,15.69,3.0,Male,Credit Card,Food & Beverage,Kanyon,5/9/2022
C109593,66.0,300.08,1.0,Female,Cash,Clothing,Metrocity,7/1/2023
C109594,40.0,60.6,4.0,Male,Cash,Books,Kanyon,5/1/2023
C109597,68.0,3000.85,5.0,Male,Credit Card,Shoes,Kanyon,16/05/2022
C109602,24.0,81.32,2.0,Male,Cash,Cosmetics,Kanyon,23/09/2022
C109605,27.0,1200.34,2.0,Male,Credit Card,Shoes,Mall of Istanbul,25/03/2022
C109617,58.0,600.17,1.0,Male,Debit Card,Shoes,Emaar Square Mall,18/02/2021
C109621,69.0,900.24,3.0,Female,Debit Card,Clothing,Istinye Park,13/09/2021
C109622,23.0,179.2,5.0,Female,Cash,Toys,Mall of Istanbul,9/2/2023
C109630,56.0,71.68,2.0,Female,Credit Card,Toys,Metropol AVM,13/06/2022
C109632,29.0,1500.4,5.0,Female,Credit Card,Clothing,Metrocity,6/6/2021
C109634,25.0,600.16,2.0,Female,Cash,Clothing,Cevahir AVM,20/09/2021
C109646,52.0,71.68,2.0,Female,Credit Card,Toys,Metrocity,10/3/2022
C109649,24.0,203.3,5.0,Male,Debit Card,Cosmetics,Istinye Park,6/2/2022
C109650,64.0,300.08,1.0,Female,Cash,Clothing,Istinye Park,27/12/2022
C109654,49.0,1200.32,4.0,Female,Credit Card,Clothing,Cevahir AVM,25/04/2021
C109655,19.0,1200.34,2.0,Male,Credit Card,Shoes,Viaport Outlet,4/10/2021
C109656,48.0,1500.4,5.0,Female,Credit Card,Clothing,Mall of Istanbul,26/11/2022
C109657,46.0,3150.0,3.0,Male,Debit Card,Technology,Cevahir AVM,9/3/2021
C109658,65.0,162.64,4.0,Female,Credit Card,Cosmetics,Kanyon,16/03/2022
C109659,44.0,35.19,3.0,Female,Credit Card,Souvenir,Zorlu Center,29/01/2021
C109663,51.0,162.64,4.0,Male,Cash,Cosmetics,Istinye Park,28/04/2021
C109664,34.0,1500.4,5.0,Female,Cash,Clothing,Metropol AVM,21/12/2021
C109667,44.0,2400.68,4.0,Female,Debit Card,Shoes,Metrocity,29/03/2021
C109670,28.0,900.24,3.0,Female,Cash,Clothing,Metrocity,10/1/2021
C109672,54.0,162.64,4.0,Male,Debit Card,Cosmetics,Metrocity,20/11/2022
C109676,43.0,4200.0,4.0,Male,Credit Card,Technology,Metropol AVM,21/04/2021
C109677,32.0,1500.4,5.0,Male,Credit Card,Clothing,Forum Istanbul,15/12/2022
C109679,61.0,1500.4,5.0,Female,Credit Card,Clothing,Metrocity,4/12/2021
C109680,66.0,162.64,4.0,Female,Cash,Cosmetics,Metrocity,18/10/2022
C109681,28.0,600.16,2.0,Male,Cash,Clothing,Emaar Square Mall,19/07/2022
C109682,49.0,600.16,2.0,Female,Debit Card,Clothing,Mall of Istanbul,11/2/2023
C109686,52.0,300.08,1.0,Female,Debit Card,Clothing,Metrocity,3/2/2021
C109687,29.0,900.24,3.0,Female,Debit Card,Clothing,Kanyon,13/03/2021
C109688,54.0,1200.32,4.0,Female,Cash,Clothing,Istinye Park,16/10/2022
C109694,46.0,300.08,1.0,Male,Credit Card,Clothing,Kanyon,20/06/2022
C109696,37.0,81.32,2.0,Female,Debit Card,Cosmetics,Metropol AVM,5/3/2021
C109700,22.0,600.16,2.0,Female,Cash,Clothing,Metrocity,26/10/2021
C109707,38.0,600.16,2.0,Female,Cash,Clothing,Cevahir AVM,9/8/2022
C109712,62.0,2100.0,2.0,Male,Cash,Technology,Viaport Outlet,1/9/2022
C109714,61.0,20.92,4.0,Female,Cash,Food & Beverage,Istinye Park,3/1/2023
C109718,50.0,81.32,2.0,Male,Cash,Cosmetics,Kanyon,26/04/2022
C109724,38.0,1800.51,3.0,Female,Credit Card,Shoes,Forum Istanbul,2/5/2022
C109725,42.0,15.69,3.0,Female,Credit Card,Food & Beverage,Mall of Istanbul,30/06/2021
C109728,68.0,1200.32,4.0,Male,Credit Card,Clothing,Mall of Istanbul,12/8/2021
C109730,68.0,300.08,1.0,Female,Cash,Clothing,Mall of Istanbul,30/07/2022
C109732,30.0,3150.0,3.0,Female,Credit Card,Technology,Istinye Park,27/10/2021
C109734,47.0,81.32,2.0,Male,Cash,Cosmetics,Kanyon,4/10/2021
C109738,69.0,15.69,3.0,Female,Debit Card,Food & Beverage,Istinye Park,22/08/2022
C109747,32.0,1200.32,4.0,Female,Credit Card,Clothing,Metrocity,18/02/2021
C109748,66.0,1200.34,2.0,Female,Credit Card,Shoes,Kanyon,21/11/2021
C109749,20.0,23.46,2.0,Female,Debit Card,Souvenir,Metropol AVM,21/01/2023
C109754,56.0,600.16,2.0,Male,Cash,Clothing,Viaport Outlet,11/1/2021
C109755,33.0,900.24,3.0,Female,Cash,Clothing,Emaar Square Mall,18/02/2021
C109758,50.0,600.16,2.0,Male,Credit Card,Clothing,Viaport Outlet,20/05/2022
C109759,34.0,179.2,5.0,Female,Cash,Toys,Cevahir AVM,11/11/2021
C109761,28.0,1800.51,3.0,Female,Debit Card,Shoes,Zorlu Center,2/2/2022
C109762,47.0,143.36,4.0,Female,Cash,Toys,Forum Istanbul,31/01/2023
C109763,21.0,1200.32,4.0,Female,Credit Card,Clothing,Metropol AVM,7/6/2022
C109766,60.0,2400.68,4.0,Female,Cash,Shoes,Metrocity,22/02/2023
C109771,65.0,35.84,1.0,Male,Cash,Toys,Kanyon,28/05/2022
C109776,43.0,5.23,1.0,Male,Debit Card,Food & Beverage,Forum Istanbul,3/10/2021
C109788,31.0,107.52,3.0,Female,Cash,Toys,Metropol AVM,17/01/2022
C109790,56.0,600.16,2.0,Female,Credit Card,Clothing,Kanyon,6/10/2021
C109795,32.0,300.08,1.0,Female,Credit Card,Clothing,Istinye Park,8/1/2021
C109796,67.0,107.52,3.0,Female,Cash,Toys,Metropol AVM,30/05/2021
C109799,39.0,121.98,3.0,Female,Cash,Cosmetics,Forum Istanbul,14/08/2022
C109800,44.0,600.16,2.0,Female,Cash,Clothing,Mall of Istanbul,27/07/2021
C109808,48.0,600.16,2.0,Female,Credit Card,Clothing,Mall of Istanbul,6/11/2021
C109814,66.0,300.08,1.0,Male,Debit Card,Clothing,Metropol AVM,22/05/2022
C109815,55.0,1500.4,5.0,Female,Cash,Clothing,Kanyon,6/10/2021
C109816,61.0,3000.85,5.0,Female,Credit Card,Shoes,Metrocity,13/09/2022
C109819,68.0,600.16,2.0,Male,Debit Card,Clothing,Kanyon,28/03/2021
C109820,39.0,15.69,3.0,Male,Credit Card,Food & Beverage,Viaport Outlet,2/12/2022
C109824,63.0,23.46,2.0,Female,Cash,Souvenir,Viaport Outlet,13/06/2022
C109826,55.0,1500.4,5.0,Female,Cash,Clothing,Istinye Park,15/03/2022
C109827,37.0,121.98,3.0,Male,Cash,Cosmetics,Kanyon,11/7/2021
C109831,55.0,900.24,3.0,Male,Cash,Clothing,Zorlu Center,11/7/2021
C109832,24.0,121.98,3.0,Female,Debit Card,Cosmetics,Mall of Istanbul,3/9/2022
C109835,44.0,900.24,3.0,Male,Cash,Clothing,Metropol AVM,18/02/2022
C109839,41.0,179.2,5.0,Female,Credit Card,Toys,Viaport Outlet,26/09/2022
C109842,27.0,71.68,2.0,Female,Credit Card,Toys,Forum Istanbul,5/9/2022
C109846,35.0,1800.51,3.0,Female,Credit Card,Shoes,Metrocity,17/09/2022
C109847,57.0,40.66,1.0,Female,Debit Card,Cosmetics,Mall of Istanbul,13/04/2021
C109848,23.0,1200.32,4.0,Female,Cash,Clothing,Istinye Park,19/09/2021
C109851,55.0,1200.32,4.0,Female,Credit Card,Clothing,Mall of Istanbul,22/09/2022
C109853,29.0,107.52,3.0,Female,Cash,Toys,Metropol AVM,22/05/2022
C109865,21.0,121.98,3.0,Male,Cash,Cosmetics,Zorlu Center,19/10/2021
C109869,30.0,20.92,4.0,Female,Debit Card,Food & Beverage,Metrocity,19/03/2021
C109871,38.0,26.15,5.0,Male,Cash,Food & Beverage,Mall of Istanbul,21/08/2022
C109875,29.0,1200.34,2.0,Female,Cash,Shoes,Zorlu Center,20/03/2022
C109876,25.0,600.16,2.0,Male,Cash,Clothing,Mall of Istanbul,22/02/2023
C109877,41.0,300.08,1.0,Male,Cash,Clothing,Kanyon,2/12/2021
C109878,27.0,121.98,3.0,Male,Cash,Cosmetics,Kanyon,28/06/2022
C109879,47.0,40.66,1.0,Female,Cash,Cosmetics,Kanyon,25/06/2021
C109880,25.0,1800.51,3.0,Female,Cash,Shoes,Metrocity,12/10/2021
C109884,37.0,600.16,2.0,Male,Debit Card,Clothing,Kanyon,5/6/2022
C109885,49.0,58.65,5.0,Male,Cash,Souvenir,Metropol AVM,10/5/2022
C109887,39.0,203.3,5.0,Male,Credit Card,Cosmetics,Istinye Park,28/07/2022
C109888,48.0,81.32,2.0,Male,Credit Card,Cosmetics,Cevahir AVM,29/07/2022
C109890,42.0,81.32,2.0,Female,Debit Card,Cosmetics,Mall of Istanbul,30/05/2022
C109891,44.0,3000.85,5.0,Female,Cash,Shoes,Cevahir AVM,17/03/2021
C109894,60.0,1200.32,4.0,Female,Credit Card,Clothing,Forum Istanbul,2/9/2021
C109895,46.0,600.17,1.0,Male,Debit Card,Shoes,Kanyon,30/03/2021
C109904,29.0,179.2,5.0,Male,Cash,Toys,Kanyon,3/5/2021
C109905,33.0,300.08,1.0,Female,Credit Card,Clothing,Metrocity,4/1/2022
C109915,55.0,1500.4,5.0,Male,Cash,Clothing,Kanyon,6/1/2021
C109916,47.0,26.15,5.0,Female,Debit Card,Food & Beverage,Metrocity,16/08/2022
C109917,65.0,75.75,5.0,Female,Credit Card,Books,Mall of Istanbul,27/12/2022
C109918,25.0,20.92,4.0,Female,Credit Card,Food & Beverage,Istinye Park,13/01/2022
C109921,21.0,3000.85,5.0,Female,Cash,Shoes,Kanyon,14/12/2021
C109923,49.0,900.24,3.0,Male,Cash,Clothing,Metropol AVM,11/2/2021
C109924,31.0,121.98,3.0,Female,Debit Card,Cosmetics,Forum Istanbul,28/01/2023
C109925,46.0,23.46,2.0,Male,Cash,Souvenir,Kanyon,19/06/2021
C109926,64.0,1500.4,5.0,Female,Cash,Clothing,Kanyon,28/02/2021
C109928,60.0,162.64,4.0,Male,Credit Card,Cosmetics,Kanyon,2/4/2022
C109929,45.0,900.24,3.0,Female,Credit Card,Clothing,Viaport Outlet,18/04/2022
C109931,45.0,600.17,1.0,Male,Cash,Shoes,Mall of Istanbul,2/4/2022
C109934,58.0,20.92,4.0,Female,Cash,Food & Beverage,Mall of Istanbul,14/04/2021
C109937,38.0,600.16,2.0,Female,Cash,Clothing,Metropol AVM,2/1/2023
C109939,34.0,900.24,3.0,Male,Debit Card,Clothing,Mall of Istanbul,10/7/2022
C109941,42.0,162.64,4.0,Female,Debit Card,Cosmetics,Zorlu Center,21/07/2022
C109943,26.0,15.15,1.0,Female,Cash,Books,Kanyon,3/3/2022
C109945,57.0,11.73,1.0,Female,Cash,Souvenir,Metrocity,15/10/2022
C109949,52.0,2100.0,2.0,Female,Debit Card,Technology,Kanyon,23/03/2022
C109952,67.0,1500.4,5.0,Female,Debit Card,Clothing,Istinye Park,10/12/2021
C109957,69.0,71.68,2.0,Female,Credit Card,Toys,Kanyon,6/4/2022
C109959,36.0,30.3,2.0,Female,Credit Card,Books,Zorlu Center,25/03/2021
C109964,66.0,1200.34,2.0,Male,Debit Card,Shoes,Viaport Outlet,9/5/2021
C109965,20.0,40.66,1.0,Female,Debit Card,Cosmetics,Kanyon,8/12/2022
C109967,30.0,1200.32,4.0,Male,Credit Card,Clothing,Zorlu Center,11/12/2021
C109968,30.0,20.92,4.0,Male,Debit Card,Food & Beverage,Istinye Park,2/3/2021
C109969,48.0,71.68,2.0,Female,Cash,Toys,Metrocity,23/11/2022
C109970,36.0,26.15,5.0,Male,Cash,Food & Beverage,Istinye Park,15/01/2023
C109972,63.0,179.2,5.0,Female,Credit Card,Toys,Metropol AVM,3/1/2021
C109973,22.0,40.66,1.0,Female,Cash,Cosmetics,Metropol AVM,28/10/2022
C109975,62.0,600.16,2.0,Female,Credit Card,Clothing,Viaport Outlet,11/8/2022
C109977,54.0,3150.0,3.0,Female,Debit Card,Technology,Metrocity,20/04/2021
C109981,41.0,58.65,5.0,Female,Debit Card,Souvenir,Istinye Park,21/09/2021
C109984,37.0,1500.4,5.0,Male,Credit Card,Clothing,Istinye Park,5/6/2021
C109989,29.0,5.23,1.0,Female,Debit Card,Food & Beverage,Metrocity,17/11/2022
C109993,66.0,1200.32,4.0,Male,Credit Card,Clothing,Forum Istanbul,10/7/2021
C109995,52.0,1200.32,4.0,Female,Cash,Clothing,Metrocity,21/01/2021
C109999,57.0,3000.85,5.0,Female,Credit Card,Shoes,Kanyon,11/4/2021
C110001,30.0,300.08,1.0,Female,Cash,Clothing,Emaar Square Mall,2/11/2022
C110006,67.0,71.68,2.0,Male,Credit Card,Toys,Mall of Istanbul,30/05/2022
C110014,69.0,162.64,4.0,Female,Cash,Cosmetics,Mall of Istanbul,24/01/2023
C110026,45.0,1800.51,3.0,Female,Credit Card,Shoes,Kanyon,22/12/2021
C110029,18.0,107.52,3.0,Female,Credit Card,Toys,Kanyon,1/3/2021
C110035,56.0,15.69,3.0,Female,Debit Card,Food & Beverage,Istinye Park,19/10/2021
C110040,54.0,600.16,2.0,Female,Credit Card,Clothing,Kanyon,28/05/2022
C110045,21.0,2400.68,4.0,Female,Cash,Shoes,Mall of Istanbul,14/01/2021
C110047,61.0,75.75,5.0,Male,Debit Card,Books,Kanyon,18/10/2022
C110051,49.0,20.92,4.0,Female,Credit Card,Food & Beverage,Forum Istanbul,17/12/2022
C110052,48.0,2100.0,2.0,Female,Credit Card,Technology,Metrocity,5/7/2021
C110058,54.0,1200.32,4.0,Female,Debit Card,Clothing,Kanyon,18/05/2021
C110059,23.0,600.16,2.0,Male,Credit Card,Clothing,Istinye Park,15/07/2022
C110061,65.0,300.08,1.0,Male,Cash,Clothing,Zorlu Center,19/04/2022
C110070,49.0,30.3,2.0,Female,Credit Card,Books,Kanyon,29/05/2022
C110072,40.0,1800.51,3.0,Male,Credit Card,Shoes,Zorlu Center,10/9/2021
C110074,41.0,40.66,1.0,Female,Credit Card,Cosmetics,Kanyon,12/9/2022
C110077,26.0,1200.32,4.0,Male,Cash,Clothing,Istinye Park,5/1/2021
C110081,61.0,600.16,2.0,Female,Credit Card,Clothing,Kanyon,13/09/2022
C110082,18.0,81.32,2.0,Male,Cash,Cosmetics,Mall of Istanbul,25/01/2023
C110083,66.0,600.16,2.0,Female,Cash,Clothing,Forum Istanbul,26/07/2022
C110084,35.0,203.3,5.0,Male,Cash,Cosmetics,Mall of Istanbul,8/8/2022
C110087,25.0,2100.0,2.0,Female,Cash,Technology,Cevahir AVM,29/05/2021
C110091,67.0,600.16,2.0,Male,Credit Card,Clothing,Emaar Square Mall,13/03/2021
C110093,30.0,107.52,3.0,Female,Cash,Toys,Metropol AVM,21/03/2021
C110100,24.0,300.08,1.0,Male,Credit Card,Clothing,Mall of Istanbul,24/07/2021
C110102,23.0,3150.0,3.0,Female,Credit Card,Technology,Mall of Istanbul,16/10/2022
C110110,25.0,15.15,1.0,Male,Credit Card,Books,Metrocity,28/09/2021
C110111,57.0,203.3,5.0,Female,Credit Card,Cosmetics,Zorlu Center,1/1/2022
C110113,36.0,30.3,2.0,Female,Debit Card,Books,Mall of Istanbul,5/1/2023
C110117,30.0,107.52,3.0,Male,Cash,Toys,Zorlu Center,6/3/2022
C110119,20.0,600.16,2.0,Male,Credit Card,Clothing,Mall of Istanbul,24/02/2021
C110120,21.0,179.2,5.0,Male,Credit Card,Toys,Viaport Outlet,25/10/2021
C110123,36.0,179.2,5.0,Female,Credit Card,Toys,Mall of Istanbul,16/09/2021
C110127,22.0,900.24,3.0,Female,Credit Card,Clothing,Mall of Istanbul,21/10/2021
C110142,41.0,26.15,5.0,Male,Cash,Food & Beverage,Metropol AVM,11/2/2022
C110143,34.0,15.69,3.0,Male,Cash,Food & Beverage,Kanyon,25/06/2021
C110144,64.0,300.08,1.0,Male,Debit Card,Clothing,Mall of Istanbul,25/07/2022
C110148,47.0,1200.32,4.0,Female,Credit Card,Clothing,Istinye Park,31/05/2021
C110152,44.0,107.52,3.0,Male,Credit Card,Toys,Kanyon,22/05/2021
C110156,40.0,15.69,3.0,Female,Cash,Food & Beverage,Mall of Istanbul,7/6/2022
C110158,65.0,35.19,3.0,Male,Debit Card,Souvenir,Kanyon,10/10/2022
C110164,24.0,600.16,2.0,Female,Cash,Clothing,Mall of Istanbul,4/3/2022
C110171,45.0,203.3,5.0,Female,Credit Card,Cosmetics,Metropol AVM,7/4/2021
C110177,32.0,1500.4,5.0,Female,Cash,Clothing,Metrocity,2/1/2021
C110178,58.0,5.23,1.0,Female,Credit Card,Food & Beverage,Mall of Istanbul,21/10/2022
C110182,60.0,1200.32,4.0,Female,Cash,Clothing,Istinye Park,9/3/2022
C110183,19.0,300.08,1.0,Male,Cash,Clothing,Mall of Istanbul,6/3/2023
C110185,63.0,1200.32,4.0,Female,Credit Card,Clothing,Viaport Outlet,12/11/2021
C110186,34.0,35.19,3.0,Female,Debit Card,Souvenir,Metrocity,20/05/2021
C110189,36.0,11.73,1.0,Female,Cash,Souvenir,Istinye Park,3/2/2023
C110194,38.0,900.24,3.0,Female,Cash,Clothing,Forum Istanbul,22/12/2022
C110195,34.0,20.92,4.0,Female,Cash,Food & Beverage,Metropol AVM,26/08/2021
C110196,18.0,81.32,2.0,Female,Credit Card,Cosmetics,Mall of Istanbul,18/02/2021
C110197,23.0,300.08,1.0,Female,Credit Card,Clothing,Forum Istanbul,11/7/2021
C110199,20.0,81.32,2.0,Female,Cash,Cosmetics,Zorlu Center,17/01/2022
C110201,45.0,121.98,3.0,Female,Credit Card,Cosmetics,Cevahir AVM,24/11/2021
C110203,51.0,5.23,1.0,Male,Cash,Food & Beverage,Forum Istanbul,18/08/2022
C110211,24.0,179.2,5.0,Female,Credit Card,Toys,Metropol AVM,13/07/2022
C110212,45.0,5250.0,5.0,Male,Debit Card,Technology,Zorlu Center,24/08/2021
C110216,69.0,107.52,3.0,Female,Cash,Toys,Mall of Istanbul,17/04/2022
C110223,24.0,900.24,3.0,Female,Debit Card,Clothing,Kanyon,9/7/2021
C110224,58.0,1500.4,5.0,Male,Debit Card,Clothing,Kanyon,11/10/2022
C110227,69.0,107.52,3.0,Female,Cash,Toys,Cevahir AVM,14/08/2021
C110232,60.0,1500.4,5.0,Female,Debit Card,Clothing,Metrocity,11/2/2022
C110238,56.0,107.52,3.0,Female,Credit Card,Toys,Mall of Istanbul,24/02/2023
C110247,35.0,35.19,3.0,Female,Credit Card,Souvenir,Metropol AVM,19/04/2022
C110249,57.0,40.66,1.0,Female,Debit Card,Cosmetics,Kanyon,6/12/2021
C110250,28.0,2400.68,4.0,Male,Credit Card,Shoes,Viaport Outlet,17/12/2021
C110252,39.0,1500.4,5.0,Female,Credit Card,Clothing,Metrocity,20/05/2022
C110256,40.0,203.3,5.0,Female,Cash,Cosmetics,Istinye Park,20/11/2021
C110259,30.0,600.16,2.0,Female,Credit Card,Clothing,Istinye Park,7/8/2022
C110260,30.0,15.69,3.0,Male,Credit Card,Food & Beverage,Metrocity,7/3/2023
C110262,62.0,600.16,2.0,Female,Debit Card,Clothing,Metrocity,17/05/2021
C110264,62.0,20.92,4.0,Female,Credit Card,Food & Beverage,Zorlu Center,30/10/2022
C110265,49.0,20.92,4.0,Male,Credit Card,Food & Beverage,Kanyon,28/08/2022
C110267,23.0,1200.32,4.0,Male,Debit Card,Clothing,Kanyon,25/03/2022
C110270,37.0,1200.32,4.0,Male,Credit Card,Clothing,Kanyon,9/5/2021
C110272,21.0,71.68,2.0,Female,Cash,Toys,Forum Istanbul,25/10/2021
C110273,57.0,10.46,2.0,Male,Cash,Food & Beverage,Cevahir AVM,2/10/2021
C110274,44.0,600.17,1.0,Female,Debit Card,Shoes,Mall of Istanbul,1/9/2022
C110275,48.0,20.92,4.0,Male,Cash,Food & Beverage,Kanyon,24/07/2021
C110278,52.0,5250.0,5.0,Male,Credit Card,Technology,Mall of Istanbul,1/12/2022
C110279,20.0,600.16,2.0,Female,Credit Card,Clothing,Metrocity,20/10/2021
C110282,33.0,600.16,2.0,Female,Debit Card,Clothing,Istinye Park,22/06/2022
C110285,30.0,179.2,5.0,Male,Cash,Toys,Cevahir AVM,31/10/2021
C110290,55.0,600.17,1.0,Male,Cash,Shoes,Istinye Park,29/06/2022
C110297,66.0,46.92,4.0,Male,Cash,Souvenir,Zorlu Center,11/9/2021
C110301,46.0,5.23,1.0,Male,Cash,Food & Beverage,Metropol AVM,22/12/2021
C110304,67.0,2400.68,4.0,Female,Debit Card,Shoes,Kanyon,9/12/2022
C110306,46.0,2400.68,4.0,Male,Debit Card,Shoes,Kanyon,10/1/2023
C110307,65.0,900.24,3.0,Male,Credit Card,Clothing,Istinye Park,15/04/2021
C110309,26.0,75.75,5.0,Male,Credit Card,Books,Kanyon,15/10/2022
C110317,69.0,1050.0,1.0,Male,Cash,Technology,Kanyon,4/9/2022
C110320,69.0,300.08,1.0,Female,Credit Card,Clothing,Kanyon,27/04/2021
C110323,68.0,1200.32,4.0,Female,Cash,Clothing,Viaport Outlet,22/05/2021
C110325,47.0,5.23,1.0,Female,Cash,Food & Beverage,Zorlu Center,22/06/2021
C110329,32.0,1500.4,5.0,Female,Debit Card,Clothing,Mall of Istanbul,30/04/2022
C110332,55.0,162.64,4.0,Female,Credit Card,Cosmetics,Zorlu Center,14/09/2021
C110334,65.0,1500.4,5.0,Female,Cash,Clothing,Istinye Park,22/12/2022
C110336,43.0,10.46,2.0,Male,Cash,Food & Beverage,Kanyon,16/12/2021
C110338,45.0,300.08,1.0,Female,Debit Card,Clothing,Cevahir AVM,20/02/2021
C110339,58.0,1200.34,2.0,Male,Cash,Shoes,Mall of Istanbul,5/6/2022
C110356,65.0,600.16,2.0,Female,Credit Card,Clothing,Istinye Park,22/11/2022
C110364,54.0,1500.4,5.0,Female,Cash,Clothing,Metropol AVM,13/02/2023
C110365,22.0,81.32,2.0,Male,Cash,Cosmetics,Kanyon,18/06/2022
C110369,38.0,35.19,3.0,Female,Credit Card,Souvenir,Cevahir AVM,17/05/2022
C110370,49.0,45.45,3.0,Male,Debit Card,Books,Mall of Istanbul,11/5/2022
C110372,34.0,900.24,3.0,Male,Debit Card,Clothing,Metropol AVM,18/11/2022
C110373,58.0,1500.4,5.0,Female,Cash,Clothing,Mall of Istanbul,28/04/2021
C110374,36.0,121.98,3.0,Male,Cash,Cosmetics,Metrocity,4/8/2021
C110375,48.0,5.23,1.0,Female,Cash,Food & Beverage,Mall of Istanbul,1/11/2021
C110376,44.0,15.15,1.0,Male,Cash,Books,Kanyon,12/10/2022
C110378,57.0,11.73,1.0,Female,Cash,Souvenir,Mall of Istanbul,11/3/2022
C110379,29.0,35.84,1.0,Female,Credit Card,Toys,Emaar Square Mall,28/01/2023
C110386,64.0,600.16,2.0,Male,Cash,Clothing,Metrocity,24/11/2021
C110388,28.0,900.24,3.0,Male,Credit Card,Clothing,Metropol AVM,20/05/2021
C110389,27.0,1800.51,3.0,Female,Debit Card,Shoes,Metrocity,1/1/2023
C110391,59.0,81.32,2.0,Female,Credit Card,Cosmetics,Kanyon,30/05/2021
C110392,31.0,179.2,5.0,Female,Debit Card,Toys,Viaport Outlet,8/8/2021
C110395,37.0,11.73,1.0,Female,Debit Card,Souvenir,Mall of Istanbul,15/12/2021
C110397,45.0,600.16,2.0,Female,Credit Card,Clothing,Metrocity,15/02/2022
C110400,60.0,300.08,1.0,Female,Cash,Clothing,Cevahir AVM,3/11/2021
C110405,23.0,2100.0,2.0,Male,Credit Card,Technology,Metrocity,15/07/2021
C110406,59.0,1500.4,5.0,Male,Credit Card,Clothing,Mall of Istanbul,2/6/2022
C110407,62.0,1200.32,4.0,Male,Debit Card,Clothing,Metropol AVM,24/04/2022
C110408,44.0,900.24,3.0,Female,Cash,Clothing,Kanyon,14/05/2022
C110411,25.0,107.52,3.0,Female,Cash,Toys,Istinye Park,7/5/2022
C110415,26.0,40.66,1.0,Female,Debit Card,Cosmetics,Kanyon,28/09/2021
C110426,37.0,107.52,3.0,Female,Credit Card,Toys,Metropol AVM,13/04/2021
C110428,42.0,5250.0,5.0,Female,Credit Card,Technology,Zorlu Center,19/10/2021
C110429,39.0,900.24,3.0,Female,Credit Card,Clothing,Istinye Park,16/11/2021
C110431,30.0,60.6,4.0,Female,Credit Card,Books,Viaport Outlet,7/7/2021
C110442,33.0,3000.85,5.0,Male,Debit Card,Shoes,Cevahir AVM,21/05/2022
C110445,50.0,2100.0,2.0,Female,Cash,Technology,Mall of Istanbul,29/09/2021
C110446,67.0,11.73,1.0,Male,Cash,Souvenir,Metrocity,9/1/2022
C110449,38.0,143.36,4.0,Female,Cash,Toys,Metropol AVM,11/8/2022
C110454,49.0,1200.32,4.0,Female,Credit Card,Clothing,Kanyon,1/3/2021
C110458,40.0,300.08,1.0,Male,Cash,Clothing,Mall of Istanbul,2/6/2021
C110460,25.0,45.45,3.0,Female,Cash,Books,Viaport Outlet,1/12/2022
C110465,63.0,203.3,5.0,Female,Credit Card,Cosmetics,Kanyon,23/01/2023
C110468,40.0,1200.32,4.0,Male,Cash,Clothing,Kanyon,1/9/2021
C110469,49.0,75.75,5.0,Female,Credit Card,Books,Metropol AVM,28/02/2021
C110471,29.0,600.16,2.0,Male,Cash,Clothing,Metrocity,28/12/2022
C110476,22.0,20.92,4.0,Male,Credit Card,Food & Beverage,Emaar Square Mall,4/3/2023
C110477,66.0,600.16,2.0,Female,Cash,Clothing,Emaar Square Mall,25/07/2022
C110484,38.0,600.17,1.0,Female,Cash,Shoes,Metropol AVM,7/3/2022
C110485,37.0,900.24,3.0,Male,Credit Card,Clothing,Istinye Park,18/09/2022
C110487,25.0,1200.32,4.0,Male,Cash,Clothing,Kanyon,4/1/2022
C110489,52.0,600.16,2.0,Female,Cash,Clothing,Zorlu Center,12/2/2023
C110496,48.0,15.69,3.0,Female,Credit Card,Food & Beverage,Metropol AVM,5/3/2023
C110497,41.0,5.23,1.0,Female,Debit Card,Food & Beverage,Kanyon,4/3/2021
C110500,39.0,600.16,2.0,Male,Cash,Clothing,Metropol AVM,28/08/2021
C110505,58.0,10.46,2.0,Female,Cash,Food & Beverage,Kanyon,22/01/2023
C110508,49.0,2400.68,4.0,Female,Credit Card,Shoes,Mall of Istanbul,16/11/2021
C110509,55.0,600.17,1.0,Male,Credit Card,Shoes,Kanyon,23/12/2022
C110513,35.0,15.69,3.0,Female,Credit Card,Food & Beverage,Kanyon,25/01/2022
C110518,34.0,900.24,3.0,Female,Cash,Clothing,Metrocity,9/12/2021
C110520,23.0,1500.4,5.0,Female,Credit Card,Clothing,Metrocity,2/3/2023
C110523,51.0,5.23,1.0,Female,Cash,Food & Beverage,Kanyon,21/05/2022
C110529,46.0,15.15,1.0,Female,Credit Card,Books,Metropol AVM,9/4/2021
C110534,54.0,1200.32,4.0,Female,Cash,Clothing,Istinye Park,21/05/2022
C110544,24.0,3000.85,5.0,Female,Cash,Shoes,Mall of Istanbul,30/09/2022
C110545,67.0,121.98,3.0,Female,Credit Card,Cosmetics,Kanyon,4/3/2023
C110547,60.0,143.36,4.0,Female,Cash,Toys,Istinye Park,9/2/2022
C110558,41.0,162.64,4.0,Female,Cash,Cosmetics,Metrocity,29/05/2022
C110559,36.0,45.45,3.0,Female,Credit Card,Books,Mall of Istanbul,13/08/2021
C110564,57.0,15.69,3.0,Female,Credit Card,Food & Beverage,Mall of Istanbul,2/12/2022
C110568,26.0,1500.4,5.0,Male,Credit Card,Clothing,Emaar Square Mall,12/5/2022
C110569,41.0,5.23,1.0,Male,Cash,Food & Beverage,Metropol AVM,5/12/2021
C110573,24.0,1500.4,5.0,Male,Cash,Clothing,Kanyon,28/12/2021
C110577,54.0,15.15,1.0,Female,Credit Card,Books,Cevahir AVM,12/1/2021
C110578,39.0,35.84,1.0,Male,Debit Card,Toys,Mall of Istanbul,3/3/2023
C110579,44.0,900.24,3.0,Female,Credit Card,Clothing,Forum Istanbul,20/10/2021
C110583,66.0,46.92,4.0,Male,Debit Card,Souvenir,Cevahir AVM,18/10/2022
C110584,22.0,300.08,1.0,Female,Credit Card,Clothing,Mall of Istanbul,26/12/2021
C110588,43.0,75.75,5.0,Male,Credit Card,Books,Kanyon,2/11/2022
C110595,24.0,15.69,3.0,Male,Cash,Food & Beverage,Kanyon,28/04/2022
C110596,22.0,2100.0,2.0,Male,Cash,Technology,Mall of Istanbul,23/02/2021
C110600,40.0,5250.0,5.0,Female,Credit Card,Technology,Mall of Istanbul,11/10/2022
C110601,37.0,20.92,4.0,Male,Credit Card,Food & Beverage,Forum Istanbul,16/07/2022
C110606,46.0,300.08,1.0,Female,Credit Card,Clothing,Metropol AVM,6/12/2022
C110609,61.0,1500.4,5.0,Female,Credit Card,Clothing,Cevahir AVM,16/01/2022
C110613,62.0,58.65,5.0,Female,Debit Card,Souvenir,Mall of Istanbul,18/06/2021
C110615,56.0,1200.34,2.0,Female,Cash,Shoes,Mall of Istanbul,5/1/2023
C110619,39.0,20.92,4.0,Male,Credit Card,Food & Beverage,Viaport Outlet,10/6/2021
C110620,27.0,4200.0,4.0,Male,Debit Card,Technology,Metropol AVM,12/3/2022
C110625,39.0,5250.0,5.0,Female,Cash,Technology,Kanyon,16/07/2022
C110626,51.0,162.64,4.0,Male,Cash,Cosmetics,Istinye Park,9/2/2023
C110628,59.0,20.92,4.0,Male,Debit Card,Food & Beverage,Metrocity,24/12/2022
C110629,50.0,81.32,2.0,Male,Debit Card,Cosmetics,Zorlu Center,2/6/2022
C110637,25.0,40.66,1.0,Female,Debit Card,Cosmetics,Mall of Istanbul,11/5/2021
C110641,22.0,30.3,2.0,Male,Cash,Books,Metrocity,21/01/2021
C110642,59.0,300.08,1.0,Male,Cash,Clothing,Metrocity,5/7/2022
C110647,25.0,300.08,1.0,Male,Credit Card,Clothing,Metrocity,3/12/2022
C110650,41.0,35.19,3.0,Female,Credit Card,Souvenir,Istinye Park,3/9/2022
C110654,47.0,162.64,4.0,Female,Cash,Cosmetics,Cevahir AVM,15/05/2021
C110655,50.0,600.16,2.0,Female,Credit Card,Clothing,Metropol AVM,30/10/2022
C110657,57.0,81.32,2.0,Male,Credit Card,Cosmetics,Forum Istanbul,4/4/2022
C110661,43.0,300.08,1.0,Female,Debit Card,Clothing,Kanyon,13/02/2023
C110665,25.0,40.66,1.0,Male,Cash,Cosmetics,Metrocity,15/05/2021
C110666,25.0,203.3,5.0,Female,Credit Card,Cosmetics,Metrocity,27/03/2022
C110667,60.0,4200.0,4.0,Female,Cash,Technology,Metrocity,16/06/2021
C110672,33.0,162.64,4.0,Male,Cash,Cosmetics,Viaport Outlet,3/5/2022
C110675,45.0,5.23,1.0,Female,Credit Card,Food & Beverage,Zorlu Center,26/09/2022
C110689,21.0,900.24,3.0,Female,Cash,Clothing,Metropol AVM,28/11/2022
C110692,51.0,5250.0,5.0,Female,Cash,Technology,Mall of Istanbul,27/06/2022
C110695,34.0,4200.0,4.0,Male,Credit Card,Technology,Metropol AVM,16/02/2021
C110696,26.0,1800.51,3.0,Female,Debit Card,Shoes,Mall of Istanbul,13/03/2021
C110697,65.0,35.84,1.0,Female,Credit Card,Toys,Metrocity,9/1/2023
C110706,67.0,15.69,3.0,Female,Credit Card,Food & Beverage,Mall of Istanbul,1/10/2022
C110711,41.0,5.23,1.0,Female,Cash,Food & Beverage,Kanyon,12/12/2021
C110712,53.0,300.08,1.0,Male,Credit Card,Clothing,Mall of Istanbul,30/08/2022
C110713,61.0,600.16,2.0,Female,Debit Card,Clothing,Kanyon,19/04/2021
C110716,36.0,600.16,2.0,Female,Debit Card,Clothing,Kanyon,1/4/2022
C110717,54.0,107.52,3.0,Male,Debit Card,Toys,Kanyon,10/10/2021
C110723,51.0,15.69,3.0,Female,Cash,Food & Beverage,Forum Istanbul,13/01/2021
C110727,61.0,5.23,1.0,Male,Credit Card,Food & Beverage,Emaar Square Mall,27/02/2021
C110729,33.0,26.15,5.0,Female,Cash,Food & Beverage,Mall of Istanbul,24/07/2021
C110732,50.0,11.73,1.0,Male,Credit Card,Souvenir,Metrocity,23/11/2021
C110733,18.0,121.98,3.0,Female,Credit Card,Cosmetics,Metrocity,17/05/2022
C110737,64.0,600.16,2.0,Male,Cash,Clothing,Istinye Park,27/02/2022
C110738,28.0,600.17,1.0,Female,Credit Card,Shoes,Mall of Istanbul,23/03/2022
C110739,55.0,121.98,3.0,Male,Cash,Cosmetics,Istinye Park,28/10/2022
C110742,61.0,1200.34,2.0,Male,Credit Card,Shoes,Metrocity,17/02/2021
C110744,30.0,35.19,3.0,Male,Cash,Souvenir,Cevahir AVM,15/02/2021
C110747,35.0,600.16,2.0,Male,Debit Card,Clothing,Metropol AVM,14/12/2021
C110754,51.0,300.08,1.0,Female,Credit Card,Clothing,Metrocity,5/3/2021
C110755,22.0,75.75,5.0,Female,Cash,Books,Kanyon,2/9/2022
C110757,66.0,203.3,5.0,Male,Debit Card,Cosmetics,Metrocity,30/07/2022
C110762,44.0,600.17,1.0,Female,Cash,Shoes,Istinye Park,9/3/2021
C110768,46.0,300.08,1.0,Male,Credit Card,Clothing,Metropol AVM,29/03/2021
C110771,22.0,1500.4,5.0,Male,Cash,Clothing,Mall of Istanbul,6/7/2021
C110774,51.0,1500.4,5.0,Male,Credit Card,Clothing,Kanyon,19/02/2021
C110777,18.0,11.73,1.0,Male,Credit Card,Souvenir,Mall of Istanbul,28/02/2022
C110782,56.0,600.16,2.0,Male,Credit Card,Clothing,Metrocity,7/12/2021
C110783,42.0,20.92,4.0,Female,Cash,Food & Beverage,Kanyon,27/05/2022
C110784,41.0,26.15,5.0,Male,Cash,Food & Beverage,Kanyon,7/10/2022
C110786,37.0,40.66,1.0,Male,Credit Card,Cosmetics,Istinye Park,10/11/2021
C110788,46.0,143.36,4.0,Female,Debit Card,Toys,Mall of Istanbul,23/08/2022
C110789,42.0,1500.4,5.0,Female,Cash,Clothing,Mall of Istanbul,16/02/2021
C110791,40.0,900.24,3.0,Female,Cash,Clothing,Viaport Outlet,10/1/2022
C110795,48.0,40.66,1.0,Female,Credit Card,Cosmetics,Viaport Outlet,11/2/2023
C110796,56.0,900.24,3.0,Male,Credit Card,Clothing,Mall of Istanbul,13/03/2022
C110797,47.0,179.2,5.0,Male,Debit Card,Toys,Kanyon,13/07/2022
C110798,22.0,35.19,3.0,Male,Cash,Souvenir,Metropol AVM,31/05/2021
C110800,48.0,900.24,3.0,Female,Cash,Clothing,Mall of Istanbul,30/09/2022
C110802,55.0,3000.85,5.0,Male,Credit Card,Shoes,Mall of Istanbul,22/12/2021
C110804,62.0,46.92,4.0,Male,Cash,Souvenir,Emaar Square Mall,15/06/2021
C110805,27.0,60.6,4.0,Female,Cash,Books,Mall of Istanbul,16/12/2022
C110807,61.0,20.92,4.0,Male,Cash,Food & Beverage,Viaport Outlet,19/06/2021
C110815,65.0,162.64,4.0,Female,Debit Card,Cosmetics,Forum Istanbul,27/12/2022
C110816,61.0,300.08,1.0,Male,Credit Card,Clothing,Kanyon,28/07/2022
C110822,35.0,10.46,2.0,Male,Credit Card,Food & Beverage,Metropol AVM,8/4/2021
C110823,20.0,121.98,3.0,Male,Cash,Cosmetics,Mall of Istanbul,19/06/2021
C110839,23.0,900.24,3.0,Male,Cash,Clothing,Kanyon,18/01/2021
C110842,59.0,5250.0,5.0,Female,Cash,Technology,Cevahir AVM,5/11/2021
C110843,39.0,121.98,3.0,Female,Cash,Cosmetics,Mall of Istanbul,5/11/2021
C110852,43.0,5.23,1.0,Female,Cash,Food & Beverage,Metropol AVM,27/04/2022
C110853,23.0,1200.32,4.0,Male,Debit Card,Clothing,Cevahir AVM,9/9/2022
C110855,67.0,1200.34,2.0,Female,Debit Card,Shoes,Mall of Istanbul,21/05/2022
C110856,30.0,900.24,3.0,Female,Credit Card,Clothing,Metrocity,5/2/2021
C110861,44.0,40.66,1.0,Male,Debit Card,Cosmetics,Kanyon,11/2/2021
C110862,30.0,162.64,4.0,Female,Cash,Cosmetics,Kanyon,22/05/2022
C110864,34.0,3150.0,3.0,Female,Cash,Technology,Cevahir AVM,18/06/2022
C110866,59.0,600.16,2.0,Female,Credit Card,Clothing,Kanyon,6/4/2022
C110867,66.0,1200.32,4.0,Male,Credit Card,Clothing,Mall of Istanbul,2/1/2023
C110868,46.0,203.3,5.0,Male,Debit Card,Cosmetics,Zorlu Center,7/11/2022
C110869,19.0,1200.32,4.0,Female,Credit Card,Clothing,Emaar Square Mall,10/11/2022
C110871,61.0,2100.0,2.0,Female,Credit Card,Technology,Mall of Istanbul,6/3/2021
C110875,23.0,203.3,5.0,Female,Cash,Cosmetics,Metropol AVM,18/02/2022
C110876,18.0,23.46,2.0,Male,Debit Card,Souvenir,Metropol AVM,16/05/2022
C110877,33.0,10.46,2.0,Male,Debit Card,Food & Beverage,Kanyon,15/08/2021
C110878,42.0,900.24,3.0,Male,Cash,Clothing,Forum Istanbul,20/05/2022
C110880,63.0,121.98,3.0,Female,Credit Card,Cosmetics,Metropol AVM,14/11/2021
C110886,66.0,5.23,1.0,Male,Debit Card,Food & Beverage,Kanyon,1/1/2022
C110887,43.0,15.69,3.0,Male,Credit Card,Food & Beverage,Istinye Park,25/03/2022
C110889,46.0,45.45,3.0,Female,Debit Card,Books,Emaar Square Mall,9/12/2021
C110898,58.0,1200.32,4.0,Male,Cash,Clothing,Zorlu Center,23/12/2021
C110901,31.0,900.24,3.0,Female,Cash,Clothing,Viaport Outlet,10/8/2021
C110902,21.0,1200.32,4.0,Male,Cash,Clothing,Mall of Istanbul,18/02/2021
C110913,56.0,26.15,5.0,Female,Credit Card,Food & Beverage,Mall of Istanbul,19/01/2023
C110915,45.0,1800.51,3.0,Female,Cash,Shoes,Emaar Square Mall,1/7/2022
C110918,57.0,20.92,4.0,Female,Credit Card,Food & Beverage,Mall of Istanbul,29/06/2021
C110921,38.0,900.24,3.0,Female,Cash,Clothing,Metrocity,1/2/2023
C110929,48.0,300.08,1.0,Female,Credit Card,Clothing,Viaport Outlet,18/12/2021
C110949,67.0,900.24,3.0,Male,Credit Card,Clothing,Kanyon,15/10/2022
C110954,49.0,600.17,1.0,Female,Credit Card,Shoes,Cevahir AVM,31/10/2022
C110955,62.0,1500.4,5.0,Female,Credit Card,Clothing,Istinye Park,20/01/2023
C110959,31.0,30.3,2.0,Male,Cash,Books,Forum Istanbul,8/7/2022
C110960,44.0,71.68,2.0,Female,Debit Card,Toys,Zorlu Center,19/08/2021
C110963,35.0,1800.51,3.0,Female,Credit Card,Shoes,Kanyon,4/1/2021
C110968,50.0,600.16,2.0,Female,Cash,Clothing,Kanyon,28/01/2021
C110969,49.0,40.66,1.0,Female,Credit Card,Cosmetics,Metrocity,12/2/2023
C110970,65.0,203.3,5.0,Female,Debit Card,Cosmetics,Forum Istanbul,26/12/2021
C110975,52.0,26.15,5.0,Female,Cash,Food & Beverage,Metropol AVM,28/03/2022
C110984,46.0,15.69,3.0,Female,Credit Card,Food & Beverage,Metrocity,1/10/2022
C110985,23.0,162.64,4.0,Female,Cash,Cosmetics,Istinye Park,6/3/2023
C110986,29.0,203.3,5.0,Male,Cash,Cosmetics,Kanyon,15/12/2021
C110988,23.0,1200.32,4.0,Male,Credit Card,Clothing,Viaport Outlet,14/06/2021
C110993,28.0,10.46,2.0,Female,Cash,Food & Beverage,Metrocity,23/03/2022
C110995,38.0,203.3,5.0,Male,Debit Card,Cosmetics,Istinye Park,11/2/2021
C111002,58.0,40.66,1.0,Female,Cash,Cosmetics,Metrocity,14/11/2022
C111003,68.0,600.17,1.0,Male,Credit Card,Shoes,Kanyon,31/07/2022
C111004,30.0,5.23,1.0,Male,Debit Card,Food & Beverage,Metrocity,17/01/2021
C111013,28.0,2400.68,4.0,Female,Cash,Shoes,Mall of Istanbul,4/11/2022
C111026,67.0,15.69,3.0,Female,Debit Card,Food & Beverage,Viaport Outlet,6/5/2021
C111027,68.0,5.23,1.0,Male,Credit Card,Food & Beverage,Istinye Park,30/10/2021
C111029,55.0,5.23,1.0,Female,Cash,Food & Beverage,Mall of Istanbul,27/03/2022
C111033,63.0,300.08,1.0,Female,Cash,Clothing,Kanyon,28/01/2022
C111035,54.0,1200.32,4.0,Female,Cash,Clothing,Metrocity,4/12/2021
C111043,19.0,143.36,4.0,Male,Credit Card,Toys,Mall of Istanbul,17/12/2022
C111056,20.0,26.15,5.0,Female,Credit Card,Food & Beverage,Metropol AVM,5/12/2021
C111057,24.0,1500.4,5.0,Female,Credit Card,Clothing,Emaar Square Mall,1/10/2022
C111061,48.0,10.46,2.0,Male,Cash,Food & Beverage,Metrocity,17/12/2022
C111064,63.0,300.08,1.0,Female,Cash,Clothing,Kanyon,18/09/2022
C111066,25.0,11.73,1.0,Male,Cash,Souvenir,Istinye Park,21/02/2022
C111069,29.0,300.08,1.0,Female,Debit Card,Clothing,Kanyon,26/02/2021
C111073,63.0,60.6,4.0,Male,Cash,Books,Kanyon,19/04/2021
C111075,46.0,107.52,3.0,Male,Cash,Toys,Forum Istanbul,26/10/2021
C111077,29.0,600.16,2.0,Female,Cash,Clothing,Mall of Istanbul,17/08/2021
C111078,39.0,179.2,5.0,Female,Credit Card,Toys,Kanyon,22/03/2021
C111079,19.0,1500.4,5.0,Female,Cash,Clothing,Mall of Istanbul,9/2/2023
C111088,22.0,300.08,1.0,Male,Cash,Clothing,Metrocity,3/11/2021
C111093,64.0,26.15,5.0,Male,Cash,Food & Beverage,Mall of Istanbul,13/06/2022
C111097,58.0,600.16,2.0,Female,Credit Card,Clothing,Kanyon,14/10/2022
C111099,18.0,300.08,1.0,Male,Cash,Clothing,Zorlu Center,5/10/2021
C111108,21.0,900.24,3.0,Female,Credit Card,Clothing,Emaar Square Mall,9/11/2022
C111109,29.0,81.32,2.0,Male,Credit Card,Cosmetics,Metrocity,24/04/2022
C111111,59.0,300.08,1.0,Male,Credit Card,Clothing,Metropol AVM,26/10/2021
C111112,44.0,1200.32,4.0,Male,Credit Card,Clothing,Mall of Istanbul,22/08/2022
C111113,54.0,4200.0,4.0,Female,Debit Card,Technology,Metropol AVM,1/1/2023
C111115,21.0,1800.51,3.0,Female,Cash,Shoes,Kanyon,25/03/2021
C111116,51.0,143.36,4.0,Female,Cash,Toys,Metropol AVM,28/10/2021
C111120,41.0,15.69,3.0,Male,Cash,Food & Beverage,Metrocity,26/10/2021
C111123,29.0,121.98,3.0,Male,Credit Card,Cosmetics,Mall of Istanbul,20/08/2022
C111127,56.0,600.16,2.0,Male,Cash,Clothing,Cevahir AVM,17/12/2022
C111129,38.0,900.24,3.0,Female,Cash,Clothing,Mall of Istanbul,21/07/2021
C111134,55.0,2100.0,2.0,Male,Debit Card,Technology,Kanyon,18/09/2022
C111135,48.0,20.92,4.0,Female,Debit Card,Food & Beverage,Viaport Outlet,15/06/2022
C111138,52.0,300.08,1.0,Female,Credit Card,Clothing,Metropol AVM,20/03/2022
C111140,27.0,143.36,4.0,Male,Credit Card,Toys,Forum Istanbul,4/2/2023
C111142,64.0,2400.68,4.0,Female,Cash,Shoes,Kanyon,16/04/2021
C111151,60.0,1200.34,2.0,Female,Debit Card,Shoes,Metropol AVM,21/09/2022
C111152,66.0,179.2,5.0,Female,Credit Card,Toys,Metrocity,30/08/2021
C111156,37.0,203.3,5.0,Male,Credit Card,Cosmetics,Metropol AVM,8/9/2022
C111157,19.0,900.24,3.0,Female,Debit Card,Clothing,Mall of Istanbul,1/1/2022
C111160,49.0,162.64,4.0,Male,Credit Card,Cosmetics,Mall of Istanbul,15/03/2021
C111164,58.0,45.45,3.0,Male,Cash,Books,Mall of Istanbul,5/12/2021
C111167,65.0,107.52,3.0,Male,Cash,Toys,Emaar Square Mall,5/3/2023
C111176,29.0,81.32,2.0,Male,Cash,Cosmetics,Metrocity,3/2/2023
C111181,69.0,81.32,2.0,Male,Credit Card,Cosmetics,Metrocity,22/02/2022
C111189,29.0,11.73,1.0,Male,Credit Card,Souvenir,Zorlu Center,12/1/2021
C111191,40.0,1200.32,4.0,Female,Cash,Clothing,Kanyon,18/12/2022
C111196,56.0,203.3,5.0,Male,Cash,Cosmetics,Mall of Istanbul,26/12/2022
C111197,40.0,203.3,5.0,Male,Cash,Cosmetics,Kanyon,17/11/2021
C111198,43.0,3150.0,3.0,Female,Credit Card,Technology,Metropol AVM,23/01/2023
C111208,67.0,71.68,2.0,Female,Cash,Toys,Kanyon,2/10/2021
C111211,64.0,1200.32,4.0,Male,Cash,Clothing,Istinye Park,14/02/2023
C111213,29.0,600.16,2.0,Female,Credit Card,Clothing,Istinye Park,15/05/2021
C111216,56.0,2400.68,4.0,Female,Cash,Shoes,Metrocity,12/8/2022
C111218,47.0,600.16,2.0,Female,Cash,Clothing,Metropol AVM,21/09/2021
C111221,52.0,107.52,3.0,Male,Debit Card,Toys,Metrocity,22/02/2022
C111223,48.0,600.16,2.0,Female,Credit Card,Clothing,Metropol AVM,11/2/2023
C111225,38.0,162.64,4.0,Female,Cash,Cosmetics,Mall of Istanbul,20/01/2021
C111227,52.0,1500.4,5.0,Female,Debit Card,Clothing,Emaar Square Mall,28/02/2023
C111228,65.0,300.08,1.0,Female,Credit Card,Clothing,Mall of Istanbul,29/04/2022
C111229,37.0,600.16,2.0,Male,Cash,Clothing,Metropol AVM,17/04/2022
C111232,51.0,600.16,2.0,Female,Cash,Clothing,Kanyon,21/06/2022
C111233,40.0,300.08,1.0,Male,Cash,Clothing,Istinye Park,1/10/2021
C111236,33.0,10.46,2.0,Female,Credit Card,Food & Beverage,Forum Istanbul,12/12/2021
C111238,49.0,600.16,2.0,Female,Credit Card,Clothing,Metropol AVM,27/01/2021
C111240,55.0,46.92,4.0,Male,Credit Card,Souvenir,Mall of Istanbul,8/2/2022
C111244,41.0,40.66,1.0,Female,Cash,Cosmetics,Kanyon,2/3/2021
C111245,25.0,11.73,1.0,Female,Cash,Souvenir,Zorlu Center,4/4/2021
C111247,45.0,1500.4,5.0,Female,Cash,Clothing,Mall of Istanbul,4/6/2021
C111251,50.0,1200.32,4.0,Female,Cash,Clothing,Istinye Park,7/11/2022
C111256,40.0,15.69,3.0,Male,Debit Card,Food & Beverage,Metrocity,24/11/2022
C111257,68.0,20.92,4.0,Female,Credit Card,Food & Beverage,Istinye Park,24/01/2023
C111260,63.0,1500.4,5.0,Female,Debit Card,Clothing,Viaport Outlet,3/6/2022
C111261,47.0,121.98,3.0,Female,Cash,Cosmetics,Metrocity,28/03/2021
C111262,21.0,1200.32,4.0,Female,Credit Card,Clothing,Istinye Park,19/03/2021
C111267,23.0,1800.51,3.0,Male,Credit Card,Shoes,Kanyon,24/01/2023
C111272,52.0,1200.32,4.0,Female,Credit Card,Clothing,Metrocity,7/2/2021
C111275,29.0,1500.4,5.0,Female,Credit Card,Clothing,Metropol AVM,30/01/2023
C111279,68.0,1800.51,3.0,Female,Debit Card,Shoes,Metrocity,28/09/2021
C111282,58.0,81.32,2.0,Female,Cash,Cosmetics,Istinye Park,29/06/2021
C111283,18.0,1500.4,5.0,Female,Debit Card,Clothing,Metropol AVM,30/11/2021
C111288,39.0,26.15,5.0,Male,Cash,Food & Beverage,Metropol AVM,25/05/2021
C111290,22.0,600.16,2.0,Male,Credit Card,Clothing,Zorlu Center,13/12/2022
C111291,18.0,1200.32,4.0,Female,Cash,Clothing,Mall of Istanbul,29/07/2022
C111293,50.0,300.08,1.0,Male,Debit Card,Clothing,Kanyon,11/2/2021
C111300,26.0,600.17,1.0,Female,Debit Card,Shoes,Viaport Outlet,30/11/2021
C111302,69.0,300.08,1.0,Female,Cash,Clothing,Kanyon,23/12/2022
C111307,51.0,121.98,3.0,Male,Cash,Cosmetics,Zorlu Center,3/2/2021
C111309,52.0,179.2,5.0,Male,Credit Card,Toys,Metrocity,1/2/2022
C111310,50.0,300.08,1.0,Female,Credit Card,Clothing,Cevahir AVM,3/5/2022
C111315,26.0,5.23,1.0,Male,Cash,Food & Beverage,Istinye Park,25/01/2023
C111317,32.0,600.16,2.0,Female,Cash,Clothing,Kanyon,10/1/2021
C111322,46.0,2100.0,2.0,Female,Credit Card,Technology,Metrocity,11/10/2021
C111335,38.0,10.46,2.0,Male,Cash,Food & Beverage,Metrocity,19/03/2021
C111336,44.0,58.65,5.0,Male,Debit Card,Souvenir,Forum Istanbul,26/12/2021
C111339,51.0,600.16,2.0,Female,Debit Card,Clothing,Mall of Istanbul,15/08/2021
C111340,21.0,300.08,1.0,Female,Cash,Clothing,Mall of Istanbul,20/08/2022
C111342,46.0,300.08,1.0,Male,Cash,Clothing,Mall of Istanbul,23/10/2021
C111343,39.0,162.64,4.0,Female,Credit Card,Cosmetics,Metrocity,21/04/2021
C111346,65.0,203.3,5.0,Male,Cash,Cosmetics,Kanyon,26/02/2023
C111349,69.0,203.3,5.0,Male,Credit Card,Cosmetics,Metrocity,3/6/2022
C111350,21.0,15.69,3.0,Female,Debit Card,Food & Beverage,Metrocity,11/1/2022
C111351,30.0,300.08,1.0,Female,Credit Card,Clothing,Kanyon,26/02/2023
C111355,27.0,162.64,4.0,Female,Cash,Cosmetics,Kanyon,7/9/2022
C111359,47.0,5.23,1.0,Male,Credit Card,Food & Beverage,Kanyon,12/2/2023
C111361,67.0,162.64,4.0,Male,Cash,Cosmetics,Kanyon,6/5/2021
C111364,58.0,300.08,1.0,Male,Credit Card,Clothing,Metropol AVM,7/9/2022
C111366,62.0,121.98,3.0,Female,Cash,Cosmetics,Kanyon,11/5/2022
C111370,36.0,5.23,1.0,Female,Cash,Food & Beverage,Metrocity,21/06/2021
C111374,55.0,600.17,1.0,Female,Cash,Shoes,Cevahir AVM,4/5/2021
C111375,51.0,107.52,3.0,Female,Debit Card,Toys,Mall of Istanbul,28/10/2022
C111377,62.0,203.3,5.0,Female,Credit Card,Cosmetics,Istinye Park,19/04/2022
C111384,29.0,26.15,5.0,Male,Cash,Food & Beverage,Metrocity,5/8/2021
C111386,26.0,45.45,3.0,Female,Debit Card,Books,Cevahir AVM,25/12/2022
C111393,21.0,600.17,1.0,Female,Cash,Shoes,Metropol AVM,23/10/2021
C111396,68.0,162.64,4.0,Female,Cash,Cosmetics,Istinye Park,13/08/2021
C111397,55.0,1500.4,5.0,Female,Credit Card,Clothing,Emaar Square Mall,23/01/2021
C111399,24.0,40.66,1.0,Female,Credit Card,Cosmetics,Metrocity,15/02/2023
C111402,46.0,1200.34,2.0,Male,Debit Card,Shoes,Kanyon,25/01/2022
C111404,56.0,81.32,2.0,Female,Credit Card,Cosmetics,Mall of Istanbul,11/1/2021
C111405,60.0,81.32,2.0,Male,Cash,Cosmetics,Metrocity,12/1/2022
C111408,54.0,1200.32,4.0,Female,Credit Card,Clothing,Metrocity,9/4/2021
C111411,39.0,35.84,1.0,Male,Credit Card,Toys,Mall of Istanbul,13/07/2022
C111412,55.0,107.52,3.0,Female,Debit Card,Toys,Metrocity,21/12/2022
C111413,47.0,1500.4,5.0,Female,Credit Card,Clothing,Metropol AVM,22/06/2022
C111416,64.0,300.08,1.0,Female,Credit Card,Clothing,Metropol AVM,15/10/2022
C111420,39.0,107.52,3.0,Female,Credit Card,Toys,Istinye Park,1/8/2022
C111421,65.0,600.16,2.0,Female,Cash,Clothing,Istinye Park,5/10/2021
C111423,59.0,26.15,5.0,Male,Cash,Food & Beverage,Mall of Istanbul,15/09/2021
C111428,43.0,10.46,2.0,Female,Debit Card,Food & Beverage,Cevahir AVM,15/07/2022
C111429,62.0,143.36,4.0,Female,Debit Card,Toys,Kanyon,13/01/2022
C111430,44.0,1500.4,5.0,Female,Cash,Clothing,Istinye Park,16/01/2022
C111434,59.0,900.24,3.0,Female,Credit Card,Clothing,Forum Istanbul,19/07/2022
C111443,59.0,1200.32,4.0,Female,Cash,Clothing,Metrocity,26/02/2021
C111453,33.0,162.64,4.0,Female,Cash,Cosmetics,Kanyon,17/02/2023
C111459,59.0,203.3,5.0,Female,Credit Card,Cosmetics,Kanyon,8/11/2021
C111461,41.0,45.45,3.0,Female,Credit Card,Books,Istinye Park,13/02/2021
C111463,23.0,900.24,3.0,Male,Cash,Clothing,Kanyon,8/2/2023
C111464,52.0,1200.32,4.0,Male,Credit Card,Clothing,Kanyon,28/02/2021
C111467,69.0,600.16,2.0,Female,Debit Card,Clothing,Metrocity,23/03/2021
C111475,43.0,1500.4,5.0,Male,Debit Card,Clothing,Kanyon,24/11/2021
C111476,55.0,162.64,4.0,Female,Debit Card,Cosmetics,Forum Istanbul,18/11/2022
C111481,47.0,600.16,2.0,Female,Debit Card,Clothing,Metrocity,11/3/2021
C111483,42.0,121.98,3.0,Female,Credit Card,Cosmetics,Kanyon,2/9/2022
C111485,37.0,26.15,5.0,Male,Cash,Food & Beverage,Istinye Park,23/03/2022
C111486,45.0,23.46,2.0,Male,Credit Card,Souvenir,Metrocity,24/02/2022
C111487,62.0,5.23,1.0,Male,Cash,Food & Beverage,Mall of Istanbul,17/05/2021
C111496,54.0,162.64,4.0,Female,Credit Card,Cosmetics,Metrocity,23/03/2022
C111497,18.0,15.15,1.0,Female,Credit Card,Books,Istinye Park,22/07/2021
C111500,24.0,1200.34,2.0,Female,Cash,Shoes,Cevahir AVM,6/2/2023
C111505,66.0,1500.4,5.0,Male,Credit Card,Clothing,Kanyon,14/04/2021
C111510,30.0,20.92,4.0,Male,Cash,Food & Beverage,Viaport Outlet,23/07/2021
C111514,32.0,10.46,2.0,Female,Cash,Food & Beverage,Emaar Square Mall,27/08/2022
C111515,25.0,107.52,3.0,Male,Cash,Toys,Metropol AVM,2/9/2021
C111524,22.0,3000.85,5.0,Female,Credit Card,Shoes,Istinye Park,6/10/2021
C111526,50.0,300.08,1.0,Female,Cash,Clothing,Mall of Istanbul,19/02/2022
C111529,67.0,143.36,4.0,Male,Cash,Toys,Istinye Park,9/5/2021
C111533,26.0,121.98,3.0,Male,Cash,Cosmetics,Metrocity,5/2/2021
C111534,30.0,179.2,5.0,Female,Cash,Toys,Viaport Outlet,4/11/2021
C111536,19.0,20.92,4.0,Female,Credit Card,Food & Beverage,Metrocity,9/4/2021
C111541,20.0,3000.85,5.0,Female,Debit Card,Shoes,Metrocity,11/4/2022
C111543,48.0,121.98,3.0,Female,Cash,Cosmetics,Istinye Park,24/10/2021
C111545,21.0,179.2,5.0,Female,Cash,Toys,Mall of Istanbul,14/01/2023
C111549,29.0,300.08,1.0,Male,Credit Card,Clothing,Metropol AVM,24/12/2022
C111550,19.0,900.24,3.0,Male,Credit Card,Clothing,Metropol AVM,24/11/2022
C111553,35.0,1050.0,1.0,Female,Credit Card,Technology,Kanyon,9/9/2022
C111557,40.0,1200.32,4.0,Male,Credit Card,Clothing,Kanyon,2/6/2021
C111559,61.0,300.08,1.0,Female,Cash,Clothing,Kanyon,29/08/2022
C111563,43.0,45.45,3.0,Female,Debit Card,Books,Istinye Park,26/10/2021
C111564,47.0,26.15,5.0,Male,Debit Card,Food & Beverage,Zorlu Center,3/2/2023
C111565,21.0,1800.51,3.0,Male,Debit Card,Shoes,Forum Istanbul,12/12/2021
C111566,60.0,300.08,1.0,Female,Credit Card,Clothing,Kanyon,3/10/2022
C111568,37.0,15.15,1.0,Female,Cash,Books,Kanyon,20/02/2023
C111570,30.0,35.84,1.0,Male,Credit Card,Toys,Mall of Istanbul,20/10/2021
C111577,25.0,15.15,1.0,Male,Credit Card,Books,Metropol AVM,15/12/2022
C111578,33.0,900.24,3.0,Male,Credit Card,Clothing,Zorlu Center,10/3/2022
C111579,47.0,1500.4,5.0,Male,Cash,Clothing,Mall of Istanbul,28/06/2022
C111581,18.0,900.24,3.0,Female,Debit Card,Clothing,Kanyon,2/10/2022
C111583,49.0,1500.4,5.0,Female,Credit Card,Clothing,Zorlu Center,26/06/2021
C111584,29.0,203.3,5.0,Male,Credit Card,Cosmetics,Viaport Outlet,26/06/2021
C111586,34.0,121.98,3.0,Female,Cash,Cosmetics,Metrocity,16/01/2023
C111588,19.0,1050.0,1.0,Female,Cash,Technology,Kanyon,29/01/2023
C111590,65.0,5250.0,5.0,Female,Debit Card,Technology,Mall of Istanbul,7/9/2021
C111592,25.0,162.64,4.0,Female,Credit Card,Cosmetics,Metrocity,13/10/2022
C111595,49.0,1800.51,3.0,Female,Debit Card,Shoes,Metropol AVM,29/06/2022
C111599,51.0,600.17,1.0,Female,Cash,Shoes,Metrocity,4/2/2021
C111601,58.0,1500.4,5.0,Female,Credit Card,Clothing,Metrocity,1/7/2022
C111602,20.0,900.24,3.0,Female,Cash,Clothing,Kanyon,23/08/2021
C111604,41.0,10.46,2.0,Male,Credit Card,Food & Beverage,Mall of Istanbul,11/9/2021
C111608,30.0,71.68,2.0,Male,Cash,Toys,Kanyon,24/11/2022
C111611,53.0,20.92,4.0,Female,Credit Card,Food & Beverage,Istinye Park,14/07/2021
C111612,56.0,121.98,3.0,Female,Cash,Cosmetics,Metrocity,15/02/2021
C111613,32.0,20.92,4.0,Female,Debit Card,Food & Beverage,Metrocity,7/1/2021
C111614,61.0,1500.4,5.0,Male,Credit Card,Clothing,Cevahir AVM,3/1/2021
C111622,24.0,1500.4,5.0,Female,Credit Card,Clothing,Kanyon,16/12/2021
C111623,49.0,81.32,2.0,Female,Cash,Cosmetics,Metropol AVM,6/11/2022
C111626,38.0,1200.32,4.0,Female,Cash,Clothing,Istinye Park,7/7/2022
C111627,45.0,600.16,2.0,Female,Cash,Clothing,Kanyon,5/9/2021
C111628,19.0,23.46,2.0,Male,Credit Card,Souvenir,Metrocity,12/2/2023
C111629,36.0,300.08,1.0,Female,Cash,Clothing,Metropol AVM,5/8/2021
C111634,60.0,300.08,1.0,Female,Cash,Clothing,Kanyon,30/04/2022
C111635,33.0,300.08,1.0,Male,Credit Card,Clothing,Zorlu Center,12/7/2021
C111638,26.0,2400.68,4.0,Male,Cash,Shoes,Viaport Outlet,25/12/2022
C111643,58.0,1200.32,4.0,Male,Credit Card,Clothing,Istinye Park,29/05/2022
C111644,57.0,1500.4,5.0,Female,Cash,Clothing,Mall of Istanbul,10/1/2021
C111645,60.0,26.15,5.0,Female,Credit Card,Food & Beverage,Zorlu Center,11/12/2022
C111646,31.0,40.66,1.0,Female,Cash,Cosmetics,Metropol AVM,10/6/2022
C111647,20.0,35.84,1.0,Female,Credit Card,Toys,Metrocity,25/03/2022
C111651,41.0,900.24,3.0,Female,Debit Card,Clothing,Metrocity,15/01/2022
C111652,19.0,58.65,5.0,Female,Credit Card,Souvenir,Kanyon,24/01/2022
C111653,62.0,121.98,3.0,Female,Debit Card,Cosmetics,Metrocity,5/7/2021
C111655,47.0,300.08,1.0,Female,Cash,Clothing,Zorlu Center,16/09/2021
C111657,43.0,300.08,1.0,Male,Cash,Clothing,Emaar Square Mall,18/11/2021
C111658,27.0,71.68,2.0,Male,Cash,Toys,Metrocity,30/08/2022
C111659,18.0,35.19,3.0,Female,Cash,Souvenir,Forum Istanbul,13/03/2022
C111661,46.0,20.92,4.0,Female,Credit Card,Food & Beverage,Kanyon,1/6/2022
C111664,61.0,600.17,1.0,Female,Cash,Shoes,Mall of Istanbul,18/05/2022
C111665,33.0,2400.68,4.0,Male,Cash,Shoes,Kanyon,20/03/2022
C111668,25.0,300.08,1.0,Male,Credit Card,Clothing,Mall of Istanbul,28/07/2021
C111672,40.0,900.24,3.0,Female,Credit Card,Clothing,Metropol AVM,21/12/2021
C111673,53.0,81.32,2.0,Female,Credit Card,Cosmetics,Metrocity,21/07/2022
C111675,27.0,81.32,2.0,Male,Credit Card,Cosmetics,Metrocity,29/05/2021
C111679,64.0,121.98,3.0,Female,Debit Card,Cosmetics,Mall of Istanbul,17/06/2021
C111684,23.0,71.68,2.0,Male,Debit Card,Toys,Forum Istanbul,31/01/2022
C111687,32.0,121.98,3.0,Male,Cash,Cosmetics,Mall of Istanbul,2/5/2022
C111688,63.0,15.69,3.0,Male,Cash,Food & Beverage,Metropol AVM,27/02/2022
C111691,37.0,5.23,1.0,Male,Cash,Food & Beverage,Metrocity,18/03/2022
C111694,36.0,5.23,1.0,Male,Cash,Food & Beverage,Istinye Park,29/07/2022
C111698,63.0,143.36,4.0,Female,Credit Card,Toys,Metrocity,5/3/2022
C111700,51.0,2400.68,4.0,Male,Debit Card,Shoes,Mall of Istanbul,7/2/2022
C111703,18.0,26.15,5.0,Male,Credit Card,Food & Beverage,Metrocity,21/02/2023
C111704,69.0,179.2,5.0,Female,Cash,Toys,Cevahir AVM,8/8/2022
C111714,66.0,1200.34,2.0,Female,Cash,Shoes,Mall of Istanbul,15/10/2022
C111720,57.0,35.84,1.0,Female,Credit Card,Toys,Metrocity,1/2/2021
C111722,42.0,40.66,1.0,Male,Debit Card,Cosmetics,Cevahir AVM,21/12/2021
C111729,40.0,15.69,3.0,Female,Debit Card,Food & Beverage,Istinye Park,14/04/2022
C111730,59.0,300.08,1.0,Female,Credit Card,Clothing,Metropol AVM,25/03/2021
C111731,55.0,300.08,1.0,Female,Cash,Clothing,Metropol AVM,25/09/2021
C111732,47.0,10.46,2.0,Female,Debit Card,Food & Beverage,Kanyon,17/11/2021
C111733,46.0,35.84,1.0,Female,Debit Card,Toys,Istinye Park,9/1/2022
C111735,43.0,1200.32,4.0,Female,Cash,Clothing,Kanyon,25/12/2021
C111739,18.0,15.15,1.0,Male,Credit Card,Books,Kanyon,31/03/2022
C111743,39.0,107.52,3.0,Female,Cash,Toys,Mall of Istanbul,21/06/2022
C111748,19.0,900.24,3.0,Female,Credit Card,Clothing,Metropol AVM,2/8/2021
C111750,62.0,203.3,5.0,Female,Credit Card,Cosmetics,Kanyon,27/03/2022
C111754,21.0,1050.0,1.0,Female,Cash,Technology,Kanyon,5/4/2021
C111756,61.0,300.08,1.0,Female,Credit Card,Clothing,Kanyon,9/10/2021
C111760,62.0,1200.32,4.0,Female,Cash,Clothing,Metrocity,30/08/2021
C111762,30.0,2400.68,4.0,Male,Cash,Shoes,Metrocity,10/9/2022
C111765,53.0,1500.4,5.0,Male,Cash,Clothing,Metrocity,10/1/2023
C111766,24.0,300.08,1.0,Female,Cash,Clothing,Mall of Istanbul,24/03/2021
C111767,52.0,35.84,1.0,Male,Cash,Toys,Kanyon,5/1/2021
C111781,37.0,179.2,5.0,Male,Credit Card,Toys,Metrocity,7/7/2021
C111788,49.0,35.84,1.0,Male,Debit Card,Toys,Metrocity,3/9/2021
C111789,66.0,3150.0,3.0,Male,Cash,Technology,Kanyon,4/10/2021
C111791,52.0,1500.4,5.0,Female,Cash,Clothing,Zorlu Center,30/04/2022
C111792,40.0,143.36,4.0,Male,Credit Card,Toys,Mall of Istanbul,11/3/2022
C111795,40.0,1200.32,4.0,Female,Debit Card,Clothing,Cevahir AVM,8/11/2022
C111803,49.0,203.3,5.0,Female,Cash,Cosmetics,Metrocity,10/4/2022
C111818,47.0,20.92,4.0,Female,Credit Card,Food & Beverage,Metrocity,22/02/2023
C111819,47.0,81.32,2.0,Male,Cash,Cosmetics,Forum Istanbul,13/03/2022
C111821,29.0,179.2,5.0,Female,Debit Card,Toys,Mall of Istanbul,22/02/2022
C111827,40.0,46.92,4.0,Male,Cash,Souvenir,Metropol AVM,5/12/2021
C111831,25.0,162.64,4.0,Male,Cash,Cosmetics,Mall of Istanbul,14/09/2022
C111832,30.0,26.15,5.0,Female,Credit Card,Food & Beverage,Metrocity,6/1/2022
C111845,64.0,300.08,1.0,Female,Debit Card,Clothing,Emaar Square Mall,22/01/2023
C111846,34.0,121.98,3.0,Female,Debit Card,Cosmetics,Metrocity,4/11/2022
C111849,58.0,20.92,4.0,Male,Cash,Food & Beverage,Mall of Istanbul,9/5/2021
C111852,63.0,1200.34,2.0,Female,Debit Card,Shoes,Metropol AVM,25/05/2021
C111857,28.0,35.19,3.0,Female,Cash,Souvenir,Zorlu Center,8/1/2023
C111859,30.0,900.24,3.0,Male,Credit Card,Clothing,Istinye Park,17/04/2021
C111862,41.0,600.16,2.0,Female,Cash,Clothing,Metrocity,6/6/2022
C111863,27.0,1200.32,4.0,Female,Cash,Clothing,Emaar Square Mall,13/10/2021
C111867,56.0,1500.4,5.0,Female,Cash,Clothing,Mall of Istanbul,7/1/2021
C111869,65.0,203.3,5.0,Female,Cash,Cosmetics,Metrocity,20/02/2021
C111873,30.0,26.15,5.0,Female,Credit Card,Food & Beverage,Metrocity,3/4/2021
C111877,61.0,46.92,4.0,Female,Credit Card,Souvenir,Metrocity,19/10/2021
C111882,62.0,5.23,1.0,Female,Cash,Food & Beverage,Kanyon,16/08/2022
C111890,66.0,5.23,1.0,Female,Debit Card,Food & Beverage,Kanyon,10/6/2021
C111897,37.0,300.08,1.0,Male,Credit Card,Clothing,Metrocity,10/3/2022
C111898,41.0,1500.4,5.0,Female,Cash,Clothing,Mall of Istanbul,24/02/2021
C111899,39.0,900.24,3.0,Male,Cash,Clothing,Zorlu Center,21/01/2021
C111902,67.0,121.98,3.0,Female,Cash,Cosmetics,Mall of Istanbul,21/01/2021
C111905,66.0,300.08,1.0,Male,Credit Card,Clothing,Mall of Istanbul,14/09/2022
C111906,69.0,1500.4,5.0,Male,Credit Card,Clothing,Metrocity,4/5/2021
C111907,44.0,600.16,2.0,Female,Cash,Clothing,Metrocity,12/5/2022
C111910,69.0,600.16,2.0,Male,Credit Card,Clothing,Metrocity,17/04/2022
C111914,69.0,143.36,4.0,Female,Credit Card,Toys,Metropol AVM,14/06/2021
C111915,63.0,107.52,3.0,Female,Debit Card,Toys,Mall of Istanbul,6/6/2022
C111928,46.0,600.16,2.0,Male,Cash,Clothing,Kanyon,18/06/2022
C111929,42.0,4200.0,4.0,Female,Cash,Technology,Kanyon,12/5/2022
C111935,54.0,46.92,4.0,Female,Cash,Souvenir,Metrocity,10/8/2022
C111941,40.0,60.6,4.0,Male,Debit Card,Books,Kanyon,31/12/2022
C111942,29.0,300.08,1.0,Male,Debit Card,Clothing,Kanyon,22/08/2022
C111946,21.0,5.23,1.0,Female,Cash,Food & Beverage,Metrocity,18/02/2022
C111957,29.0,20.92,4.0,Female,Debit Card,Food & Beverage,Mall of Istanbul,25/10/2021
C111961,54.0,1500.4,5.0,Female,Credit Card,Clothing,Kanyon,3/3/2023
C111967,27.0,26.15,5.0,Male,Credit Card,Food & Beverage,Mall of Istanbul,22/12/2021
C111970,31.0,10.46,2.0,Female,Cash,Food & Beverage,Metropol AVM,16/08/2022
C111981,47.0,203.3,5.0,Male,Credit Card,Cosmetics,Metrocity,1/4/2021
C111983,45.0,5.23,1.0,Male,Cash,Food & Beverage,Mall of Istanbul,11/7/2021
C111985,62.0,35.84,1.0,Male,Cash,Toys,Metrocity,22/07/2022
C111986,48.0,5250.0,5.0,Female,Cash,Technology,Mall of Istanbul,19/02/2023
C111987,32.0,1200.32,4.0,Male,Cash,Clothing,Metrocity,2/8/2021
C111988,60.0,46.92,4.0,Male,Debit Card,Souvenir,Kanyon,5/11/2021
C111998,31.0,900.24,3.0,Female,Cash,Clothing,Kanyon,26/08/2022
C112011,34.0,107.52,3.0,Female,Credit Card,Toys,Mall of Istanbul,8/10/2021
C112012,62.0,300.08,1.0,Female,Cash,Clothing,Kanyon,3/5/2022
C112015,22.0,46.92,4.0,Female,Cash,Souvenir,Emaar Square Mall,31/12/2021
C112021,27.0,3150.0,3.0,Female,Cash,Technology,Kanyon,9/9/2022
C112024,43.0,2100.0,2.0,Male,Debit Card,Technology,Mall of Istanbul,11/6/2021
C112027,41.0,46.92,4.0,Male,Debit Card,Souvenir,Viaport Outlet,4/12/2021
C112030,59.0,40.66,1.0,Male,Debit Card,Cosmetics,Kanyon,16/04/2022
C112032,18.0,20.92,4.0,Female,Cash,Food & Beverage,Istinye Park,31/01/2023
C112035,42.0,5.23,1.0,Female,Cash,Food & Beverage,Metrocity,21/07/2021
C112037,69.0,15.15,1.0,Female,Cash,Books,Forum Istanbul,31/03/2021
C112038,58.0,300.08,1.0,Female,Cash,Clothing,Mall of Istanbul,26/02/2021
C112044,46.0,900.24,3.0,Female,Cash,Clothing,Metrocity,27/02/2022
C112051,58.0,81.32,2.0,Female,Cash,Cosmetics,Istinye Park,3/1/2021
C112052,67.0,81.32,2.0,Female,Cash,Cosmetics,Istinye Park,25/10/2021
C112054,57.0,3000.85,5.0,Male,Credit Card,Shoes,Istinye Park,15/08/2022
C112055,28.0,26.15,5.0,Male,Credit Card,Food & Beverage,Metrocity,28/04/2021
C112058,58.0,35.84,1.0,Female,Credit Card,Toys,Metrocity,29/06/2022
C112061,29.0,3000.85,5.0,Male,Cash,Shoes,Kanyon,3/7/2022
C112063,48.0,121.98,3.0,Male,Cash,Cosmetics,Mall of Istanbul,7/6/2022
C112065,23.0,600.17,1.0,Female,Credit Card,Shoes,Mall of Istanbul,20/07/2022
C112071,62.0,1500.4,5.0,Female,Credit Card,Clothing,Viaport Outlet,9/11/2022
C112074,20.0,900.24,3.0,Female,Cash,Clothing,Mall of Istanbul,23/03/2021
C112077,53.0,107.52,3.0,Female,Cash,Toys,Kanyon,28/03/2022
C112085,38.0,1200.32,4.0,Female,Debit Card,Clothing,Zorlu Center,15/01/2021
C112086,41.0,121.98,3.0,Male,Cash,Cosmetics,Metropol AVM,30/05/2021
C112089,65.0,2400.68,4.0,Male,Debit Card,Shoes,Metrocity,11/2/2021
C112091,18.0,900.24,3.0,Female,Cash,Clothing,Metrocity,10/4/2022
C112102,63.0,40.66,1.0,Female,Debit Card,Cosmetics,Zorlu Center,11/3/2022
C112106,55.0,1200.32,4.0,Female,Credit Card,Clothing,Mall of Istanbul,29/07/2021
C112107,29.0,600.16,2.0,Female,Debit Card,Clothing,Mall of Istanbul,4/7/2021
C112109,44.0,1500.4,5.0,Male,Cash,Clothing,Mall of Istanbul,15/03/2021
C112112,56.0,10.46,2.0,Male,Debit Card,Food & Beverage,Mall of Istanbul,8/7/2022
C112113,20.0,75.75,5.0,Female,Credit Card,Books,Zorlu Center,9/12/2021
C112114,49.0,1200.32,4.0,Female,Credit Card,Clothing,Kanyon,31/01/2022
C112115,31.0,2100.0,2.0,Male,Debit Card,Technology,Metropol AVM,21/02/2023
C112119,29.0,1200.32,4.0,Female,Cash,Clothing,Mall of Istanbul,2/2/2023
C112121,49.0,40.66,1.0,Female,Credit Card,Cosmetics,Emaar Square Mall,1/7/2021
C112124,62.0,1500.4,5.0,Male,Credit Card,Clothing,Cevahir AVM,25/09/2021
C112126,24.0,1500.4,5.0,Male,Credit Card,Clothing,Istinye Park,18/07/2021
C112129,45.0,300.08,1.0,Female,Debit Card,Clothing,Kanyon,22/04/2021
C112132,51.0,71.68,2.0,Male,Credit Card,Toys,Metropol AVM,2/2/2022
C112142,54.0,26.15,5.0,Male,Cash,Food & Beverage,Forum Istanbul,2/2/2022
C112153,58.0,1500.4,5.0,Female,Credit Card,Clothing,Mall of Istanbul,8/7/2022
C112154,60.0,2400.68,4.0,Female,Credit Card,Shoes,Kanyon,15/01/2021
C112155,26.0,162.64,4.0,Male,Credit Card,Cosmetics,Mall of Istanbul,17/06/2022
C112159,41.0,600.16,2.0,Male,Credit Card,Clothing,Istinye Park,4/4/2022
C112161,60.0,71.68,2.0,Female,Debit Card,Toys,Mall of Istanbul,11/12/2021
C112162,68.0,300.08,1.0,Female,Cash,Clothing,Emaar Square Mall,10/3/2022
C112163,57.0,5250.0,5.0,Male,Debit Card,Technology,Mall of Istanbul,14/12/2021
C112164,30.0,900.24,3.0,Female,Cash,Clothing,Emaar Square Mall,6/4/2021
C112167,54.0,179.2,5.0,Male,Credit Card,Toys,Mall of Istanbul,27/01/2022
C112168,66.0,11.73,1.0,Female,Cash,Souvenir,Istinye Park,23/09/2021
C112169,48.0,1200.32,4.0,Female,Credit Card,Clothing,Kanyon,14/07/2022
C112173,32.0,3150.0,3.0,Female,Debit Card,Technology,Metrocity,18/09/2022
C112177,52.0,900.24,3.0,Male,Credit Card,Clothing,Cevahir AVM,6/5/2021
C112185,46.0,35.84,1.0,Male,Cash,Toys,Istinye Park,9/1/2021
C112187,25.0,1200.32,4.0,Female,Cash,Clothing,Istinye Park,17/12/2022
C112195,23.0,46.92,4.0,Male,Cash,Souvenir,Viaport Outlet,22/02/2021
C112206,60.0,5.23,1.0,Female,Credit Card,Food & Beverage,Kanyon,21/12/2022
C112210,53.0,1200.32,4.0,Female,Debit Card,Clothing,Kanyon,16/09/2021
C112218,35.0,600.16,2.0,Male,Cash,Clothing,Mall of Istanbul,19/11/2022
C112219,48.0,1200.32,4.0,Female,Cash,Clothing,Mall of Istanbul,20/01/2021
C112223,42.0,4200.0,4.0,Male,Debit Card,Technology,Istinye Park,10/8/2021
C112225,63.0,600.16,2.0,Female,Debit Card,Clothing,Forum Istanbul,4/3/2021
C112229,48.0,1200.34,2.0,Female,Credit Card,Shoes,Mall of Istanbul,10/1/2023
C112230,18.0,30.3,2.0,Female,Credit Card,Books,Cevahir AVM,2/7/2021
C112234,24.0,600.16,2.0,Female,Credit Card,Clothing,Kanyon,15/03/2021
C112236,27.0,900.24,3.0,Male,Credit Card,Clothing,Metrocity,21/01/2022
C112239,39.0,1500.4,5.0,Female,Cash,Clothing,Metrocity,3/10/2021
C112244,18.0,600.17,1.0,Female,Cash,Shoes,Cevahir AVM,25/06/2021
C112246,69.0,1200.32,4.0,Female,Cash,Clothing,Mall of Istanbul,4/3/2023
C112255,46.0,179.2,5.0,Female,Credit Card,Toys,Emaar Square Mall,24/11/2021
C112257,42.0,179.2,5.0,Female,Cash,Toys,Kanyon,1/12/2021
C112260,31.0,15.69,3.0,Female,Debit Card,Food & Beverage,Kanyon,23/05/2021
C112265,23.0,75.75,5.0,Male,Credit Card,Books,Zorlu Center,5/4/2021
C112267,46.0,2100.0,2.0,Male,Cash,Technology,Mall of Istanbul,19/02/2021
C112268,68.0,2400.68,4.0,Female,Cash,Shoes,Mall of Istanbul,3/4/2021
C112279,67.0,15.69,3.0,Female,Cash,Food & Beverage,Kanyon,23/06/2021
C112282,59.0,1200.32,4.0,Male,Credit Card,Clothing,Cevahir AVM,18/01/2021
C112284,37.0,300.08,1.0,Female,Cash,Clothing,Kanyon,16/04/2021
C112287,31.0,300.08,1.0,Female,Debit Card,Clothing,Metropol AVM,25/09/2021
C112290,49.0,1500.4,5.0,Female,Credit Card,Clothing,Kanyon,16/11/2022
C112291,41.0,300.08,1.0,Female,Cash,Clothing,Viaport Outlet,28/02/2021
C112292,35.0,600.16,2.0,Female,Debit Card,Clothing,Emaar Square Mall,10/5/2022
C112296,61.0,600.16,2.0,Female,Credit Card,Clothing,Metrocity,13/03/2022
C112297,34.0,10.46,2.0,Male,Cash,Food & Beverage,Metropol AVM,11/10/2022
C112298,34.0,1500.4,5.0,Female,Debit Card,Clothing,Metropol AVM,29/01/2023
C112301,31.0,300.08,1.0,Male,Debit Card,Clothing,Cevahir AVM,5/4/2021
C112308,61.0,35.19,3.0,Female,Debit Card,Souvenir,Istinye Park,5/3/2023
C112315,31.0,300.08,1.0,Male,Credit Card,Clothing,Kanyon,16/03/2021
C112316,40.0,60.6,4.0,Female,Credit Card,Books,Emaar Square Mall,11/12/2021
C112317,52.0,1800.51,3.0,Male,Debit Card,Shoes,Forum Istanbul,25/08/2022
C112319,52.0,1500.4,5.0,Female,Cash,Clothing,Metrocity,4/2/2023
C112329,30.0,1500.4,5.0,Female,Cash,Clothing,Kanyon,4/10/2021
C112331,27.0,40.66,1.0,Female,Cash,Cosmetics,Mall of Istanbul,16/10/2022
C112333,33.0,600.17,1.0,Female,Cash,Shoes,Istinye Park,31/07/2021
C112336,54.0,1200.32,4.0,Female,Credit Card,Clothing,Viaport Outlet,18/10/2022
C112341,58.0,203.3,5.0,Female,Cash,Cosmetics,Metrocity,5/12/2022
C112343,62.0,1800.51,3.0,Female,Credit Card,Shoes,Kanyon,20/10/2021
C112344,56.0,300.08,1.0,Male,Cash,Clothing,Mall of Istanbul,20/01/2021
C112353,63.0,300.08,1.0,Male,Cash,Clothing,Mall of Istanbul,28/06/2021
C112355,61.0,300.08,1.0,Female,Debit Card,Clothing,Cevahir AVM,17/06/2021
C112362,32.0,20.92,4.0,Male,Debit Card,Food & Beverage,Mall of Istanbul,1/3/2021
C112363,44.0,1200.34,2.0,Male,Credit Card,Shoes,Emaar Square Mall,5/12/2022
C112366,33.0,23.46,2.0,Female,Credit Card,Souvenir,Cevahir AVM,31/01/2021
C112371,54.0,162.64,4.0,Male,Debit Card,Cosmetics,Kanyon,14/11/2021
C112374,36.0,179.2,5.0,Female,Debit Card,Toys,Mall of Istanbul,4/6/2021
C112375,33.0,15.15,1.0,Female,Cash,Books,Kanyon,29/06/2022
C112378,23.0,3150.0,3.0,Female,Credit Card,Technology,Forum Istanbul,22/04/2022
C112380,34.0,1800.51,3.0,Female,Credit Card,Shoes,Mall of Istanbul,4/10/2022
C112382,49.0,1500.4,5.0,Female,Cash,Clothing,Metropol AVM,22/01/2021
C112388,24.0,107.52,3.0,Female,Credit Card,Toys,Kanyon,25/06/2021
C112391,26.0,600.16,2.0,Male,Cash,Clothing,Istinye Park,6/8/2022
C112400,62.0,600.16,2.0,Female,Cash,Clothing,Metrocity,3/1/2022
C112410,56.0,600.16,2.0,Female,Cash,Clothing,Istinye Park,17/02/2022
C112412,62.0,1200.34,2.0,Female,Cash,Shoes,Metropol AVM,19/09/2021
C112415,40.0,107.52,3.0,Male,Credit Card,Toys,Mall of Istanbul,20/05/2022
C112421,48.0,1200.32,4.0,Male,Cash,Clothing,Mall of Istanbul,19/04/2021
C112428,43.0,30.3,2.0,Female,Credit Card,Books,Forum Istanbul,23/12/2022
C112430,46.0,107.52,3.0,Female,Credit Card,Toys,Istinye Park,11/5/2022
C112432,46.0,71.68,2.0,Male,Credit Card,Toys,Istinye Park,4/2/2023
C112433,42.0,35.84,1.0,Female,Credit Card,Toys,Metrocity,25/09/2021
C112439,56.0,1200.32,4.0,Female,Credit Card,Clothing,Mall of Istanbul,15/02/2023
C112441,46.0,26.15,5.0,Male,Cash,Food & Beverage,Kanyon,4/2/2022
C112443,42.0,3000.85,5.0,Male,Debit Card,Shoes,Istinye Park,19/05/2022
C112446,30.0,45.45,3.0,Male,Debit Card,Books,Cevahir AVM,3/3/2022
C112452,35.0,15.15,1.0,Female,Credit Card,Books,Forum Istanbul,1/4/2022
C112458,45.0,300.08,1.0,Female,Cash,Clothing,Istinye Park,8/1/2021
C112467,66.0,35.19,3.0,Female,Cash,Souvenir,Metropol AVM,28/04/2021
C112480,33.0,5250.0,5.0,Female,Cash,Technology,Zorlu Center,17/08/2021
C112481,54.0,1200.32,4.0,Male,Credit Card,Clothing,Metrocity,25/11/2021
C112483,21.0,81.32,2.0,Female,Credit Card,Cosmetics,Metrocity,21/01/2022
C112484,52.0,1200.32,4.0,Female,Cash,Clothing,Metropol AVM,25/08/2021
C112485,65.0,2400.68,4.0,Female,Debit Card,Shoes,Metropol AVM,11/4/2021
C112489,54.0,300.08,1.0,Female,Cash,Clothing,Mall of Istanbul,25/03/2022
C112490,62.0,75.75,5.0,Female,Cash,Books,Kanyon,18/07/2021
C112492,43.0,300.08,1.0,Female,Credit Card,Clothing,Metropol AVM,5/8/2022
C112498,39.0,81.32,2.0,Female,Credit Card,Cosmetics,Mall of Istanbul,20/10/2021
C112514,37.0,35.19,3.0,Female,Debit Card,Souvenir,Emaar Square Mall,1/12/2022
C112516,44.0,1800.51,3.0,Female,Credit Card,Shoes,Kanyon,20/03/2021
C112519,64.0,1200.32,4.0,Female,Cash,Clothing,Metropol AVM,20/09/2022
C112520,65.0,15.15,1.0,Female,Cash,Books,Kanyon,17/05/2022
C112528,31.0,1200.32,4.0,Female,Debit Card,Clothing,Forum Istanbul,29/07/2021
C112531,36.0,900.24,3.0,Female,Cash,Clothing,Mall of Istanbul,23/03/2021
C112532,56.0,81.32,2.0,Male,Credit Card,Cosmetics,Kanyon,22/05/2021
C112533,29.0,143.36,4.0,Male,Credit Card,Toys,Emaar Square Mall,25/06/2021
C112540,69.0,900.24,3.0,Female,Cash,Clothing,Metrocity,25/03/2022
C112544,56.0,35.84,1.0,Female,Credit Card,Toys,Forum Istanbul,21/08/2021
C112545,30.0,162.64,4.0,Male,Credit Card,Cosmetics,Metrocity,27/04/2022
C112547,18.0,35.84,1.0,Female,Cash,Toys,Kanyon,14/10/2022
C112549,31.0,58.65,5.0,Male,Debit Card,Souvenir,Istinye Park,4/2/2023
C112558,58.0,10.46,2.0,Female,Cash,Food & Beverage,Forum Istanbul,11/11/2021
C112559,44.0,35.84,1.0,Male,Credit Card,Toys,Istinye Park,27/06/2021
C112571,51.0,300.08,1.0,Female,Cash,Clothing,Metrocity,11/1/2021
C112572,21.0,20.92,4.0,Female,Credit Card,Food & Beverage,Forum Istanbul,3/3/2023
C112573,36.0,107.52,3.0,Female,Credit Card,Toys,Kanyon,23/02/2023
C112577,46.0,5.23,1.0,Female,Cash,Food & Beverage,Mall of Istanbul,1/2/2022
C112578,22.0,203.3,5.0,Male,Debit Card,Cosmetics,Metrocity,30/01/2021
C112581,49.0,75.75,5.0,Male,Cash,Books,Forum Istanbul,4/10/2022
C112586,49.0,1500.4,5.0,Female,Credit Card,Clothing,Metropol AVM,13/01/2021
C112587,25.0,10.46,2.0,Female,Debit Card,Food & Beverage,Mall of Istanbul,3/5/2021
C112591,37.0,179.2,5.0,Male,Cash,Toys,Mall of Istanbul,29/12/2022
C112594,59.0,107.52,3.0,Female,Cash,Toys,Metrocity,30/05/2022
C112595,37.0,121.98,3.0,Male,Debit Card,Cosmetics,Metropol AVM,17/08/2022
C112597,68.0,900.24,3.0,Male,Credit Card,Clothing,Mall of Istanbul,19/01/2022
C112611,23.0,600.17,1.0,Male,Debit Card,Shoes,Mall of Istanbul,8/3/2022
C112613,52.0,300.08,1.0,Female,Cash,Clothing,Metropol AVM,3/4/2021
C112616,41.0,2100.0,2.0,Female,Debit Card,Technology,Kanyon,3/9/2022
C112617,31.0,300.08,1.0,Female,Cash,Clothing,Istinye Park,14/07/2021
C112624,62.0,5250.0,5.0,Male,Credit Card,Technology,Zorlu Center,16/10/2022
C112629,22.0,1500.4,5.0,Female,Credit Card,Clothing,Kanyon,1/3/2023
C112630,55.0,1200.32,4.0,Male,Credit Card,Clothing,Metrocity,14/10/2022
C112633,37.0,1500.4,5.0,Male,Cash,Clothing,Metrocity,19/07/2022
C112640,20.0,15.69,3.0,Female,Credit Card,Food & Beverage,Kanyon,9/2/2022
C112646,42.0,300.08,1.0,Male,Credit Card,Clothing,Kanyon,22/09/2022
C112647,20.0,2400.68,4.0,Male,Cash,Shoes,Kanyon,14/03/2022
C112648,33.0,300.08,1.0,Male,Credit Card,Clothing,Istinye Park,19/09/2021
C112649,59.0,143.36,4.0,Female,Cash,Toys,Istinye Park,7/9/2021
C112652,28.0,900.24,3.0,Female,Cash,Clothing,Mall of Istanbul,24/07/2021
C112658,68.0,2400.68,4.0,Male,Debit Card,Shoes,Mall of Istanbul,21/03/2022
C112660,40.0,900.24,3.0,Female,Credit Card,Clothing,Metrocity,4/3/2023
C112662,23.0,1200.32,4.0,Female,Cash,Clothing,Metropol AVM,29/12/2021
C112671,48.0,900.24,3.0,Female,Cash,Clothing,Mall of Istanbul,14/04/2022
C112673,60.0,600.17,1.0,Male,Cash,Shoes,Emaar Square Mall,23/04/2022
C112674,28.0,203.3,5.0,Female,Cash,Cosmetics,Istinye Park,19/04/2021
C112677,20.0,1200.32,4.0,Male,Cash,Clothing,Kanyon,6/12/2021
C112678,20.0,40.66,1.0,Male,Credit Card,Cosmetics,Zorlu Center,6/2/2021
C112680,19.0,1200.34,2.0,Female,Cash,Shoes,Kanyon,12/5/2022
C112683,37.0,162.64,4.0,Female,Credit Card,Cosmetics,Istinye Park,7/6/2021
C112684,37.0,1200.32,4.0,Male,Debit Card,Clothing,Istinye Park,22/09/2021
C112686,31.0,600.16,2.0,Female,Cash,Clothing,Viaport Outlet,3/9/2021
C112688,48.0,143.36,4.0,Male,Cash,Toys,Mall of Istanbul,11/1/2021
C112690,30.0,26.15,5.0,Male,Credit Card,Food & Beverage,Metrocity,14/06/2022
C112691,24.0,600.17,1.0,Female,Debit Card,Shoes,Viaport Outlet,18/05/2022
C112694,54.0,179.2,5.0,Female,Credit Card,Toys,Kanyon,15/04/2021
C112706,53.0,1500.4,5.0,Male,Credit Card,Clothing,Istinye Park,6/6/2022
C112711,35.0,203.3,5.0,Female,Debit Card,Cosmetics,Mall of Istanbul,1/5/2022
C112713,25.0,179.2,5.0,Female,Debit Card,Toys,Mall of Istanbul,24/09/2022
C112717,35.0,1500.4,5.0,Male,Debit Card,Clothing,Mall of Istanbul,6/7/2021
C112719,59.0,20.92,4.0,Female,Cash,Food & Beverage,Viaport Outlet,6/10/2022
C112721,38.0,11.73,1.0,Female,Cash,Souvenir,Mall of Istanbul,7/7/2022
C112723,39.0,1800.51,3.0,Female,Cash,Shoes,Metrocity,14/09/2021
C112724,58.0,26.15,5.0,Male,Cash,Food & Beverage,Kanyon,6/12/2021
C112725,41.0,900.24,3.0,Female,Credit Card,Clothing,Istinye Park,24/02/2021
C112727,61.0,2400.68,4.0,Female,Debit Card,Shoes,Forum Istanbul,29/09/2022
C112734,60.0,203.3,5.0,Female,Credit Card,Cosmetics,Istinye Park,2/10/2022
C112735,47.0,1200.32,4.0,Female,Cash,Clothing,Metrocity,28/06/2022
C112736,20.0,15.69,3.0,Female,Cash,Food & Beverage,Zorlu Center,26/05/2022
C112742,67.0,15.69,3.0,Male,Debit Card,Food & Beverage,Cevahir AVM,15/06/2021
C112745,41.0,1200.32,4.0,Female,Cash,Clothing,Metropol AVM,27/01/2021
C112748,41.0,203.3,5.0,Female,Cash,Cosmetics,Metropol AVM,14/08/2021
C112750,32.0,300.08,1.0,Female,Credit Card,Clothing,Forum Istanbul,15/01/2023
C112752,68.0,900.24,3.0,Male,Debit Card,Clothing,Kanyon,21/10/2022
C112755,23.0,1200.32,4.0,Male,Debit Card,Clothing,Istinye Park,20/12/2021
C112756,67.0,600.16,2.0,Female,Debit Card,Clothing,Istinye Park,7/1/2021
C112758,57.0,1200.34,2.0,Male,Debit Card,Shoes,Metropol AVM,31/01/2023
C112766,46.0,1800.51,3.0,Female,Credit Card,Shoes,Mall of Istanbul,24/07/2021
C112778,52.0,203.3,5.0,Male,Cash,Cosmetics,Kanyon,26/07/2022
C112790,39.0,60.6,4.0,Female,Cash,Books,Kanyon,19/01/2023
C112793,59.0,600.17,1.0,Female,Credit Card,Shoes,Kanyon,4/11/2022
C112794,38.0,4200.0,4.0,Female,Credit Card,Technology,Kanyon,4/3/2023
C112796,64.0,203.3,5.0,Female,Debit Card,Cosmetics,Kanyon,19/04/2021
C112797,26.0,162.64,4.0,Female,Credit Card,Cosmetics,Viaport Outlet,22/08/2021
C112800,62.0,900.24,3.0,Male,Debit Card,Clothing,Kanyon,9/3/2021
C112802,40.0,203.3,5.0,Female,Debit Card,Cosmetics,Cevahir AVM,6/4/2022
C112806,22.0,15.15,1.0,Male,Credit Card,Books,Zorlu Center,24/07/2022
C112811,58.0,162.64,4.0,Female,Debit Card,Cosmetics,Cevahir AVM,2/4/2021
C112813,23.0,600.16,2.0,Male,Cash,Clothing,Istinye Park,6/3/2022
C112822,18.0,81.32,2.0,Female,Credit Card,Cosmetics,Cevahir AVM,23/01/2023
C112823,33.0,900.24,3.0,Female,Cash,Clothing,Emaar Square Mall,25/02/2023
C112830,66.0,203.3,5.0,Female,Credit Card,Cosmetics,Istinye Park,30/01/2023
C112831,56.0,3000.85,5.0,Female,Credit Card,Shoes,Metrocity,21/01/2023
C112832,39.0,600.16,2.0,Female,Cash,Clothing,Metrocity,31/10/2022
C112833,52.0,900.24,3.0,Male,Cash,Clothing,Istinye Park,27/12/2022
C112834,43.0,1200.32,4.0,Female,Credit Card,Clothing,Kanyon,10/5/2022
C112839,37.0,1200.32,4.0,Female,Cash,Clothing,Metropol AVM,25/04/2022
C112842,24.0,900.24,3.0,Female,Debit Card,Clothing,Metrocity,27/11/2021
C112847,21.0,300.08,1.0,Female,Cash,Clothing,Kanyon,10/6/2022
C112850,52.0,600.17,1.0,Female,Credit Card,Shoes,Metrocity,27/06/2022
C112853,32.0,3000.85,5.0,Female,Debit Card,Shoes,Mall of Istanbul,13/04/2022
C112856,47.0,5.23,1.0,Male,Cash,Food & Beverage,Emaar Square Mall,10/7/2022
C112860,42.0,203.3,5.0,Male,Debit Card,Cosmetics,Mall of Istanbul,31/03/2022
C112863,40.0,35.84,1.0,Female,Credit Card,Toys,Forum Istanbul,18/01/2023
C112866,52.0,162.64,4.0,Female,Cash,Cosmetics,Istinye Park,28/11/2022
C112869,66.0,121.98,3.0,Male,Credit Card,Cosmetics,Metropol AVM,20/01/2023
C112874,32.0,15.15,1.0,Male,Debit Card,Books,Mall of Istanbul,21/09/2021
C112876,59.0,1500.4,5.0,Male,Debit Card,Clothing,Emaar Square Mall,5/4/2021
C112878,33.0,1050.0,1.0,Male,Cash,Technology,Kanyon,13/03/2022
C112882,47.0,20.92,4.0,Female,Credit Card,Food & Beverage,Istinye Park,19/10/2022
C112884,42.0,107.52,3.0,Male,Debit Card,Toys,Metrocity,31/07/2021
C112885,66.0,15.69,3.0,Female,Cash,Food & Beverage,Kanyon,22/12/2022
C112886,47.0,46.92,4.0,Male,Cash,Souvenir,Mall of Istanbul,28/12/2021
C112889,48.0,5.23,1.0,Female,Debit Card,Food & Beverage,Metrocity,12/2/2023
C112893,57.0,600.17,1.0,Male,Cash,Shoes,Cevahir AVM,27/06/2021
C112894,21.0,1050.0,1.0,Male,Cash,Technology,Mall of Istanbul,11/8/2022
C112895,52.0,45.45,3.0,Female,Credit Card,Books,Mall of Istanbul,12/6/2021
C112899,32.0,1200.32,4.0,Male,Cash,Clothing,Kanyon,1/5/2021
C112903,36.0,2400.68,4.0,Female,Credit Card,Shoes,Emaar Square Mall,6/2/2022
C112907,56.0,5.23,1.0,Female,Credit Card,Food & Beverage,Kanyon,1/4/2021
C112913,36.0,40.66,1.0,Male,Credit Card,Cosmetics,Mall of Istanbul,17/09/2022
C112914,18.0,20.92,4.0,Male,Cash,Food & Beverage,Kanyon,1/1/2021
C112929,23.0,600.16,2.0,Female,Cash,Clothing,Forum Istanbul,5/6/2021
C112937,28.0,143.36,4.0,Male,Cash,Toys,Kanyon,3/3/2022
C112938,45.0,600.16,2.0,Male,Debit Card,Clothing,Emaar Square Mall,11/5/2022
C112940,35.0,600.16,2.0,Male,Debit Card,Clothing,Metropol AVM,31/03/2021
C112946,56.0,2400.68,4.0,Female,Cash,Shoes,Viaport Outlet,26/02/2021
C112948,42.0,5.23,1.0,Female,Cash,Food & Beverage,Kanyon,22/06/2021
C112950,55.0,71.68,2.0,Male,Credit Card,Toys,Metropol AVM,22/12/2022
C112957,30.0,1200.32,4.0,Female,Debit Card,Clothing,Zorlu Center,12/7/2022
C112959,34.0,300.08,1.0,Female,Cash,Clothing,Mall of Istanbul,10/7/2022
C112960,23.0,179.2,5.0,Male,Cash,Toys,Mall of Istanbul,2/8/2021
C112961,67.0,600.16,2.0,Male,Debit Card,Clothing,Viaport Outlet,2/12/2021
C112963,19.0,26.15,5.0,Male,Cash,Food & Beverage,Forum Istanbul,15/04/2021
C112967,35.0,1050.0,1.0,Male,Cash,Technology,Metrocity,30/12/2021
C112969,31.0,179.2,5.0,Female,Credit Card,Toys,Metrocity,5/10/2021
C112975,54.0,5.23,1.0,Female,Credit Card,Food & Beverage,Kanyon,6/3/2021
C112976,46.0,5250.0,5.0,Male,Cash,Technology,Metrocity,6/1/2022
C112978,19.0,300.08,1.0,Female,Credit Card,Clothing,Forum Istanbul,18/11/2022
C112979,59.0,300.08,1.0,Male,Cash,Clothing,Cevahir AVM,13/02/2023
C112980,50.0,300.08,1.0,Male,Debit Card,Clothing,Mall of Istanbul,13/03/2021
C112982,68.0,3150.0,3.0,Female,Cash,Technology,Mall of Istanbul,9/8/2022
C112984,49.0,1500.4,5.0,Male,Credit Card,Clothing,Emaar Square Mall,14/12/2022
C112992,22.0,3000.85,5.0,Male,Cash,Shoes,Kanyon,22/01/2021
C112993,48.0,26.15,5.0,Female,Credit Card,Food & Beverage,Istinye Park,3/9/2022
C112994,46.0,15.15,1.0,Female,Cash,Books,Istinye Park,17/05/2021
C112996,50.0,600.16,2.0,Female,Cash,Clothing,Mall of Istanbul,22/02/2021
C112998,63.0,900.24,3.0,Female,Credit Card,Clothing,Forum Istanbul,29/09/2022
C112999,49.0,5.23,1.0,Female,Cash,Food & Beverage,Kanyon,15/03/2022
C113001,54.0,1500.4,5.0,Male,Cash,Clothing,Mall of Istanbul,13/04/2021
C113002,41.0,2100.0,2.0,Female,Debit Card,Technology,Metropol AVM,17/12/2022
C113005,53.0,40.66,1.0,Female,Cash,Cosmetics,Kanyon,17/02/2022
C113009,22.0,3000.85,5.0,Male,Cash,Shoes,Istinye Park,24/05/2022
C113014,44.0,75.75,5.0,Female,Cash,Books,Emaar Square Mall,6/1/2023
C113016,37.0,1500.4,5.0,Female,Cash,Clothing,Mall of Istanbul,7/5/2022
C113022,24.0,26.15,5.0,Female,Cash,Food & Beverage,Kanyon,13/02/2022
C113025,22.0,5.23,1.0,Female,Cash,Food & Beverage,Cevahir AVM,12/8/2022
C113027,43.0,40.66,1.0,Male,Cash,Cosmetics,Cevahir AVM,19/08/2021
C113029,46.0,1200.32,4.0,Male,Debit Card,Clothing,Metrocity,19/10/2021
C113040,39.0,35.84,1.0,Female,Debit Card,Toys,Istinye Park,26/06/2021
C113043,68.0,2100.0,2.0,Male,Cash,Technology,Metropol AVM,18/09/2021
C113044,51.0,2100.0,2.0,Female,Cash,Technology,Metrocity,9/3/2022
C113046,23.0,1500.4,5.0,Female,Credit Card,Clothing,Istinye Park,16/05/2022
C113051,41.0,1200.32,4.0,Female,Cash,Clothing,Mall of Istanbul,19/02/2023
C113054,57.0,3000.85,5.0,Female,Debit Card,Shoes,Metropol AVM,10/11/2021
C113055,68.0,81.32,2.0,Female,Cash,Cosmetics,Mall of Istanbul,21/08/2021
C113056,31.0,40.66,1.0,Female,Cash,Cosmetics,Viaport Outlet,21/03/2021
C113061,19.0,3000.85,5.0,Female,Cash,Shoes,Mall of Istanbul,7/6/2022
C113062,35.0,15.15,1.0,Female,Cash,Books,Istinye Park,18/08/2022
C113064,26.0,35.84,1.0,Female,Debit Card,Toys,Kanyon,2/10/2021
C113065,54.0,300.08,1.0,Female,Credit Card,Clothing,Mall of Istanbul,3/2/2023
C113067,53.0,600.16,2.0,Female,Cash,Clothing,Mall of Istanbul,4/9/2022
C113068,31.0,179.2,5.0,Male,Debit Card,Toys,Metrocity,13/05/2021
C113070,32.0,203.3,5.0,Female,Cash,Cosmetics,Forum Istanbul,20/04/2022
C113077,62.0,203.3,5.0,Male,Debit Card,Cosmetics,Emaar Square Mall,12/12/2021
C113078,18.0,143.36,4.0,Female,Credit Card,Toys,Kanyon,16/11/2021
C113079,37.0,300.08,1.0,Male,Cash,Clothing,Metrocity,7/12/2022
C113081,54.0,162.64,4.0,Male,Cash,Cosmetics,Mall of Istanbul,10/1/2021
C113083,23.0,1200.32,4.0,Female,Debit Card,Clothing,Mall of Istanbul,26/03/2022
C113086,36.0,81.32,2.0,Male,Debit Card,Cosmetics,Metropol AVM,6/7/2022
C113088,19.0,162.64,4.0,Female,Credit Card,Cosmetics,Cevahir AVM,27/01/2023
C113089,62.0,121.98,3.0,Female,Credit Card,Cosmetics,Kanyon,26/05/2021
C113091,44.0,900.24,3.0,Female,Cash,Clothing,Istinye Park,30/10/2022
C113093,33.0,300.08,1.0,Female,Credit Card,Clothing,Emaar Square Mall,8/12/2022
C113098,66.0,600.16,2.0,Female,Credit Card,Clothing,Mall of Istanbul,8/10/2021
C113099,28.0,5.23,1.0,Male,Credit Card,Food & Beverage,Kanyon,30/12/2021
C113100,51.0,300.08,1.0,Female,Debit Card,Clothing,Metropol AVM,29/05/2021
C113101,41.0,5250.0,5.0,Male,Credit Card,Technology,Metropol AVM,8/12/2021
C113104,43.0,40.66,1.0,Female,Cash,Cosmetics,Mall of Istanbul,6/9/2022
C113105,28.0,20.92,4.0,Male,Debit Card,Food & Beverage,Istinye Park,22/01/2023
C113107,22.0,1200.34,2.0,Female,Cash,Shoes,Metrocity,22/05/2021
C113109,23.0,40.66,1.0,Female,Credit Card,Cosmetics,Viaport Outlet,25/12/2022
C113112,36.0,143.36,4.0,Female,Credit Card,Toys,Mall of Istanbul,12/2/2022
C113115,68.0,900.24,3.0,Female,Credit Card,Clothing,Metropol AVM,17/08/2021
C113119,22.0,179.2,5.0,Female,Credit Card,Toys,Kanyon,25/10/2022
C113121,31.0,11.73,1.0,Female,Credit Card,Souvenir,Metropol AVM,24/05/2022
C113124,36.0,75.75,5.0,Female,Debit Card,Books,Metropol AVM,1/4/2021
C113125,32.0,600.16,2.0,Male,Cash,Clothing,Metropol AVM,7/3/2022
C113133,34.0,203.3,5.0,Male,Debit Card,Cosmetics,Viaport Outlet,19/08/2021
C113136,36.0,600.16,2.0,Male,Debit Card,Clothing,Mall of Istanbul,4/2/2022
C113137,32.0,40.66,1.0,Female,Cash,Cosmetics,Mall of Istanbul,2/5/2022
C113144,23.0,35.19,3.0,Male,Cash,Souvenir,Metropol AVM,28/06/2021
C113147,31.0,121.98,3.0,Female,Cash,Cosmetics,Forum Istanbul,27/02/2021
C113150,56.0,600.16,2.0,Male,Credit Card,Clothing,Forum Istanbul,14/06/2022
C113151,61.0,1500.4,5.0,Female,Cash,Clothing,Mall of Istanbul,13/05/2021
C113153,51.0,1500.4,5.0,Female,Debit Card,Clothing,Mall of Istanbul,17/02/2022
C113156,37.0,2400.68,4.0,Female,Debit Card,Shoes,Mall of Istanbul,10/10/2022
C113157,68.0,26.15,5.0,Female,Cash,Food & Beverage,Kanyon,20/10/2022
C113160,31.0,107.52,3.0,Female,Cash,Toys,Mall of Istanbul,7/2/2021
C113167,38.0,46.92,4.0,Male,Credit Card,Souvenir,Istinye Park,29/09/2021
C113168,24.0,1200.32,4.0,Male,Debit Card,Clothing,Kanyon,1/4/2021
C113170,61.0,203.3,5.0,Female,Credit Card,Cosmetics,Mall of Istanbul,1/5/2021
C113171,19.0,600.17,1.0,Male,Credit Card,Shoes,Metrocity,6/3/2023
C113173,65.0,58.65,5.0,Female,Debit Card,Souvenir,Forum Istanbul,30/09/2022
C113179,65.0,143.36,4.0,Male,Debit Card,Toys,Forum Istanbul,14/10/2021
C113180,32.0,1200.32,4.0,Female,Cash,Clothing,Metrocity,16/07/2021
C113185,62.0,2400.68,4.0,Female,Credit Card,Shoes,Cevahir AVM,3/7/2022
C113186,54.0,600.16,2.0,Male,Cash,Clothing,Mall of Istanbul,29/12/2022
C113188,46.0,143.36,4.0,Male,Debit Card,Toys,Metrocity,23/01/2021
C113190,64.0,15.69,3.0,Female,Cash,Food & Beverage,Kanyon,9/7/2022
C113192,39.0,600.16,2.0,Female,Credit Card,Clothing,Mall of Istanbul,23/07/2021
C113195,46.0,10.46,2.0,Female,Cash,Food & Beverage,Cevahir AVM,16/06/2021
C113196,49.0,107.52,3.0,Female,Cash,Toys,Kanyon,10/11/2021
C113200,41.0,15.69,3.0,Female,Credit Card,Food & Beverage,Metropol AVM,20/12/2021
C113203,55.0,3000.85,5.0,Male,Debit Card,Shoes,Zorlu Center,7/9/2022
C113204,45.0,1200.32,4.0,Male,Credit Card,Clothing,Metropol AVM,12/1/2023
C113206,49.0,900.24,3.0,Male,Cash,Clothing,Forum Istanbul,25/03/2021
C113208,50.0,900.24,3.0,Female,Cash,Clothing,Kanyon,10/8/2021
C113210,50.0,600.16,2.0,Male,Cash,Clothing,Mall of Istanbul,8/5/2022
C113216,30.0,35.84,1.0,Female,Cash,Toys,Emaar Square Mall,12/2/2023
C113217,26.0,26.15,5.0,Female,Cash,Food & Beverage,Metropol AVM,12/6/2022
C113218,24.0,71.68,2.0,Female,Credit Card,Toys,Cevahir AVM,27/08/2021
C113220,38.0,600.16,2.0,Female,Cash,Clothing,Istinye Park,26/12/2022
C113225,27.0,600.16,2.0,Female,Cash,Clothing,Istinye Park,16/03/2022
C113227,29.0,1200.34,2.0,Male,Cash,Shoes,Istinye Park,19/09/2022
C113233,47.0,81.32,2.0,Male,Credit Card,Cosmetics,Mall of Istanbul,22/12/2021
C113237,30.0,600.16,2.0,Male,Credit Card,Clothing,Metrocity,14/06/2022
C113242,64.0,5.23,1.0,Female,Debit Card,Food & Beverage,Mall of Istanbul,19/09/2021
C113243,51.0,10.46,2.0,Male,Credit Card,Food & Beverage,Kanyon,27/03/2022
C113244,57.0,143.36,4.0,Male,Credit Card,Toys,Kanyon,16/06/2021
C113247,22.0,15.69,3.0,Female,Cash,Food & Beverage,Mall of Istanbul,2/2/2022
C113248,30.0,107.52,3.0,Male,Debit Card,Toys,Kanyon,18/06/2022
C113249,66.0,2400.68,4.0,Male,Credit Card,Shoes,Viaport Outlet,18/08/2022
C113251,51.0,121.98,3.0,Female,Cash,Cosmetics,Viaport Outlet,20/08/2022
C113257,59.0,75.75,5.0,Female,Cash,Books,Istinye Park,14/09/2022
C113263,48.0,3000.85,5.0,Female,Cash,Shoes,Emaar Square Mall,6/9/2021
C113264,53.0,1200.32,4.0,Male,Cash,Clothing,Cevahir AVM,10/3/2021
C113266,57.0,15.69,3.0,Female,Debit Card,Food & Beverage,Istinye Park,31/12/2021
C113275,26.0,35.84,1.0,Female,Debit Card,Toys,Istinye Park,21/02/2023
C113276,62.0,1200.32,4.0,Male,Cash,Clothing,Forum Istanbul,15/02/2021
C113278,30.0,300.08,1.0,Female,Debit Card,Clothing,Metrocity,31/05/2022
C113279,19.0,300.08,1.0,Female,Credit Card,Clothing,Mall of Istanbul,26/11/2021
C113281,46.0,600.16,2.0,Male,Credit Card,Clothing,Istinye Park,10/11/2021
C113286,34.0,900.24,3.0,Male,Credit Card,Clothing,Istinye Park,7/2/2022
C113290,45.0,121.98,3.0,Male,Credit Card,Cosmetics,Mall of Istanbul,20/11/2021
C113291,61.0,300.08,1.0,Male,Credit Card,Clothing,Mall of Istanbul,22/12/2022
C113293,30.0,26.15,5.0,Female,Cash,Food & Beverage,Kanyon,24/01/2022
C113294,63.0,11.73,1.0,Male,Credit Card,Souvenir,Emaar Square Mall,20/01/2023
C113298,46.0,600.16,2.0,Female,Credit Card,Clothing,Metropol AVM,5/2/2022
C113301,61.0,11.73,1.0,Female,Credit Card,Souvenir,Metropol AVM,24/02/2021
C113305,44.0,1200.32,4.0,Female,Cash,Clothing,Metropol AVM,2/2/2021
C113306,21.0,1200.32,4.0,Male,Cash,Clothing,Istinye Park,6/11/2021
C113315,46.0,300.08,1.0,Male,Cash,Clothing,Istinye Park,24/10/2021
C113317,37.0,1050.0,1.0,Male,Cash,Technology,Emaar Square Mall,17/01/2021
C113321,59.0,26.15,5.0,Female,Credit Card,Food & Beverage,Istinye Park,4/3/2022
C113323,34.0,1200.34,2.0,Male,Credit Card,Shoes,Mall of Istanbul,8/3/2022
C113324,29.0,600.16,2.0,Female,Credit Card,Clothing,Kanyon,19/12/2022
C113328,32.0,179.2,5.0,Female,Debit Card,Toys,Metrocity,16/05/2021
C113329,50.0,900.24,3.0,Female,Debit Card,Clothing,Istinye Park,20/06/2022
C113334,53.0,900.24,3.0,Male,Credit Card,Clothing,Metrocity,4/7/2021
C113335,39.0,600.16,2.0,Female,Credit Card,Clothing,Mall of Istanbul,8/4/2021
C113341,66.0,300.08,1.0,Female,Cash,Clothing,Mall of Istanbul,1/11/2021
C113347,40.0,1500.4,5.0,Male,Cash,Clothing,Mall of Istanbul,30/10/2022
C113353,59.0,162.64,4.0,Male,Credit Card,Cosmetics,Kanyon,2/8/2021
C113360,40.0,10.46,2.0,Male,Credit Card,Food & Beverage,Kanyon,23/05/2021
C113361,38.0,1200.32,4.0,Male,Cash,Clothing,Metrocity,5/10/2022
C113362,30.0,900.24,3.0,Female,Cash,Clothing,Metrocity,4/6/2021
C113364,69.0,3150.0,3.0,Male,Credit Card,Technology,Mall of Istanbul,17/08/2021
C113370,28.0,162.64,4.0,Male,Cash,Cosmetics,Metrocity,19/01/2021
C113372,63.0,300.08,1.0,Female,Cash,Clothing,Kanyon,20/04/2021
C113377,31.0,900.24,3.0,Female,Cash,Clothing,Istinye Park,12/1/2022
C113379,64.0,900.24,3.0,Female,Cash,Clothing,Forum Istanbul,19/01/2022
C113382,62.0,107.52,3.0,Male,Credit Card,Toys,Mall of Istanbul,19/09/2022
C113384,50.0,1500.4,5.0,Male,Cash,Clothing,Kanyon,17/07/2022
C113389,65.0,81.32,2.0,Female,Credit Card,Cosmetics,Mall of Istanbul,25/10/2022
C113390,49.0,2100.0,2.0,Female,Cash,Technology,Mall of Istanbul,15/06/2021
C113397,67.0,300.08,1.0,Female,Credit Card,Clothing,Metropol AVM,21/01/2022
C113402,29.0,20.92,4.0,Female,Credit Card,Food & Beverage,Mall of Istanbul,13/11/2022
C113403,34.0,40.66,1.0,Male,Cash,Cosmetics,Istinye Park,5/3/2023
C113404,68.0,1200.32,4.0,Male,Cash,Clothing,Emaar Square Mall,26/09/2022
C113407,51.0,600.16,2.0,Female,Cash,Clothing,Mall of Istanbul,28/11/2021
C113421,18.0,15.69,3.0,Female,Credit Card,Food & Beverage,Metrocity,19/05/2022
C113426,45.0,107.52,3.0,Female,Credit Card,Toys,Mall of Istanbul,28/05/2022
C113429,64.0,20.92,4.0,Female,Credit Card,Food & Beverage,Metrocity,4/8/2021
C113430,64.0,203.3,5.0,Male,Credit Card,Cosmetics,Mall of Istanbul,10/11/2022
C113434,56.0,300.08,1.0,Female,Cash,Clothing,Metropol AVM,26/06/2022
C113435,63.0,300.08,1.0,Male,Debit Card,Clothing,Zorlu Center,9/1/2023
C113436,22.0,1200.34,2.0,Male,Credit Card,Shoes,Cevahir AVM,29/11/2022
C113438,33.0,300.08,1.0,Female,Cash,Clothing,Kanyon,15/08/2022
C113441,29.0,40.66,1.0,Male,Debit Card,Cosmetics,Cevahir AVM,10/3/2022
C113443,34.0,5.23,1.0,Female,Debit Card,Food & Beverage,Zorlu Center,15/02/2022
C113444,22.0,2400.68,4.0,Female,Credit Card,Shoes,Metropol AVM,6/10/2022
C113448,58.0,1200.32,4.0,Female,Credit Card,Clothing,Kanyon,11/10/2022
C113449,60.0,1200.32,4.0,Male,Debit Card,Clothing,Metropol AVM,2/11/2021
C113451,58.0,600.16,2.0,Female,Debit Card,Clothing,Zorlu Center,25/07/2021
C113452,19.0,75.75,5.0,Female,Credit Card,Books,Mall of Istanbul,18/05/2021
C113455,21.0,26.15,5.0,Female,Cash,Food & Beverage,Metrocity,7/1/2021
C113459,33.0,1200.34,2.0,Male,Credit Card,Shoes,Emaar Square Mall,12/2/2022
C113460,35.0,3000.85,5.0,Female,Credit Card,Shoes,Cevahir AVM,19/05/2021
C113468,30.0,26.15,5.0,Female,Cash,Food & Beverage,Mall of Istanbul,8/3/2023
C113471,47.0,1800.51,3.0,Female,Credit Card,Shoes,Zorlu Center,3/9/2021
C113472,28.0,15.69,3.0,Female,Credit Card,Food & Beverage,Viaport Outlet,21/01/2023
C113475,60.0,300.08,1.0,Female,Debit Card,Clothing,Mall of Istanbul,11/9/2021
C113477,38.0,179.2,5.0,Male,Credit Card,Toys,Metrocity,7/2/2021
C113479,35.0,26.15,5.0,Female,Credit Card,Food & Beverage,Mall of Istanbul,25/01/2022
C113480,65.0,75.75,5.0,Male,Debit Card,Books,Forum Istanbul,25/12/2022
C113484,28.0,46.92,4.0,Male,Cash,Souvenir,Metrocity,6/1/2021
C113485,66.0,600.16,2.0,Female,Cash,Clothing,Kanyon,29/06/2022
C113489,18.0,11.73,1.0,Female,Cash,Souvenir,Metrocity,15/04/2021
C113491,34.0,1200.32,4.0,Male,Credit Card,Clothing,Kanyon,23/03/2021
C113497,28.0,15.15,1.0,Female,Cash,Books,Mall of Istanbul,4/12/2022
C113505,34.0,143.36,4.0,Male,Credit Card,Toys,Mall of Istanbul,1/11/2021
C113506,31.0,5250.0,5.0,Female,Cash,Technology,Mall of Istanbul,1/12/2022
C113510,50.0,162.64,4.0,Male,Credit Card,Cosmetics,Metrocity,10/4/2022
C113517,29.0,600.17,1.0,Male,Credit Card,Shoes,Kanyon,19/06/2022
C113518,41.0,5.23,1.0,Female,Credit Card,Food & Beverage,Metrocity,19/01/2023
C113521,67.0,5.23,1.0,Female,Cash,Food & Beverage,Emaar Square Mall,10/10/2022
C113523,53.0,26.15,5.0,Female,Debit Card,Food & Beverage,Istinye Park,14/04/2021
C113543,43.0,1200.32,4.0,Female,Debit Card,Clothing,Mall of Istanbul,21/12/2021
C113546,55.0,600.17,1.0,Female,Cash,Shoes,Forum Istanbul,25/08/2021
C113547,24.0,121.98,3.0,Male,Debit Card,Cosmetics,Mall of Istanbul,12/3/2022
C113552,47.0,71.68,2.0,Female,Debit Card,Toys,Istinye Park,18/03/2022
C113553,55.0,1500.4,5.0,Female,Debit Card,Clothing,Emaar Square Mall,14/01/2022
C113555,61.0,5.23,1.0,Female,Cash,Food & Beverage,Forum Istanbul,11/1/2021
C113557,66.0,1500.4,5.0,Female,Cash,Clothing,Forum Istanbul,19/09/2021
C113565,43.0,600.16,2.0,Female,Cash,Clothing,Mall of Istanbul,15/09/2021
C113568,47.0,1200.32,4.0,Male,Cash,Clothing,Kanyon,25/10/2021
C113571,68.0,5.23,1.0,Female,Credit Card,Food & Beverage,Mall of Istanbul,9/10/2021
C113576,52.0,600.16,2.0,Male,Cash,Clothing,Kanyon,2/7/2022
C113578,68.0,900.24,3.0,Female,Credit Card,Clothing,Mall of Istanbul,1/6/2021
C113588,66.0,300.08,1.0,Female,Debit Card,Clothing,Metropol AVM,22/04/2022
C113591,26.0,35.19,3.0,Male,Cash,Souvenir,Kanyon,22/10/2022
C113597,28.0,35.84,1.0,Female,Cash,Toys,Forum Istanbul,14/09/2021
C113599,50.0,300.08,1.0,Male,Debit Card,Clothing,Kanyon,15/11/2022
C113602,39.0,107.52,3.0,Male,Credit Card,Toys,Mall of Istanbul,6/1/2022
C113605,59.0,900.24,3.0,Female,Debit Card,Clothing,Kanyon,15/06/2022
C113608,21.0,75.75,5.0,Female,Cash,Books,Kanyon,1/8/2021
C113609,42.0,5250.0,5.0,Male,Debit Card,Technology,Metrocity,6/8/2021
C113611,20.0,1200.32,4.0,Female,Cash,Clothing,Mall of Istanbul,23/03/2022
C113613,59.0,15.69,3.0,Male,Cash,Food & Beverage,Mall of Istanbul,29/12/2021
C113617,32.0,46.92,4.0,Male,Cash,Souvenir,Mall of Istanbul,23/09/2022
C113631,53.0,40.66,1.0,Female,Credit Card,Cosmetics,Istinye Park,8/6/2021
C113635,27.0,1200.32,4.0,Female,Cash,Clothing,Kanyon,21/06/2022
C113638,48.0,15.69,3.0,Male,Cash,Food & Beverage,Forum Istanbul,4/6/2022
C113641,69.0,15.69,3.0,Female,Credit Card,Food & Beverage,Istinye Park,20/07/2022
C113642,40.0,1500.4,5.0,Female,Credit Card,Clothing,Forum Istanbul,7/6/2022
C113643,55.0,26.15,5.0,Male,Credit Card,Food & Beverage,Metrocity,21/04/2021
C113646,18.0,600.16,2.0,Male,Credit Card,Clothing,Metropol AVM,18/04/2021
C113649,22.0,30.3,2.0,Male,Credit Card,Books,Metropol AVM,28/11/2021
C113651,61.0,20.92,4.0,Female,Cash,Food & Beverage,Metrocity,1/11/2021
C113652,32.0,1500.4,5.0,Female,Credit Card,Clothing,Kanyon,29/10/2021
C113654,62.0,900.24,3.0,Female,Credit Card,Clothing,Mall of Istanbul,21/02/2022
C113656,28.0,300.08,1.0,Male,Cash,Clothing,Istinye Park,22/03/2021
C113660,31.0,162.64,4.0,Female,Cash,Cosmetics,Kanyon,14/09/2022
C113662,36.0,162.64,4.0,Male,Cash,Cosmetics,Metrocity,2/4/2022
C113665,60.0,45.45,3.0,Female,Cash,Books,Mall of Istanbul,20/08/2021
C113670,28.0,1200.32,4.0,Male,Debit Card,Clothing,Mall of Istanbul,5/2/2023
C113673,24.0,3150.0,3.0,Female,Credit Card,Technology,Kanyon,16/05/2022
C113677,33.0,121.98,3.0,Female,Credit Card,Cosmetics,Mall of Istanbul,9/5/2022
C113678,23.0,900.24,3.0,Male,Debit Card,Clothing,Kanyon,9/1/2023
C113684,45.0,107.52,3.0,Female,Cash,Toys,Forum Istanbul,27/04/2022
C113688,48.0,900.24,3.0,Male,Debit Card,Clothing,Kanyon,28/10/2022
C113692,49.0,46.92,4.0,Female,Debit Card,Souvenir,Viaport Outlet,22/06/2021
C113695,62.0,10.46,2.0,Male,Cash,Food & Beverage,Forum Istanbul,17/01/2023
C113698,27.0,26.15,5.0,Male,Cash,Food & Beverage,Metrocity,27/01/2021
C113701,39.0,20.92,4.0,Female,Cash,Food & Beverage,Metrocity,15/02/2022
C113702,60.0,1500.4,5.0,Female,Cash,Clothing,Zorlu Center,13/10/2022
C113708,28.0,179.2,5.0,Female,Credit Card,Toys,Metropol AVM,17/02/2021
C113711,55.0,35.84,1.0,Male,Cash,Toys,Mall of Istanbul,13/10/2021
C113712,50.0,107.52,3.0,Male,Debit Card,Toys,Metrocity,30/09/2022
C113713,54.0,40.66,1.0,Male,Debit Card,Cosmetics,Kanyon,31/12/2021
C113714,58.0,40.66,1.0,Female,Cash,Cosmetics,Mall of Istanbul,3/6/2022
C113716,52.0,1200.34,2.0,Male,Cash,Shoes,Mall of Istanbul,19/05/2022
C113718,49.0,15.69,3.0,Female,Cash,Food & Beverage,Zorlu Center,13/01/2022
C113720,40.0,71.68,2.0,Female,Credit Card,Toys,Mall of Istanbul,20/09/2021
C113721,22.0,60.6,4.0,Female,Debit Card,Books,Cevahir AVM,22/04/2021
C113722,37.0,1500.4,5.0,Female,Cash,Clothing,Metropol AVM,3/11/2021
C113730,27.0,600.17,1.0,Male,Credit Card,Shoes,Mall of Istanbul,6/8/2022
C113733,21.0,203.3,5.0,Male,Cash,Cosmetics,Mall of Istanbul,27/01/2021
C113736,54.0,121.98,3.0,Female,Cash,Cosmetics,Zorlu Center,20/12/2021
C113738,24.0,203.3,5.0,Female,Credit Card,Cosmetics,Emaar Square Mall,19/11/2022
C113739,38.0,1200.32,4.0,Male,Cash,Clothing,Istinye Park,18/01/2023
C113742,21.0,81.32,2.0,Female,Cash,Cosmetics,Mall of Istanbul,7/1/2022
C113748,27.0,1500.4,5.0,Female,Cash,Clothing,Cevahir AVM,4/3/2023
C113758,18.0,46.92,4.0,Male,Credit Card,Souvenir,Kanyon,3/6/2022
C113761,66.0,300.08,1.0,Male,Cash,Clothing,Metrocity,4/2/2023
C113764,43.0,1200.32,4.0,Male,Credit Card,Clothing,Cevahir AVM,13/11/2021
C113765,68.0,3000.85,5.0,Female,Credit Card,Shoes,Istinye Park,12/12/2021
C113770,62.0,4200.0,4.0,Male,Credit Card,Technology,Emaar Square Mall,4/8/2021
C113771,61.0,1500.4,5.0,Female,Cash,Clothing,Emaar Square Mall,1/9/2021
C113773,54.0,23.46,2.0,Male,Credit Card,Souvenir,Cevahir AVM,14/12/2021
C113778,37.0,900.24,3.0,Male,Credit Card,Clothing,Forum Istanbul,7/3/2023
C113779,27.0,15.69,3.0,Female,Credit Card,Food & Beverage,Metrocity,16/06/2021
C113780,25.0,1500.4,5.0,Female,Credit Card,Clothing,Metropol AVM,5/11/2022
C113782,45.0,5.23,1.0,Female,Cash,Food & Beverage,Metropol AVM,15/05/2021
C113783,30.0,23.46,2.0,Male,Credit Card,Souvenir,Zorlu Center,5/10/2022
C113786,60.0,81.32,2.0,Male,Cash,Cosmetics,Kanyon,10/10/2021
C113787,59.0,3000.85,5.0,Male,Debit Card,Shoes,Metropol AVM,4/8/2021
C113794,22.0,2100.0,2.0,Male,Cash,Technology,Metropol AVM,9/11/2022
C113795,54.0,20.92,4.0,Female,Credit Card,Food & Beverage,Mall of Istanbul,8/12/2021
C113802,41.0,3000.85,5.0,Female,Cash,Shoes,Istinye Park,17/06/2022
C113803,28.0,107.52,3.0,Female,Credit Card,Toys,Zorlu Center,3/3/2023
C113806,31.0,1500.4,5.0,Female,Cash,Clothing,Istinye Park,15/09/2021
C113808,27.0,1200.32,4.0,Male,Cash,Clothing,Cevahir AVM,15/04/2022
C113810,54.0,203.3,5.0,Male,Cash,Cosmetics,Mall of Istanbul,26/05/2022
C113812,59.0,1200.32,4.0,Male,Credit Card,Clothing,Istinye Park,11/11/2022
C113813,65.0,40.66,1.0,Female,Credit Card,Cosmetics,Mall of Istanbul,1/11/2022
C113815,21.0,35.19,3.0,Female,Cash,Souvenir,Istinye Park,18/03/2022
C113817,23.0,45.45,3.0,Female,Cash,Books,Mall of Istanbul,10/8/2021
C113820,66.0,1200.32,4.0,Male,Cash,Clothing,Kanyon,26/06/2021
C113827,29.0,15.69,3.0,Male,Debit Card,Food & Beverage,Mall of Istanbul,18/11/2022
C113828,56.0,1500.4,5.0,Male,Credit Card,Clothing,Mall of Istanbul,13/12/2022
C113830,52.0,203.3,5.0,Female,Debit Card,Cosmetics,Zorlu Center,7/4/2021
C113834,55.0,1200.32,4.0,Female,Credit Card,Clothing,Kanyon,22/01/2022
C113836,51.0,20.92,4.0,Female,Credit Card,Food & Beverage,Kanyon,22/06/2022
C113841,18.0,121.98,3.0,Female,Debit Card,Cosmetics,Metropol AVM,12/8/2022
C113845,22.0,900.24,3.0,Female,Debit Card,Clothing,Zorlu Center,5/6/2022
C113860,69.0,1500.4,5.0,Male,Cash,Clothing,Mall of Istanbul,5/3/2022
C113861,64.0,300.08,1.0,Male,Debit Card,Clothing,Metrocity,6/6/2021
C113863,26.0,3000.85,5.0,Female,Credit Card,Shoes,Mall of Istanbul,27/09/2022
C113865,65.0,600.16,2.0,Female,Cash,Clothing,Mall of Istanbul,16/03/2022
C113870,28.0,300.08,1.0,Female,Debit Card,Clothing,Metrocity,20/12/2022
C113880,65.0,162.64,4.0,Male,Credit Card,Cosmetics,Kanyon,2/3/2021
C113881,61.0,2400.68,4.0,Female,Cash,Shoes,Mall of Istanbul,24/06/2022
C113888,35.0,300.08,1.0,Female,Cash,Clothing,Metrocity,21/07/2022
C113890,54.0,600.16,2.0,Female,Cash,Clothing,Emaar Square Mall,29/06/2022
C113891,47.0,162.64,4.0,Male,Debit Card,Cosmetics,Istinye Park,23/08/2021
C113893,19.0,20.92,4.0,Male,Credit Card,Food & Beverage,Kanyon,8/7/2021
C113897,67.0,60.6,4.0,Male,Credit Card,Books,Metrocity,1/1/2021
C113899,65.0,600.17,1.0,Male,Credit Card,Shoes,Metrocity,12/3/2022
C113901,53.0,5.23,1.0,Male,Cash,Food & Beverage,Metropol AVM,15/01/2023
C113902,42.0,40.66,1.0,Male,Cash,Cosmetics,Metrocity,16/06/2021
C113906,35.0,300.08,1.0,Male,Cash,Clothing,Viaport Outlet,2/7/2021
C113910,59.0,71.68,2.0,Female,Credit Card,Toys,Forum Istanbul,23/05/2022
C113916,39.0,1200.34,2.0,Female,Cash,Shoes,Forum Istanbul,14/09/2021
C113927,67.0,900.24,3.0,Male,Debit Card,Clothing,Cevahir AVM,22/07/2022
C113929,41.0,40.66,1.0,Male,Credit Card,Cosmetics,Mall of Istanbul,7/1/2022
C113935,66.0,71.68,2.0,Female,Credit Card,Toys,Istinye Park,25/12/2022
C113936,51.0,5.23,1.0,Male,Cash,Food & Beverage,Metropol AVM,17/08/2021
C113943,31.0,71.68,2.0,Male,Cash,Toys,Emaar Square Mall,25/01/2021
C113945,26.0,143.36,4.0,Male,Cash,Toys,Cevahir AVM,29/11/2021
C113946,66.0,300.08,1.0,Female,Credit Card,Clothing,Metropol AVM,29/09/2021
C113948,51.0,900.24,3.0,Female,Debit Card,Clothing,Kanyon,23/02/2023
C113950,24.0,203.3,5.0,Female,Credit Card,Cosmetics,Viaport Outlet,1/5/2021
C113951,55.0,4200.0,4.0,Female,Credit Card,Technology,Viaport Outlet,4/12/2021
C113957,48.0,35.19,3.0,Male,Debit Card,Souvenir,Metrocity,28/12/2021
C113958,39.0,600.16,2.0,Female,Debit Card,Clothing,Forum Istanbul,20/12/2022
C113961,26.0,35.19,3.0,Female,Cash,Souvenir,Metropol AVM,6/5/2021
C113962,28.0,300.08,1.0,Male,Credit Card,Clothing,Zorlu Center,6/2/2021
C113964,40.0,2400.68,4.0,Female,Cash,Shoes,Metropol AVM,5/11/2021
C113966,40.0,15.69,3.0,Male,Cash,Food & Beverage,Kanyon,23/12/2021
C113968,60.0,4200.0,4.0,Male,Credit Card,Technology,Metrocity,8/1/2021
C113970,32.0,121.98,3.0,Female,Credit Card,Cosmetics,Metropol AVM,14/02/2023
C113971,65.0,26.15,5.0,Female,Credit Card,Food & Beverage,Cevahir AVM,3/8/2022
C113982,52.0,1500.4,5.0,Female,Cash,Clothing,Metropol AVM,13/04/2022
C113985,39.0,10.46,2.0,Female,Cash,Food & Beverage,Istinye Park,6/1/2022
C113992,54.0,1800.51,3.0,Female,Cash,Shoes,Metropol AVM,25/09/2022
C113994,42.0,20.92,4.0,Male,Debit Card,Food & Beverage,Kanyon,1/8/2021
C113998,44.0,2100.0,2.0,Female,Debit Card,Technology,Mall of Istanbul,12/8/2021
C113999,48.0,900.24,3.0,Male,Cash,Clothing,Kanyon,19/04/2021
C114003,49.0,1200.34,2.0,Female,Debit Card,Shoes,Kanyon,1/9/2021
C114007,59.0,58.65,5.0,Male,Credit Card,Souvenir,Kanyon,7/5/2022
C114011,51.0,107.52,3.0,Female,Credit Card,Toys,Metrocity,11/6/2021
C114013,35.0,40.66,1.0,Female,Credit Card,Cosmetics,Emaar Square Mall,11/9/2022
C114014,35.0,1200.32,4.0,Male,Debit Card,Clothing,Kanyon,8/1/2023
C114015,65.0,121.98,3.0,Female,Debit Card,Cosmetics,Mall of Istanbul,15/03/2022
C114023,38.0,23.46,2.0,Female,Cash,Souvenir,Metropol AVM,22/02/2023
C114026,48.0,1500.4,5.0,Female,Credit Card,Clothing,Metropol AVM,5/7/2021
C114031,50.0,600.16,2.0,Male,Credit Card,Clothing,Kanyon,11/6/2022
C114039,52.0,1500.4,5.0,Female,Cash,Clothing,Cevahir AVM,26/12/2022
C114040,20.0,107.52,3.0,Male,Cash,Toys,Mall of Istanbul,7/4/2021
C114041,22.0,121.98,3.0,Female,Credit Card,Cosmetics,Mall of Istanbul,24/07/2021
C114052,59.0,107.52,3.0,Male,Cash,Toys,Mall of Istanbul,12/5/2022
C114055,35.0,179.2,5.0,Female,Debit Card,Toys,Metropol AVM,21/10/2021
C114057,47.0,20.92,4.0,Male,Debit Card,Food & Beverage,Emaar Square Mall,14/04/2021
C114059,32.0,900.24,3.0,Male,Cash,Clothing,Mall of Istanbul,11/7/2021
C114063,32.0,71.68,2.0,Female,Credit Card,Toys,Istinye Park,19/05/2022
C114071,39.0,35.19,3.0,Male,Cash,Souvenir,Forum Istanbul,17/07/2021
C114072,64.0,300.08,1.0,Female,Cash,Clothing,Zorlu Center,16/02/2023
C114073,43.0,162.64,4.0,Male,Credit Card,Cosmetics,Metrocity,29/10/2022
C114074,41.0,2400.68,4.0,Male,Cash,Shoes,Kanyon,3/9/2022
C114079,52.0,1200.34,2.0,Female,Credit Card,Shoes,Mall of Istanbul,18/08/2022
C114083,66.0,900.24,3.0,Female,Credit Card,Clothing,Kanyon,10/8/2021
C114084,54.0,26.15,5.0,Female,Credit Card,Food & Beverage,Kanyon,4/6/2022
C114090,50.0,4200.0,4.0,Female,Credit Card,Technology,Kanyon,7/11/2022
C114095,51.0,162.64,4.0,Female,Cash,Cosmetics,Kanyon,3/3/2022
C114096,48.0,20.92,4.0,Female,Debit Card,Food & Beverage,Viaport Outlet,5/11/2021
C114099,38.0,26.15,5.0,Female,Debit Card,Food & Beverage,Kanyon,29/03/2021
C114105,52.0,2400.68,4.0,Male,Debit Card,Shoes,Kanyon,19/10/2021
C114106,32.0,162.64,4.0,Female,Credit Card,Cosmetics,Metrocity,4/1/2022
C114108,36.0,1200.32,4.0,Male,Credit Card,Clothing,Metrocity,28/11/2022
C114112,45.0,900.24,3.0,Male,Cash,Clothing,Mall of Istanbul,6/1/2023
C114116,58.0,1500.4,5.0,Female,Cash,Clothing,Istinye Park,6/3/2023
C114117,54.0,5250.0,5.0,Female,Cash,Technology,Kanyon,1/8/2022
C114123,33.0,40.66,1.0,Male,Cash,Cosmetics,Cevahir AVM,17/05/2021
C114125,62.0,143.36,4.0,Female,Credit Card,Toys,Kanyon,26/04/2021
C114127,23.0,35.84,1.0,Female,Cash,Toys,Metropol AVM,7/3/2022
C114129,44.0,143.36,4.0,Female,Cash,Toys,Emaar Square Mall,6/10/2021
C114130,24.0,900.24,3.0,Female,Cash,Clothing,Metrocity,18/01/2022
C114131,58.0,1500.4,5.0,Female,Cash,Clothing,Metropol AVM,8/6/2022
C114136,39.0,45.45,3.0,Female,Credit Card,Books,Metrocity,6/12/2021
C114155,26.0,1500.4,5.0,Female,Credit Card,Clothing,Kanyon,24/03/2022
C114157,30.0,900.24,3.0,Male,Debit Card,Clothing,Mall of Istanbul,4/9/2022
C114160,68.0,75.75,5.0,Female,Cash,Books,Kanyon,9/11/2022
C114161,27.0,1200.34,2.0,Male,Credit Card,Shoes,Mall of Istanbul,24/11/2021
C114164,43.0,5.23,1.0,Female,Credit Card,Food & Beverage,Cevahir AVM,5/2/2021
C114165,25.0,2400.68,4.0,Female,Debit Card,Shoes,Zorlu Center,17/08/2021
C114166,54.0,58.65,5.0,Male,Credit Card,Souvenir,Emaar Square Mall,14/09/2021
C114170,37.0,300.08,1.0,Female,Credit Card,Clothing,Mall of Istanbul,9/8/2022
C114174,30.0,3000.85,5.0,Female,Cash,Shoes,Kanyon,5/6/2022
C114180,44.0,600.16,2.0,Female,Cash,Clothing,Kanyon,20/11/2022
C114183,60.0,900.24,3.0,Female,Cash,Clothing,Viaport Outlet,26/05/2022
C114187,19.0,1500.4,5.0,Male,Cash,Clothing,Cevahir AVM,23/01/2022
C114188,61.0,15.15,1.0,Female,Cash,Books,Metrocity,1/6/2022
C114189,49.0,81.32,2.0,Female,Credit Card,Cosmetics,Mall of Istanbul,4/9/2021
C114195,33.0,58.65,5.0,Male,Cash,Souvenir,Metrocity,15/03/2022
C114196,60.0,203.3,5.0,Female,Debit Card,Cosmetics,Metropol AVM,2/11/2022
C114202,47.0,71.68,2.0,Male,Cash,Toys,Mall of Istanbul,17/01/2021
C114203,42.0,26.15,5.0,Female,Debit Card,Food & Beverage,Zorlu Center,27/09/2022
C114206,20.0,900.24,3.0,Male,Credit Card,Clothing,Mall of Istanbul,22/05/2021
C114209,65.0,900.24,3.0,Female,Credit Card,Clothing,Kanyon,30/05/2021
C114211,53.0,1500.4,5.0,Female,Cash,Clothing,Mall of Istanbul,9/8/2021
C114212,22.0,121.98,3.0,Male,Credit Card,Cosmetics,Kanyon,18/07/2022
C114216,36.0,143.36,4.0,Male,Debit Card,Toys,Metropol AVM,27/05/2022
C114220,29.0,121.98,3.0,Female,Credit Card,Cosmetics,Forum Istanbul,20/08/2022
C114222,48.0,1200.32,4.0,Female,Cash,Clothing,Kanyon,1/8/2021
C114224,39.0,900.24,3.0,Female,Credit Card,Clothing,Zorlu Center,4/10/2021
C114226,44.0,900.24,3.0,Male,Cash,Clothing,Metrocity,16/07/2021
C114231,23.0,600.17,1.0,Male,Cash,Shoes,Metrocity,10/7/2022
C114235,24.0,300.08,1.0,Female,Debit Card,Clothing,Zorlu Center,10/6/2022
C114238,36.0,600.16,2.0,Male,Cash,Clothing,Metropol AVM,25/02/2022
C114240,36.0,121.98,3.0,Female,Credit Card,Cosmetics,Metrocity,17/06/2022
C114244,42.0,1500.4,5.0,Female,Credit Card,Clothing,Kanyon,10/11/2022
C114246,37.0,26.15,5.0,Female,Cash,Food & Beverage,Kanyon,4/3/2023
C114249,47.0,1500.4,5.0,Female,Debit Card,Clothing,Metropol AVM,30/03/2022
C114250,42.0,23.46,2.0,Female,Cash,Souvenir,Metrocity,1/11/2021
C114254,63.0,3150.0,3.0,Male,Credit Card,Technology,Emaar Square Mall,3/3/2021
C114264,44.0,600.16,2.0,Female,Cash,Clothing,Metrocity,7/10/2022
C114273,44.0,600.16,2.0,Female,Cash,Clothing,Emaar Square Mall,19/06/2021
C114278,58.0,35.84,1.0,Female,Cash,Toys,Metrocity,13/01/2022
C114282,29.0,600.17,1.0,Female,Credit Card,Shoes,Mall of Istanbul,21/12/2021
C114283,30.0,1200.32,4.0,Female,Credit Card,Clothing,Metropol AVM,30/07/2022
C114287,69.0,5.23,1.0,Male,Cash,Food & Beverage,Metrocity,9/4/2021
C114288,40.0,3000.85,5.0,Female,Cash,Shoes,Metrocity,8/7/2022
C114294,57.0,1500.4,5.0,Female,Cash,Clothing,Kanyon,13/08/2022
C114295,24.0,1200.32,4.0,Male,Cash,Clothing,Mall of Istanbul,26/03/2022
C114305,27.0,900.24,3.0,Male,Cash,Clothing,Metrocity,23/03/2021
C114307,65.0,203.3,5.0,Female,Cash,Cosmetics,Metropol AVM,3/6/2022
C114310,33.0,1200.34,2.0,Female,Debit Card,Shoes,Viaport Outlet,12/10/2021
C114312,32.0,5.23,1.0,Female,Cash,Food & Beverage,Metropol AVM,22/11/2022
C114315,22.0,5.23,1.0,Female,Debit Card,Food & Beverage,Metrocity,14/03/2022
C114320,45.0,15.69,3.0,Female,Cash,Food & Beverage,Zorlu Center,30/05/2021
C114323,37.0,35.84,1.0,Female,Credit Card,Toys,Mall of Istanbul,10/3/2021
C114331,29.0,300.08,1.0,Female,Debit Card,Clothing,Metropol AVM,23/11/2021
C114336,45.0,121.98,3.0,Female,Debit Card,Cosmetics,Kanyon,28/12/2022
C114347,36.0,2100.0,2.0,Male,Debit Card,Technology,Mall of Istanbul,31/08/2021
C114354,32.0,3150.0,3.0,Male,Cash,Technology,Viaport Outlet,1/3/2023
C114355,26.0,1200.32,4.0,Female,Credit Card,Clothing,Istinye Park,2/11/2022
C114356,67.0,81.32,2.0,Male,Credit Card,Cosmetics,Mall of Istanbul,23/02/2022
C114361,54.0,600.17,1.0,Male,Cash,Shoes,Mall of Istanbul,18/01/2022
C114364,25.0,900.24,3.0,Male,Debit Card,Clothing,Metrocity,18/05/2022
C114368,56.0,23.46,2.0,Female,Cash,Souvenir,Kanyon,2/10/2021
C114370,61.0,203.3,5.0,Male,Cash,Cosmetics,Mall of Istanbul,25/08/2021
C114377,59.0,20.92,4.0,Female,Cash,Food & Beverage,Metrocity,1/2/2023
C114378,43.0,203.3,5.0,Male,Cash,Cosmetics,Cevahir AVM,29/03/2022
C114387,48.0,121.98,3.0,Female,Debit Card,Cosmetics,Metrocity,21/10/2022
C114391,52.0,71.68,2.0,Female,Cash,Toys,Viaport Outlet,19/01/2021
C114402,19.0,1500.4,5.0,Female,Credit Card,Clothing,Kanyon,8/4/2021
C114403,60.0,35.19,3.0,Female,Credit Card,Souvenir,Istinye Park,15/10/2021
C114404,48.0,1200.32,4.0,Female,Cash,Clothing,Mall of Istanbul,31/03/2021
C114406,49.0,75.75,5.0,Female,Credit Card,Books,Mall of Istanbul,23/03/2021
C114407,45.0,1500.4,5.0,Male,Cash,Clothing,Cevahir AVM,9/5/2021
C114408,66.0,5.23,1.0,Male,Cash,Food & Beverage,Kanyon,4/9/2022
C114411,26.0,35.84,1.0,Female,Cash,Toys,Emaar Square Mall,21/12/2021
C114412,41.0,600.16,2.0,Male,Cash,Clothing,Kanyon,18/02/2022
C114419,59.0,1200.34,2.0,Female,Credit Card,Shoes,Metropol AVM,7/5/2021
C114423,37.0,15.69,3.0,Female,Debit Card,Food & Beverage,Metrocity,19/12/2022
C114428,36.0,40.66,1.0,Female,Debit Card,Cosmetics,Kanyon,6/12/2022
C114431,42.0,1800.51,3.0,Female,Cash,Shoes,Kanyon,16/04/2022
C114436,52.0,35.19,3.0,Male,Credit Card,Souvenir,Mall of Istanbul,24/01/2021
C114437,61.0,5250.0,5.0,Male,Cash,Technology,Istinye Park,10/8/2021
C114440,19.0,26.15,5.0,Male,Debit Card,Food & Beverage,Kanyon,12/1/2023
C114444,23.0,2400.68,4.0,Female,Debit Card,Shoes,Metrocity,30/06/2022
C114451,60.0,30.3,2.0,Female,Credit Card,Books,Kanyon,22/06/2022
C114459,37.0,5.23,1.0,Male,Credit Card,Food & Beverage,Mall of Istanbul,13/01/2021
C114461,64.0,121.98,3.0,Female,Cash,Cosmetics,Metropol AVM,5/10/2021
C114463,38.0,1200.34,2.0,Male,Cash,Shoes,Mall of Istanbul,19/10/2021
C114466,51.0,3000.85,5.0,Male,Cash,Shoes,Metrocity,14/10/2022
C114477,25.0,15.15,1.0,Female,Cash,Books,Kanyon,23/12/2021
C114486,58.0,71.68,2.0,Female,Debit Card,Toys,Kanyon,28/12/2022
C114488,63.0,4200.0,4.0,Female,Credit Card,Technology,Kanyon,11/2/2022
C114490,20.0,121.98,3.0,Female,Cash,Cosmetics,Metropol AVM,3/2/2022
C114496,21.0,1200.32,4.0,Female,Cash,Clothing,Viaport Outlet,26/04/2022
C114500,59.0,15.69,3.0,Male,Cash,Food & Beverage,Metropol AVM,27/09/2021
C114501,22.0,15.69,3.0,Male,Credit Card,Food & Beverage,Mall of Istanbul,11/7/2022
C114504,53.0,900.24,3.0,Female,Cash,Clothing,Mall of Istanbul,27/06/2021
C114509,22.0,26.15,5.0,Female,Cash,Food & Beverage,Kanyon,8/10/2021
C114515,61.0,20.92,4.0,Male,Credit Card,Food & Beverage,Metrocity,18/12/2021
C114520,27.0,900.24,3.0,Male,Cash,Clothing,Viaport Outlet,22/01/2022
C114525,59.0,600.17,1.0,Male,Cash,Shoes,Metropol AVM,14/12/2022
C114530,60.0,1200.34,2.0,Female,Debit Card,Shoes,Mall of Istanbul,30/05/2022
C114531,20.0,162.64,4.0,Female,Cash,Cosmetics,Kanyon,14/01/2023
C114533,55.0,26.15,5.0,Male,Credit Card,Food & Beverage,Metrocity,28/07/2021
C114534,33.0,35.19,3.0,Female,Cash,Souvenir,Kanyon,2/8/2021
C114541,55.0,10.46,2.0,Female,Cash,Food & Beverage,Zorlu Center,6/10/2022
C114544,42.0,1500.4,5.0,Male,Credit Card,Clothing,Zorlu Center,15/09/2022
C114550,24.0,71.68,2.0,Female,Credit Card,Toys,Metropol AVM,9/5/2022
C114552,19.0,15.69,3.0,Male,Credit Card,Food & Beverage,Kanyon,5/6/2022
C114563,51.0,300.08,1.0,Female,Credit Card,Clothing,Metrocity,14/02/2021
C114564,62.0,10.46,2.0,Female,Debit Card,Food & Beverage,Metrocity,7/9/2022
C114566,49.0,10.46,2.0,Female,Debit Card,Food & Beverage,Metrocity,29/04/2022
C114567,64.0,1500.4,5.0,Male,Debit Card,Clothing,Kanyon,28/01/2022
C114570,27.0,15.69,3.0,Female,Cash,Food & Beverage,Viaport Outlet,25/08/2022
C114575,69.0,162.64,4.0,Female,Credit Card,Cosmetics,Mall of Istanbul,23/07/2021
C114580,36.0,23.46,2.0,Male,Cash,Souvenir,Forum Istanbul,9/2/2021
C114581,50.0,300.08,1.0,Male,Cash,Clothing,Metrocity,10/1/2021
C114585,23.0,1800.51,3.0,Male,Cash,Shoes,Mall of Istanbul,8/10/2021
C114587,23.0,15.69,3.0,Female,Cash,Food & Beverage,Metropol AVM,16/01/2023
C114590,26.0,1500.4,5.0,Female,Cash,Clothing,Istinye Park,13/03/2022
C114592,62.0,45.45,3.0,Female,Debit Card,Books,Mall of Istanbul,14/03/2022
C114597,49.0,5.23,1.0,Female,Credit Card,Food & Beverage,Forum Istanbul,8/4/2022
C114598,63.0,3000.85,5.0,Male,Cash,Shoes,Kanyon,11/12/2021
C114602,36.0,900.24,3.0,Female,Cash,Clothing,Metropol AVM,28/02/2022
C114606,34.0,600.17,1.0,Female,Debit Card,Shoes,Metropol AVM,4/1/2023
C114607,42.0,600.16,2.0,Female,Cash,Clothing,Metrocity,26/09/2022
C114608,18.0,3000.85,5.0,Female,Debit Card,Shoes,Metrocity,26/06/2022
C114621,51.0,179.2,5.0,Male,Credit Card,Toys,Kanyon,6/2/2021
C114626,63.0,900.24,3.0,Male,Cash,Clothing,Viaport Outlet,8/11/2022
C114627,24.0,1200.32,4.0,Male,Credit Card,Clothing,Metrocity,28/06/2021
C114628,22.0,1500.4,5.0,Female,Credit Card,Clothing,Istinye Park,7/1/2023
C114629,24.0,900.24,3.0,Female,Cash,Clothing,Zorlu Center,22/12/2022
C114631,59.0,26.15,5.0,Female,Credit Card,Food & Beverage,Istinye Park,9/6/2022
C114634,43.0,30.3,2.0,Female,Credit Card,Books,Forum Istanbul,4/2/2023
C114636,18.0,35.19,3.0,Female,Debit Card,Souvenir,Kanyon,28/03/2022
C114643,31.0,121.98,3.0,Female,Cash,Cosmetics,Kanyon,4/3/2023
C114644,61.0,5.23,1.0,Female,Debit Card,Food & Beverage,Istinye Park,22/03/2022
C114646,34.0,600.16,2.0,Male,Credit Card,Clothing,Viaport Outlet,8/2/2022
C114650,65.0,1200.32,4.0,Female,Cash,Clothing,Mall of Istanbul,3/1/2023
C114657,30.0,35.84,1.0,Female,Credit Card,Toys,Mall of Istanbul,8/11/2022
C114662,49.0,15.69,3.0,Female,Debit Card,Food & Beverage,Metropol AVM,11/5/2022
C114665,53.0,1500.4,5.0,Male,Cash,Clothing,Metrocity,23/06/2022
C114666,42.0,1200.32,4.0,Male,Cash,Clothing,Mall of Istanbul,16/01/2022
C114669,66.0,600.16,2.0,Male,Cash,Clothing,Mall of Istanbul,27/10/2022
C114675,32.0,26.15,5.0,Female,Cash,Food & Beverage,Istinye Park,7/8/2022
C114676,34.0,121.98,3.0,Female,Debit Card,Cosmetics,Istinye Park,10/6/2022
C114688,46.0,58.65,5.0,Female,Debit Card,Souvenir,Mall of Istanbul,22/08/2022
C114690,66.0,71.68,2.0,Female,Credit Card,Toys,Istinye Park,6/9/2021
C114691,39.0,35.19,3.0,Female,Credit Card,Souvenir,Istinye Park,20/11/2022
C114692,49.0,5.23,1.0,Male,Credit Card,Food & Beverage,Cevahir AVM,10/1/2021
C114697,67.0,900.24,3.0,Female,Cash,Clothing,Mall of Istanbul,12/11/2021
C114698,24.0,2400.68,4.0,Female,Credit Card,Shoes,Zorlu Center,26/02/2023
C114700,68.0,1500.4,5.0,Female,Cash,Clothing,Kanyon,9/6/2022
C114702,54.0,15.69,3.0,Male,Cash,Food & Beverage,Kanyon,26/06/2021
C114704,27.0,81.32,2.0,Male,Cash,Cosmetics,Mall of Istanbul,13/04/2021
C114706,59.0,1200.32,4.0,Female,Debit Card,Clothing,Metrocity,9/7/2022
C114707,50.0,121.98,3.0,Female,Cash,Cosmetics,Metrocity,16/05/2022
C114710,26.0,45.45,3.0,Male,Cash,Books,Viaport Outlet,12/5/2021
C114713,21.0,10.46,2.0,Female,Cash,Food & Beverage,Forum Istanbul,1/11/2021
C114715,52.0,20.92,4.0,Male,Debit Card,Food & Beverage,Istinye Park,20/06/2022
C114719,46.0,300.08,1.0,Male,Cash,Clothing,Kanyon,8/8/2021
C114720,19.0,900.24,3.0,Female,Cash,Clothing,Kanyon,5/5/2021
C114723,29.0,1500.4,5.0,Male,Credit Card,Clothing,Zorlu Center,21/07/2022
C114725,58.0,900.24,3.0,Female,Credit Card,Clothing,Forum Istanbul,29/10/2022
C114728,48.0,23.46,2.0,Male,Cash,Souvenir,Viaport Outlet,9/2/2022
C114729,52.0,5250.0,5.0,Male,Cash,Technology,Mall of Istanbul,22/08/2021
C114738,39.0,4200.0,4.0,Male,Cash,Technology,Cevahir AVM,30/03/2021
C114739,44.0,600.17,1.0,Male,Debit Card,Shoes,Emaar Square Mall,11/10/2021
C114740,41.0,1500.4,5.0,Female,Debit Card,Clothing,Kanyon,3/2/2021
C114742,62.0,2400.68,4.0,Female,Credit Card,Shoes,Metropol AVM,30/05/2022
C114743,29.0,1800.51,3.0,Male,Credit Card,Shoes,Istinye Park,1/3/2022
C114746,36.0,162.64,4.0,Female,Credit Card,Cosmetics,Mall of Istanbul,23/11/2022
C114749,61.0,300.08,1.0,Female,Credit Card,Clothing,Cevahir AVM,17/12/2021
C114752,34.0,1200.32,4.0,Female,Credit Card,Clothing,Zorlu Center,3/4/2022
C114756,54.0,35.84,1.0,Male,Credit Card,Toys,Forum Istanbul,21/11/2022
C114758,50.0,1800.51,3.0,Female,Credit Card,Shoes,Cevahir AVM,19/04/2022
C114762,42.0,1500.4,5.0,Female,Credit Card,Clothing,Istinye Park,6/9/2021
C114766,46.0,3150.0,3.0,Female,Cash,Technology,Zorlu Center,31/05/2021
C114771,67.0,3000.85,5.0,Male,Credit Card,Shoes,Emaar Square Mall,19/09/2022
C114775,40.0,600.16,2.0,Male,Cash,Clothing,Zorlu Center,3/3/2021
C114784,62.0,45.45,3.0,Female,Credit Card,Books,Emaar Square Mall,19/11/2022
C114786,51.0,2100.0,2.0,Male,Credit Card,Technology,Istinye Park,21/03/2021
C114791,58.0,75.75,5.0,Female,Credit Card,Books,Mall of Istanbul,24/01/2022
C114800,56.0,900.24,3.0,Female,Cash,Clothing,Mall of Istanbul,6/8/2022
C114804,66.0,5250.0,5.0,Male,Credit Card,Technology,Emaar Square Mall,19/03/2021
C114805,26.0,900.24,3.0,Male,Credit Card,Clothing,Cevahir AVM,23/12/2022
C114807,68.0,71.68,2.0,Female,Cash,Toys,Emaar Square Mall,15/03/2021
C114811,24.0,1800.51,3.0,Female,Cash,Shoes,Forum Istanbul,16/03/2022
C114812,38.0,121.98,3.0,Female,Credit Card,Cosmetics,Cevahir AVM,23/09/2021
C114815,66.0,3000.85,5.0,Male,Credit Card,Shoes,Metrocity,2/11/2022
C114816,23.0,1500.4,5.0,Male,Cash,Clothing,Zorlu Center,21/08/2021
C114818,56.0,900.24,3.0,Female,Cash,Clothing,Cevahir AVM,25/06/2021
C114819,56.0,300.08,1.0,Male,Credit Card,Clothing,Metrocity,8/1/2023
C114823,28.0,75.75,5.0,Female,Debit Card,Books,Viaport Outlet,2/1/2021
C114827,22.0,2400.68,4.0,Female,Cash,Shoes,Kanyon,9/3/2022
C114830,34.0,1800.51,3.0,Male,Debit Card,Shoes,Mall of Istanbul,24/07/2022
C114831,62.0,26.15,5.0,Female,Credit Card,Food & Beverage,Metropol AVM,22/02/2022
C114834,51.0,40.66,1.0,Female,Cash,Cosmetics,Metrocity,28/08/2022
C114835,42.0,300.08,1.0,Male,Credit Card,Clothing,Emaar Square Mall,18/07/2022
C114836,34.0,26.15,5.0,Female,Cash,Food & Beverage,Zorlu Center,12/3/2021
C114837,44.0,20.92,4.0,Female,Cash,Food & Beverage,Metrocity,29/10/2021
C114843,24.0,2100.0,2.0,Female,Cash,Technology,Mall of Istanbul,28/09/2022
C114848,31.0,60.6,4.0,Female,Cash,Books,Metrocity,2/6/2022
C114849,35.0,40.66,1.0,Female,Debit Card,Cosmetics,Mall of Istanbul,9/3/2021
C114854,54.0,46.92,4.0,Female,Cash,Souvenir,Istinye Park,8/6/2022
C114855,27.0,23.46,2.0,Female,Debit Card,Souvenir,Istinye Park,23/04/2022
C114857,43.0,23.46,2.0,Male,Cash,Souvenir,Kanyon,13/03/2021
C114859,25.0,600.16,2.0,Female,Debit Card,Clothing,Kanyon,7/1/2021
C114861,69.0,300.08,1.0,Female,Cash,Clothing,Metropol AVM,16/02/2023
C114863,54.0,40.66,1.0,Male,Cash,Cosmetics,Kanyon,22/11/2021
C114864,40.0,1200.32,4.0,Female,Debit Card,Clothing,Metropol AVM,8/4/2022
C114865,68.0,4200.0,4.0,Male,Cash,Technology,Metrocity,30/03/2021
C114871,21.0,203.3,5.0,Female,Credit Card,Cosmetics,Emaar Square Mall,5/12/2021
C114875,53.0,1200.32,4.0,Male,Cash,Clothing,Kanyon,23/01/2021
C114876,41.0,1200.32,4.0,Male,Credit Card,Clothing,Metrocity,10/5/2022
C114884,22.0,1200.32,4.0,Male,Credit Card,Clothing,Metrocity,12/9/2022
C114891,47.0,179.2,5.0,Male,Cash,Toys,Metropol AVM,10/4/2021
C114893,19.0,300.08,1.0,Female,Cash,Clothing,Zorlu Center,25/07/2022
C114895,29.0,203.3,5.0,Female,Cash,Cosmetics,Mall of Istanbul,1/1/2022
C114896,55.0,1500.4,5.0,Female,Credit Card,Clothing,Istinye Park,31/12/2022
C114897,68.0,2100.0,2.0,Male,Cash,Technology,Forum Istanbul,3/1/2022
C114898,35.0,2400.68,4.0,Male,Cash,Shoes,Istinye Park,15/10/2021
C114902,35.0,300.08,1.0,Female,Credit Card,Clothing,Metrocity,14/10/2021
C114903,37.0,15.69,3.0,Male,Cash,Food & Beverage,Mall of Istanbul,9/2/2023
C114904,46.0,11.73,1.0,Female,Credit Card,Souvenir,Zorlu Center,31/10/2022
C114910,57.0,600.16,2.0,Female,Credit Card,Clothing,Kanyon,19/04/2021
C114911,49.0,15.69,3.0,Male,Cash,Food & Beverage,Mall of Istanbul,18/04/2022
C114922,35.0,300.08,1.0,Female,Cash,Clothing,Istinye Park,30/01/2023
C114925,66.0,3000.85,5.0,Male,Cash,Shoes,Mall of Istanbul,3/1/2022
C114926,31.0,203.3,5.0,Male,Credit Card,Cosmetics,Istinye Park,24/07/2021
C114928,54.0,81.32,2.0,Male,Cash,Cosmetics,Zorlu Center,21/08/2022
C114931,25.0,300.08,1.0,Male,Debit Card,Clothing,Cevahir AVM,23/11/2022
C114933,36.0,300.08,1.0,Female,Credit Card,Clothing,Istinye Park,24/11/2021
C114935,22.0,1200.32,4.0,Female,Cash,Clothing,Viaport Outlet,1/1/2023
C114938,25.0,900.24,3.0,Female,Cash,Clothing,Emaar Square Mall,17/10/2021
C114945,36.0,46.92,4.0,Female,Credit Card,Souvenir,Istinye Park,1/3/2022
C114947,47.0,1200.34,2.0,Female,Credit Card,Shoes,Istinye Park,6/12/2021
C114952,64.0,1200.32,4.0,Female,Cash,Clothing,Cevahir AVM,7/7/2021
C114953,67.0,60.6,4.0,Female,Cash,Books,Istinye Park,1/3/2021
C114954,53.0,15.69,3.0,Female,Cash,Food & Beverage,Kanyon,19/07/2022
C114955,45.0,1200.34,2.0,Male,Credit Card,Shoes,Metrocity,17/01/2023
C114958,51.0,11.73,1.0,Male,Credit Card,Souvenir,Metrocity,1/3/2021
C114962,23.0,203.3,5.0,Female,Debit Card,Cosmetics,Metrocity,5/8/2021
C114965,44.0,900.24,3.0,Female,Credit Card,Clothing,Istinye Park,25/07/2021
C114976,66.0,35.84,1.0,Female,Debit Card,Toys,Metrocity,1/8/2022
C114977,65.0,143.36,4.0,Female,Debit Card,Toys,Metrocity,23/02/2023
C114984,18.0,40.66,1.0,Male,Credit Card,Cosmetics,Kanyon,12/6/2022
C114985,37.0,81.32,2.0,Female,Credit Card,Cosmetics,Metrocity,23/02/2022
C114986,45.0,600.17,1.0,Male,Debit Card,Shoes,Mall of Istanbul,22/04/2022
C114989,58.0,1200.32,4.0,Female,Credit Card,Clothing,Mall of Istanbul,24/12/2022
C114991,37.0,15.15,1.0,Male,Cash,Books,Viaport Outlet,7/12/2022
C114995,60.0,35.19,3.0,Female,Cash,Souvenir,Kanyon,24/08/2022
C114996,21.0,46.92,4.0,Female,Cash,Souvenir,Forum Istanbul,6/11/2022
C114998,41.0,900.24,3.0,Female,Credit Card,Clothing,Forum Istanbul,14/02/2022
C115001,63.0,121.98,3.0,Male,Credit Card,Cosmetics,Metrocity,20/02/2023
C115003,45.0,600.16,2.0,Male,Cash,Clothing,Metropol AVM,7/9/2022
C115005,40.0,300.08,1.0,Female,Cash,Clothing,Metrocity,14/01/2021
C115007,48.0,35.84,1.0,Female,Cash,Toys,Metrocity,22/12/2022
C115008,69.0,1200.32,4.0,Male,Cash,Clothing,Metropol AVM,27/06/2021
C115011,27.0,40.66,1.0,Male,Debit Card,Cosmetics,Metrocity,24/10/2021
C115012,32.0,1800.51,3.0,Female,Credit Card,Shoes,Mall of Istanbul,25/12/2022
C115018,53.0,23.46,2.0,Female,Cash,Souvenir,Istinye Park,18/05/2021
C115020,27.0,1050.0,1.0,Female,Credit Card,Technology,Mall of Istanbul,22/07/2022
C115029,61.0,35.84,1.0,Male,Cash,Toys,Mall of Istanbul,16/05/2021
C115030,65.0,1500.4,5.0,Male,Credit Card,Clothing,Emaar Square Mall,2/2/2022
C115031,30.0,71.68,2.0,Male,Cash,Toys,Metrocity,7/2/2023
C115034,36.0,2400.68,4.0,Female,Debit Card,Shoes,Mall of Istanbul,1/6/2021
C115037,68.0,600.17,1.0,Male,Cash,Shoes,Viaport Outlet,12/2/2022
C115039,40.0,15.69,3.0,Female,Cash,Food & Beverage,Istinye Park,9/11/2022
C115040,22.0,900.24,3.0,Female,Cash,Clothing,Kanyon,15/01/2021
C115050,63.0,121.98,3.0,Female,Cash,Cosmetics,Istinye Park,7/10/2022
C115052,60.0,600.16,2.0,Female,Debit Card,Clothing,Metropol AVM,22/06/2022
C115053,30.0,1200.32,4.0,Female,Debit Card,Clothing,Emaar Square Mall,14/04/2021
C115058,30.0,203.3,5.0,Female,Credit Card,Cosmetics,Mall of Istanbul,9/10/2021
C115059,21.0,11.73,1.0,Female,Debit Card,Souvenir,Mall of Istanbul,9/9/2022
C115061,56.0,143.36,4.0,Male,Cash,Toys,Cevahir AVM,16/08/2021
C115065,29.0,75.75,5.0,Female,Cash,Books,Istinye Park,8/11/2021
C115069,66.0,10.46,2.0,Male,Debit Card,Food & Beverage,Mall of Istanbul,9/3/2022
C115074,22.0,3000.85,5.0,Female,Debit Card,Shoes,Forum Istanbul,6/4/2021
C115076,65.0,35.84,1.0,Male,Debit Card,Toys,Mall of Istanbul,5/7/2022
C115077,44.0,300.08,1.0,Male,Cash,Clothing,Kanyon,28/02/2021
C115078,49.0,600.17,1.0,Female,Cash,Shoes,Kanyon,17/02/2023
C115087,65.0,1800.51,3.0,Male,Cash,Shoes,Metrocity,8/3/2023
C115091,58.0,81.32,2.0,Female,Credit Card,Cosmetics,Forum Istanbul,10/5/2022
C115093,21.0,60.6,4.0,Female,Debit Card,Books,Mall of Istanbul,19/05/2021
C115111,32.0,71.68,2.0,Female,Cash,Toys,Mall of Istanbul,18/11/2022
C115115,21.0,600.16,2.0,Female,Cash,Clothing,Forum Istanbul,10/4/2021
C115121,68.0,15.69,3.0,Female,Credit Card,Food & Beverage,Viaport Outlet,5/4/2021
C115123,63.0,600.16,2.0,Female,Credit Card,Clothing,Mall of Istanbul,15/12/2022
C115125,35.0,1500.4,5.0,Male,Credit Card,Clothing,Mall of Istanbul,25/10/2022
C115127,69.0,20.92,4.0,Female,Cash,Food & Beverage,Mall of Istanbul,19/05/2022
C115128,57.0,162.64,4.0,Female,Cash,Cosmetics,Kanyon,16/07/2022
C115131,64.0,600.16,2.0,Male,Cash,Clothing,Metrocity,31/07/2022
C115135,38.0,10.46,2.0,Female,Cash,Food & Beverage,Viaport Outlet,23/01/2021
C115140,28.0,162.64,4.0,Male,Credit Card,Cosmetics,Istinye Park,14/02/2022
C115146,18.0,1200.32,4.0,Male,Debit Card,Clothing,Cevahir AVM,14/04/2022
C115147,68.0,203.3,5.0,Male,Cash,Cosmetics,Metropol AVM,12/12/2021
C115148,37.0,26.15,5.0,Male,Cash,Food & Beverage,Metropol AVM,23/08/2021
C115156,34.0,40.66,1.0,Female,Cash,Cosmetics,Metropol AVM,24/03/2021
C115159,45.0,11.73,1.0,Female,Cash,Souvenir,Metropol AVM,3/11/2021
C115160,25.0,40.66,1.0,Male,Credit Card,Cosmetics,Mall of Istanbul,30/01/2021
C115163,28.0,15.15,1.0,Female,Credit Card,Books,Forum Istanbul,12/4/2022
C115172,24.0,2400.68,4.0,Female,Credit Card,Shoes,Metropol AVM,15/07/2022
C115173,69.0,300.08,1.0,Male,Debit Card,Clothing,Metropol AVM,20/08/2022
C115176,69.0,5250.0,5.0,Female,Credit Card,Technology,Mall of Istanbul,15/01/2023
C115183,24.0,15.69,3.0,Female,Cash,Food & Beverage,Metrocity,6/2/2022
C115185,36.0,71.68,2.0,Female,Credit Card,Toys,Mall of Istanbul,3/8/2022
C115186,66.0,1500.4,5.0,Male,Debit Card,Clothing,Mall of Istanbul,8/12/2022
C115189,56.0,1500.4,5.0,Female,Debit Card,Clothing,Forum Istanbul,23/09/2022
C115191,34.0,1200.32,4.0,Female,Cash,Clothing,Istinye Park,28/05/2022
C115193,57.0,179.2,5.0,Male,Cash,Toys,Mall of Istanbul,18/02/2023
C115194,54.0,600.17,1.0,Male,Cash,Shoes,Kanyon,13/12/2022
C115195,58.0,121.98,3.0,Female,Cash,Cosmetics,Forum Istanbul,29/10/2021
C115196,34.0,10.46,2.0,Female,Debit Card,Food & Beverage,Istinye Park,25/11/2021
C115198,66.0,5.23,1.0,Female,Credit Card,Food & Beverage,Istinye Park,2/4/2021
C115203,37.0,121.98,3.0,Female,Cash,Cosmetics,Viaport Outlet,4/10/2021
C115210,47.0,58.65,5.0,Female,Cash,Souvenir,Istinye Park,8/3/2022
C115214,39.0,4200.0,4.0,Male,Credit Card,Technology,Mall of Istanbul,3/6/2021
C115216,21.0,1200.34,2.0,Female,Cash,Shoes,Metrocity,4/6/2022
C115217,26.0,1500.4,5.0,Male,Debit Card,Clothing,Metrocity,28/02/2021
C115218,36.0,203.3,5.0,Male,Credit Card,Cosmetics,Zorlu Center,13/01/2021
C115227,41.0,162.64,4.0,Female,Credit Card,Cosmetics,Metrocity,6/12/2021
C115229,58.0,23.46,2.0,Female,Cash,Souvenir,Mall of Istanbul,27/01/2023
C115230,25.0,35.84,1.0,Female,Debit Card,Toys,Mall of Istanbul,28/02/2021
C115231,43.0,300.08,1.0,Male,Cash,Clothing,Emaar Square Mall,7/6/2021
C115232,61.0,4200.0,4.0,Female,Debit Card,Technology,Cevahir AVM,14/02/2022
C115238,44.0,900.24,3.0,Male,Credit Card,Clothing,Mall of Istanbul,20/10/2022
C115239,63.0,600.17,1.0,Male,Cash,Shoes,Metrocity,1/5/2021
C115240,61.0,46.92,4.0,Male,Cash,Souvenir,Kanyon,25/06/2021
C115241,27.0,600.17,1.0,Female,Debit Card,Shoes,Metropol AVM,22/03/2021
C115243,36.0,600.17,1.0,Female,Debit Card,Shoes,Zorlu Center,24/07/2021
C115246,32.0,300.08,1.0,Female,Cash,Clothing,Viaport Outlet,12/10/2021
C115250,37.0,26.15,5.0,Female,Credit Card,Food & Beverage,Cevahir AVM,21/12/2022
C115261,43.0,26.15,5.0,Male,Credit Card,Food & Beverage,Mall of Istanbul,13/09/2022
C115262,48.0,15.69,3.0,Female,Cash,Food & Beverage,Istinye Park,10/8/2021
C115269,46.0,300.08,1.0,Female,Credit Card,Clothing,Metrocity,5/4/2022
C115270,45.0,300.08,1.0,Female,Debit Card,Clothing,Viaport Outlet,21/02/2021
C115273,48.0,35.19,3.0,Female,Credit Card,Souvenir,Viaport Outlet,29/04/2021
C115275,53.0,20.92,4.0,Male,Credit Card,Food & Beverage,Metrocity,12/4/2022
C115279,22.0,40.66,1.0,Male,Cash,Cosmetics,Mall of Istanbul,3/12/2021
C115287,58.0,5.23,1.0,Female,Credit Card,Food & Beverage,Zorlu Center,25/09/2022
C115289,44.0,300.08,1.0,Female,Debit Card,Clothing,Metrocity,11/2/2021
C115295,44.0,40.66,1.0,Female,Cash,Cosmetics,Forum Istanbul,15/02/2021
C115296,21.0,2400.68,4.0,Male,Cash,Shoes,Mall of Istanbul,28/02/2021
C115297,65.0,26.15,5.0,Female,Credit Card,Food & Beverage,Kanyon,28/01/2021
C115298,57.0,1200.32,4.0,Female,Credit Card,Clothing,Mall of Istanbul,26/10/2021
C115299,47.0,75.75,5.0,Female,Cash,Books,Emaar Square Mall,4/4/2022
C115302,18.0,15.69,3.0,Male,Cash,Food & Beverage,Zorlu Center,2/6/2022
C115305,29.0,203.3,5.0,Female,Debit Card,Cosmetics,Mall of Istanbul,6/5/2022
C115316,39.0,35.19,3.0,Male,Credit Card,Souvenir,Metrocity,1/9/2022
C115317,67.0,1200.34,2.0,Male,Cash,Shoes,Metrocity,2/10/2022
C115318,43.0,1800.51,3.0,Male,Cash,Shoes,Zorlu Center,5/7/2022
C115320,24.0,1050.0,1.0,Female,Credit Card,Technology,Forum Istanbul,3/4/2022
C115321,57.0,203.3,5.0,Male,Cash,Cosmetics,Cevahir AVM,12/12/2022
C115324,29.0,1800.51,3.0,Female,Cash,Shoes,Istinye Park,2/2/2022
C115326,25.0,75.75,5.0,Male,Cash,Books,Metrocity,11/2/2021
C115329,35.0,26.15,5.0,Male,Credit Card,Food & Beverage,Kanyon,2/3/2023
C115330,50.0,1500.4,5.0,Female,Cash,Clothing,Metrocity,6/3/2022
C115331,62.0,23.46,2.0,Female,Debit Card,Souvenir,Metrocity,10/1/2023
C115333,22.0,15.69,3.0,Male,Credit Card,Food & Beverage,Zorlu Center,28/12/2021
C115339,46.0,1500.4,5.0,Female,Cash,Clothing,Metrocity,4/10/2021
C115343,48.0,81.32,2.0,Female,Debit Card,Cosmetics,Metrocity,19/09/2022
C115349,34.0,300.08,1.0,Female,Credit Card,Clothing,Metrocity,11/4/2022
C115353,59.0,1500.4,5.0,Male,Cash,Clothing,Cevahir AVM,28/09/2022
C115355,64.0,5.23,1.0,Female,Cash,Food & Beverage,Istinye Park,14/06/2021
C115359,67.0,900.24,3.0,Female,Debit Card,Clothing,Zorlu Center,2/12/2021
C115362,28.0,5250.0,5.0,Male,Cash,Technology,Metropol AVM,16/07/2021
C115367,61.0,26.15,5.0,Female,Cash,Food & Beverage,Istinye Park,2/12/2022
C115370,50.0,20.92,4.0,Female,Cash,Food & Beverage,Mall of Istanbul,24/06/2021
C115378,23.0,203.3,5.0,Male,Cash,Cosmetics,Istinye Park,7/12/2021
C115389,48.0,900.24,3.0,Male,Cash,Clothing,Cevahir AVM,14/01/2023
C115394,38.0,35.84,1.0,Female,Debit Card,Toys,Mall of Istanbul,3/10/2022
C115399,56.0,10.46,2.0,Male,Credit Card,Food & Beverage,Emaar Square Mall,1/4/2022
C115402,60.0,1050.0,1.0,Female,Debit Card,Technology,Metropol AVM,26/11/2022
C115405,34.0,1500.4,5.0,Female,Debit Card,Clothing,Mall of Istanbul,27/10/2022
C115406,68.0,1500.4,5.0,Male,Cash,Clothing,Kanyon,14/07/2022
C115408,45.0,900.24,3.0,Female,Credit Card,Clothing,Mall of Istanbul,24/08/2022
C115418,38.0,600.17,1.0,Male,Credit Card,Shoes,Kanyon,21/03/2021
C115419,69.0,900.24,3.0,Female,Cash,Clothing,Kanyon,30/07/2021
C115422,64.0,71.68,2.0,Female,Cash,Toys,Cevahir AVM,21/10/2022
C115425,43.0,26.15,5.0,Female,Credit Card,Food & Beverage,Emaar Square Mall,11/1/2022
C115431,30.0,20.92,4.0,Male,Cash,Food & Beverage,Mall of Istanbul,19/11/2022
C115432,58.0,60.6,4.0,Female,Cash,Books,Metrocity,21/02/2021
C115435,18.0,5250.0,5.0,Female,Cash,Technology,Istinye Park,5/10/2022
C115437,22.0,162.64,4.0,Female,Debit Card,Cosmetics,Metrocity,8/1/2022
C115442,27.0,40.66,1.0,Female,Credit Card,Cosmetics,Mall of Istanbul,1/2/2023
C115443,66.0,1500.4,5.0,Male,Debit Card,Clothing,Kanyon,28/10/2021
C115445,23.0,143.36,4.0,Female,Cash,Toys,Metrocity,14/02/2023
C115447,22.0,1200.32,4.0,Female,Cash,Clothing,Viaport Outlet,11/2/2022
C115451,24.0,300.08,1.0,Female,Debit Card,Clothing,Istinye Park,28/05/2022
C115452,37.0,60.6,4.0,Female,Credit Card,Books,Mall of Istanbul,23/12/2021
C115453,29.0,2400.68,4.0,Male,Credit Card,Shoes,Metropol AVM,4/11/2022
C115454,24.0,30.3,2.0,Female,Credit Card,Books,Kanyon,18/12/2021
C115459,45.0,11.73,1.0,Female,Debit Card,Souvenir,Zorlu Center,19/10/2021
C115462,55.0,1200.32,4.0,Female,Cash,Clothing,Zorlu Center,20/04/2022
C115472,60.0,26.15,5.0,Female,Debit Card,Food & Beverage,Zorlu Center,24/08/2021
C115473,44.0,300.08,1.0,Male,Debit Card,Clothing,Mall of Istanbul,25/03/2021
C115480,23.0,107.52,3.0,Male,Debit Card,Toys,Cevahir AVM,26/08/2021
C115487,48.0,1200.32,4.0,Female,Cash,Clothing,Metropol AVM,28/09/2022
C115490,56.0,35.19,3.0,Male,Cash,Souvenir,Kanyon,27/02/2022
C115494,69.0,600.16,2.0,Male,Debit Card,Clothing,Kanyon,21/03/2021
C115495,69.0,300.08,1.0,Male,Credit Card,Clothing,Metrocity,11/4/2022
C115499,33.0,900.24,3.0,Male,Credit Card,Clothing,Zorlu Center,26/01/2021
C115505,18.0,75.75,5.0,Female,Cash,Books,Mall of Istanbul,7/6/2022
C115514,28.0,20.92,4.0,Female,Credit Card,Food & Beverage,Metrocity,20/05/2022
C115515,41.0,20.92,4.0,Female,Cash,Food & Beverage,Kanyon,26/04/2021
C115523,21.0,10.46,2.0,Female,Cash,Food & Beverage,Zorlu Center,2/6/2022
C115526,32.0,300.08,1.0,Female,Debit Card,Clothing,Kanyon,7/6/2021
C115527,43.0,71.68,2.0,Female,Credit Card,Toys,Cevahir AVM,3/11/2021
C115533,61.0,20.92,4.0,Female,Cash,Food & Beverage,Kanyon,14/06/2021
C115535,68.0,1500.4,5.0,Female,Debit Card,Clothing,Kanyon,4/10/2021
C115536,25.0,35.84,1.0,Female,Credit Card,Toys,Istinye Park,10/6/2022
C115537,65.0,15.69,3.0,Male,Credit Card,Food & Beverage,Kanyon,4/6/2021
C115543,18.0,203.3,5.0,Female,Cash,Cosmetics,Emaar Square Mall,4/7/2022
C115544,38.0,600.17,1.0,Female,Cash,Shoes,Metropol AVM,18/11/2022
C115545,51.0,35.84,1.0,Male,Cash,Toys,Istinye Park,23/05/2021
C115552,23.0,71.68,2.0,Female,Credit Card,Toys,Istinye Park,31/07/2022
C115556,31.0,2100.0,2.0,Male,Cash,Technology,Istinye Park,19/04/2021
C115557,21.0,15.69,3.0,Female,Cash,Food & Beverage,Mall of Istanbul,16/02/2021
C115559,36.0,81.32,2.0,Female,Cash,Cosmetics,Kanyon,10/6/2022
C115565,29.0,81.32,2.0,Female,Debit Card,Cosmetics,Forum Istanbul,24/09/2021
C115574,65.0,23.46,2.0,Female,Debit Card,Souvenir,Metropol AVM,23/11/2022
C115575,55.0,26.15,5.0,Male,Cash,Food & Beverage,Cevahir AVM,12/3/2022
C115582,51.0,60.6,4.0,Female,Debit Card,Books,Istinye Park,21/01/2022
C115587,36.0,121.98,3.0,Female,Cash,Cosmetics,Metrocity,12/4/2022
C115590,65.0,600.16,2.0,Female,Debit Card,Clothing,Metropol AVM,9/1/2023
C115591,61.0,5.23,1.0,Male,Cash,Food & Beverage,Mall of Istanbul,14/12/2021
C115595,27.0,1200.32,4.0,Female,Debit Card,Clothing,Metrocity,14/02/2022
C115605,22.0,30.3,2.0,Male,Cash,Books,Metropol AVM,27/10/2021
C115615,41.0,300.08,1.0,Female,Debit Card,Clothing,Mall of Istanbul,12/5/2021
C115616,51.0,20.92,4.0,Male,Cash,Food & Beverage,Istinye Park,10/7/2022
C115618,30.0,162.64,4.0,Female,Credit Card,Cosmetics,Metropol AVM,21/04/2022
C115620,50.0,60.6,4.0,Male,Cash,Books,Metropol AVM,26/12/2022
C115622,31.0,300.08,1.0,Female,Debit Card,Clothing,Forum Istanbul,1/7/2022
C115627,57.0,300.08,1.0,Female,Credit Card,Clothing,Kanyon,22/01/2022
C115629,37.0,15.69,3.0,Female,Debit Card,Food & Beverage,Metrocity,24/02/2021
C115630,33.0,15.69,3.0,Female,Cash,Food & Beverage,Kanyon,30/03/2022
C115633,19.0,179.2,5.0,Female,Cash,Toys,Kanyon,16/11/2022
C115637,53.0,900.24,3.0,Female,Cash,Clothing,Kanyon,4/5/2022
C115638,35.0,3000.85,5.0,Male,Credit Card,Shoes,Kanyon,3/8/2022
C115640,67.0,45.45,3.0,Female,Cash,Books,Kanyon,25/01/2021
C115641,33.0,30.3,2.0,Male,Cash,Books,Kanyon,3/9/2022
C115646,18.0,179.2,5.0,Male,Credit Card,Toys,Forum Istanbul,24/10/2021
C115660,69.0,179.2,5.0,Female,Cash,Toys,Metrocity,29/06/2022
C115665,42.0,5.23,1.0,Male,Credit Card,Food & Beverage,Metrocity,29/06/2022
C115666,67.0,900.24,3.0,Male,Debit Card,Clothing,Metrocity,21/02/2023
C115668,21.0,1200.32,4.0,Male,Debit Card,Clothing,Metrocity,1/8/2021
C115678,48.0,600.16,2.0,Male,Cash,Clothing,Emaar Square Mall,18/07/2022
C115680,54.0,1800.51,3.0,Male,Cash,Shoes,Metrocity,18/11/2021
C115693,23.0,35.84,1.0,Male,Cash,Toys,Metrocity,4/4/2022
C115699,57.0,10.46,2.0,Female,Credit Card,Food & Beverage,Metrocity,6/3/2023
C115702,56.0,10.46,2.0,Female,Cash,Food & Beverage,Cevahir AVM,23/09/2021
C115704,55.0,1200.32,4.0,Female,Credit Card,Clothing,Viaport Outlet,25/01/2023
C115706,48.0,2100.0,2.0,Male,Credit Card,Technology,Metrocity,9/7/2021
C115707,57.0,40.66,1.0,Male,Cash,Cosmetics,Mall of Istanbul,20/04/2021
C115708,48.0,11.73,1.0,Male,Cash,Souvenir,Metropol AVM,16/02/2022
C115712,53.0,81.32,2.0,Female,Credit Card,Cosmetics,Metrocity,7/4/2021
C115729,50.0,162.64,4.0,Female,Cash,Cosmetics,Viaport Outlet,15/07/2021
C115735,44.0,300.08,1.0,Female,Debit Card,Clothing,Metrocity,9/4/2022
C115736,30.0,15.69,3.0,Male,Credit Card,Food & Beverage,Kanyon,2/2/2022
C115740,19.0,20.92,4.0,Female,Credit Card,Food & Beverage,Forum Istanbul,23/09/2021
C115741,48.0,1800.51,3.0,Female,Credit Card,Shoes,Viaport Outlet,22/04/2022
C115742,20.0,600.16,2.0,Female,Cash,Clothing,Metrocity,9/5/2021
C115743,62.0,121.98,3.0,Male,Cash,Cosmetics,Kanyon,15/10/2021
C115744,22.0,1500.4,5.0,Male,Credit Card,Clothing,Kanyon,12/4/2022
C115747,36.0,81.32,2.0,Male,Cash,Cosmetics,Metropol AVM,24/07/2022
C115748,26.0,1500.4,5.0,Male,Debit Card,Clothing,Kanyon,17/05/2022
C115750,37.0,300.08,1.0,Female,Cash,Clothing,Emaar Square Mall,25/10/2022
C115755,47.0,15.69,3.0,Female,Credit Card,Food & Beverage,Metrocity,3/4/2022
C115757,51.0,5.23,1.0,Male,Credit Card,Food & Beverage,Mall of Istanbul,6/3/2023
C115765,18.0,1050.0,1.0,Male,Cash,Technology,Zorlu Center,11/3/2022
C115769,24.0,40.66,1.0,Female,Cash,Cosmetics,Metrocity,14/03/2022
C115770,64.0,300.08,1.0,Female,Debit Card,Clothing,Mall of Istanbul,27/08/2022
C115771,68.0,162.64,4.0,Male,Credit Card,Cosmetics,Istinye Park,6/8/2021
C115776,53.0,45.45,3.0,Female,Cash,Books,Metrocity,23/10/2021
C115777,58.0,600.16,2.0,Female,Debit Card,Clothing,Istinye Park,20/09/2022
C115785,69.0,35.19,3.0,Female,Cash,Souvenir,Viaport Outlet,13/10/2022
C115788,32.0,58.65,5.0,Male,Credit Card,Souvenir,Istinye Park,30/07/2021
C115792,69.0,35.84,1.0,Female,Credit Card,Toys,Metrocity,19/12/2022
C115794,28.0,179.2,5.0,Female,Cash,Toys,Metropol AVM,25/12/2022
C115800,51.0,15.69,3.0,Male,Cash,Food & Beverage,Kanyon,30/10/2021
C115802,23.0,1200.32,4.0,Male,Cash,Clothing,Metrocity,7/10/2021
C115806,29.0,1500.4,5.0,Female,Credit Card,Clothing,Kanyon,16/06/2022
C115807,28.0,26.15,5.0,Female,Cash,Food & Beverage,Mall of Istanbul,8/5/2021
C115811,58.0,81.32,2.0,Male,Cash,Cosmetics,Istinye Park,22/02/2023
C115813,41.0,203.3,5.0,Female,Cash,Cosmetics,Metropol AVM,22/03/2022
C115814,24.0,203.3,5.0,Male,Cash,Cosmetics,Emaar Square Mall,14/05/2021
C115818,52.0,20.92,4.0,Male,Debit Card,Food & Beverage,Kanyon,12/7/2022
C115819,20.0,3000.85,5.0,Male,Credit Card,Shoes,Mall of Istanbul,4/2/2021
C115826,46.0,40.66,1.0,Female,Credit Card,Cosmetics,Emaar Square Mall,9/7/2021
C115838,29.0,900.24,3.0,Male,Cash,Clothing,Cevahir AVM,12/10/2021
C115845,45.0,300.08,1.0,Female,Credit Card,Clothing,Metrocity,11/3/2021
C115848,59.0,20.92,4.0,Male,Cash,Food & Beverage,Kanyon,23/05/2021
C115858,52.0,179.2,5.0,Male,Credit Card,Toys,Metrocity,29/04/2021
C115859,35.0,900.24,3.0,Male,Cash,Clothing,Kanyon,15/12/2022
C115862,18.0,58.65,5.0,Male,Debit Card,Souvenir,Zorlu Center,15/03/2021
C115863,55.0,1200.32,4.0,Male,Debit Card,Clothing,Viaport Outlet,27/11/2022
C115864,30.0,81.32,2.0,Female,Debit Card,Cosmetics,Istinye Park,11/11/2021
C115869,26.0,900.24,3.0,Male,Debit Card,Clothing,Mall of Istanbul,13/06/2022
C115874,62.0,203.3,5.0,Male,Credit Card,Cosmetics,Metrocity,6/12/2021
C115880,59.0,2400.68,4.0,Female,Credit Card,Shoes,Istinye Park,2/2/2022
C115882,57.0,1200.32,4.0,Female,Cash,Clothing,Mall of Istanbul,23/01/2022
C115884,67.0,600.16,2.0,Female,Cash,Clothing,Kanyon,31/12/2022
C115891,18.0,600.16,2.0,Male,Credit Card,Clothing,Metropol AVM,7/2/2022
C115893,40.0,1200.32,4.0,Male,Cash,Clothing,Mall of Istanbul,14/06/2022
C115894,67.0,35.84,1.0,Female,Cash,Toys,Mall of Istanbul,10/11/2021
C115898,26.0,1200.34,2.0,Male,Cash,Shoes,Emaar Square Mall,12/2/2023
C115905,22.0,143.36,4.0,Male,Debit Card,Toys,Mall of Istanbul,13/08/2021
C115908,33.0,4200.0,4.0,Female,Credit Card,Technology,Forum Istanbul,16/06/2022
C115912,44.0,600.16,2.0,Female,Cash,Clothing,Kanyon,31/01/2023
C115913,39.0,1200.34,2.0,Female,Credit Card,Shoes,Kanyon,16/03/2021
C115914,63.0,3000.85,5.0,Female,Cash,Shoes,Metrocity,1/8/2021
C115915,29.0,600.16,2.0,Male,Credit Card,Clothing,Forum Istanbul,11/4/2022
C115918,67.0,81.32,2.0,Male,Credit Card,Cosmetics,Mall of Istanbul,8/2/2023
C115923,50.0,900.24,3.0,Female,Debit Card,Clothing,Viaport Outlet,31/10/2021
C115929,26.0,1200.34,2.0,Male,Credit Card,Shoes,Metrocity,1/8/2021
C115932,35.0,203.3,5.0,Male,Cash,Cosmetics,Mall of Istanbul,24/07/2022
C115944,62.0,121.98,3.0,Female,Credit Card,Cosmetics,Viaport Outlet,17/12/2022
C115948,56.0,35.19,3.0,Male,Cash,Souvenir,Kanyon,25/04/2022
C115950,68.0,1200.34,2.0,Male,Credit Card,Shoes,Mall of Istanbul,19/03/2022
C115951,33.0,600.16,2.0,Male,Credit Card,Clothing,Istinye Park,26/02/2021
C115952,66.0,179.2,5.0,Female,Cash,Toys,Metrocity,6/12/2021
C115956,43.0,1500.4,5.0,Male,Credit Card,Clothing,Cevahir AVM,30/01/2022
C115959,47.0,23.46,2.0,Female,Debit Card,Souvenir,Emaar Square Mall,24/05/2022
C115960,38.0,162.64,4.0,Female,Credit Card,Cosmetics,Istinye Park,21/01/2023
C115961,66.0,300.08,1.0,Male,Cash,Clothing,Metrocity,1/6/2022
C115962,65.0,1500.4,5.0,Male,Cash,Clothing,Mall of Istanbul,15/04/2022
C115965,64.0,600.17,1.0,Male,Cash,Shoes,Metropol AVM,13/02/2021
C115968,37.0,75.75,5.0,Female,Credit Card,Books,Metrocity,25/10/2021
C115975,38.0,26.15,5.0,Female,Cash,Food & Beverage,Mall of Istanbul,5/10/2021
C115978,34.0,5.23,1.0,Female,Credit Card,Food & Beverage,Kanyon,4/5/2021
C115979,50.0,26.15,5.0,Female,Debit Card,Food & Beverage,Istinye Park,23/08/2022
C115982,39.0,300.08,1.0,Female,Debit Card,Clothing,Mall of Istanbul,10/1/2021
C115984,41.0,2400.68,4.0,Female,Credit Card,Shoes,Zorlu Center,19/09/2022
C115986,44.0,162.64,4.0,Male,Cash,Cosmetics,Mall of Istanbul,10/1/2023
C115993,44.0,600.16,2.0,Female,Debit Card,Clothing,Kanyon,10/9/2021
C115995,23.0,3150.0,3.0,Male,Credit Card,Technology,Mall of Istanbul,31/01/2022
C115996,48.0,600.17,1.0,Female,Credit Card,Shoes,Mall of Istanbul,26/12/2022
C115997,37.0,1500.4,5.0,Female,Cash,Clothing,Cevahir AVM,11/5/2022
C115999,32.0,20.92,4.0,Female,Cash,Food & Beverage,Istinye Park,25/05/2022
C116000,41.0,600.17,1.0,Female,Cash,Shoes,Istinye Park,5/9/2022
C116003,53.0,3000.85,5.0,Female,Credit Card,Shoes,Zorlu Center,12/12/2022
C116005,65.0,1200.32,4.0,Female,Debit Card,Clothing,Mall of Istanbul,3/1/2023
C116008,19.0,1500.4,5.0,Male,Credit Card,Clothing,Kanyon,9/1/2021
C116011,65.0,26.15,5.0,Female,Cash,Food & Beverage,Forum Istanbul,29/12/2021
C116013,22.0,900.24,3.0,Female,Cash,Clothing,Mall of Istanbul,8/2/2023
C116014,69.0,35.84,1.0,Female,Debit Card,Toys,Forum Istanbul,27/03/2021
C116015,54.0,30.3,2.0,Female,Cash,Books,Zorlu Center,16/01/2023
C116019,48.0,600.16,2.0,Female,Credit Card,Clothing,Metropol AVM,25/05/2022
C116020,44.0,300.08,1.0,Male,Cash,Clothing,Metrocity,19/11/2022
C116021,40.0,81.32,2.0,Female,Cash,Cosmetics,Kanyon,22/09/2022
C116022,45.0,1500.4,5.0,Female,Credit Card,Clothing,Mall of Istanbul,31/05/2021
C116024,34.0,107.52,3.0,Female,Debit Card,Toys,Viaport Outlet,4/8/2022
C116029,59.0,1200.32,4.0,Male,Credit Card,Clothing,Istinye Park,7/2/2023
C116035,40.0,60.6,4.0,Male,Cash,Books,Mall of Istanbul,28/12/2022
C116038,50.0,203.3,5.0,Male,Credit Card,Cosmetics,Metrocity,26/07/2022
C116041,60.0,600.16,2.0,Female,Cash,Clothing,Viaport Outlet,19/02/2023
C116043,32.0,300.08,1.0,Female,Credit Card,Clothing,Forum Istanbul,29/12/2021
C116049,53.0,1500.4,5.0,Female,Credit Card,Clothing,Mall of Istanbul,24/04/2021
C116050,25.0,40.66,1.0,Female,Cash,Cosmetics,Kanyon,18/07/2021
C116055,43.0,15.69,3.0,Female,Debit Card,Food & Beverage,Mall of Istanbul,25/07/2022
C116059,25.0,1200.32,4.0,Male,Cash,Clothing,Metrocity,2/6/2022
C116062,25.0,600.16,2.0,Male,Credit Card,Clothing,Kanyon,14/09/2021
C116083,43.0,2400.68,4.0,Male,Credit Card,Shoes,Metrocity,22/08/2022
C116084,57.0,5.23,1.0,Female,Cash,Food & Beverage,Istinye Park,31/07/2022
C116090,62.0,143.36,4.0,Male,Debit Card,Toys,Istinye Park,6/9/2021
C116092,21.0,81.32,2.0,Female,Credit Card,Cosmetics,Mall of Istanbul,3/10/2022
C116094,66.0,600.16,2.0,Female,Cash,Clothing,Mall of Istanbul,13/01/2021
C116095,64.0,1500.4,5.0,Male,Credit Card,Clothing,Metropol AVM,21/03/2022
C116096,20.0,26.15,5.0,Female,Credit Card,Food & Beverage,Metrocity,30/05/2022
C116102,51.0,5.23,1.0,Male,Cash,Food & Beverage,Mall of Istanbul,4/2/2022
C116103,46.0,600.16,2.0,Female,Cash,Clothing,Metrocity,11/6/2022
C116105,50.0,600.16,2.0,Female,Credit Card,Clothing,Cevahir AVM,14/11/2021
C116107,19.0,1200.32,4.0,Female,Cash,Clothing,Kanyon,22/08/2022
C116112,19.0,5.23,1.0,Female,Cash,Food & Beverage,Metrocity,15/08/2021
C116114,29.0,5.23,1.0,Male,Credit Card,Food & Beverage,Forum Istanbul,11/11/2022
C116122,38.0,203.3,5.0,Female,Cash,Cosmetics,Mall of Istanbul,9/10/2021
C116129,38.0,20.92,4.0,Male,Debit Card,Food & Beverage,Metropol AVM,13/11/2022
C116130,31.0,1200.34,2.0,Female,Credit Card,Shoes,Istinye Park,12/2/2022
C116132,58.0,20.92,4.0,Female,Credit Card,Food & Beverage,Mall of Istanbul,20/06/2022
C116134,18.0,20.92,4.0,Male,Credit Card,Food & Beverage,Mall of Istanbul,30/07/2022
C116137,31.0,26.15,5.0,Female,Credit Card,Food & Beverage,Emaar Square Mall,26/10/2022
C116138,40.0,10.46,2.0,Female,Cash,Food & Beverage,Metropol AVM,1/11/2022
C116140,66.0,30.3,2.0,Female,Credit Card,Books,Forum Istanbul,27/01/2021
C116141,57.0,1200.34,2.0,Male,Cash,Shoes,Metrocity,7/7/2021
C116156,20.0,143.36,4.0,Female,Cash,Toys,Metrocity,17/07/2021
